2023-11-10 09:21:19.179 INFO  [restartedMain] [c.b.back_bipatv.BackBipaTvApplication] - Starting BackBipaTvApplication using Java 11.0.19 on DESKTOP-D6RL7LJ with PID 9740 (C:\Users\HE-Jeon\Desktop\Bit\teamProject\api\out\production\classes started by HE-Jeon in C:\Users\HE-Jeon\Desktop\Bit\teamProject\api)
2023-11-10 09:21:19.188 INFO  [restartedMain] [c.b.back_bipatv.BackBipaTvApplication] - No active profile set, falling back to 1 default profile: "default"
2023-11-10 09:21:19.198 INFO  [background-preinit] [o.h.validator.internal.util.Version] - HV000001: Hibernate Validator 6.2.5.Final
2023-11-10 09:21:19.346 INFO  [restartedMain] [o.s.b.d.e.DevToolsPropertyDefaultsPostProcessor] - Devtools property defaults active! Set 'spring.devtools.add-properties' to 'false' to disable
2023-11-10 09:21:19.346 INFO  [restartedMain] [o.s.b.d.e.DevToolsPropertyDefaultsPostProcessor] - For additional web related logging consider setting the 'logging.level.web' property to 'DEBUG'
2023-11-10 09:21:30.464 WARN  [restartedMain] [com.amazonaws.util.EC2MetadataUtils] - Unable to retrieve the requested metadata (/latest/meta-data/instance-id). Failed to connect to service endpoint: 
com.amazonaws.SdkClientException: Failed to connect to service endpoint: 
	at com.amazonaws.internal.EC2ResourceFetcher.doReadResource(EC2ResourceFetcher.java:112)
	at com.amazonaws.internal.EC2ResourceFetcher.doReadResource(EC2ResourceFetcher.java:70)
	at com.amazonaws.internal.InstanceMetadataServiceResourceFetcher.readResource(InstanceMetadataServiceResourceFetcher.java:75)
	at com.amazonaws.internal.EC2ResourceFetcher.readResource(EC2ResourceFetcher.java:66)
	at com.amazonaws.util.EC2MetadataUtils.getItems(EC2MetadataUtils.java:407)
	at com.amazonaws.util.EC2MetadataUtils.getData(EC2MetadataUtils.java:376)
	at org.springframework.cloud.aws.context.support.env.AwsCloudEnvironmentCheckUtils.isRunningOnCloudEnvironment(AwsCloudEnvironmentCheckUtils.java:38)
	at org.springframework.cloud.aws.context.annotation.OnAwsCloudEnvironmentCondition.matches(OnAwsCloudEnvironmentCondition.java:37)
	at org.springframework.context.annotation.ConditionEvaluator.shouldSkip(ConditionEvaluator.java:108)
	at org.springframework.context.annotation.ConfigurationClassParser.processConfigurationClass(ConfigurationClassParser.java:225)
	at org.springframework.context.annotation.ConfigurationClassParser.processImports(ConfigurationClassParser.java:599)
	at org.springframework.context.annotation.ConfigurationClassParser.access$800(ConfigurationClassParser.java:110)
	at org.springframework.context.annotation.ConfigurationClassParser$DeferredImportSelectorGroupingHandler.lambda$processGroupImports$1(ConfigurationClassParser.java:812)
	at java.base/java.util.ArrayList.forEach(ArrayList.java:1541)
	at org.springframework.context.annotation.ConfigurationClassParser$DeferredImportSelectorGroupingHandler.processGroupImports(ConfigurationClassParser.java:809)
	at org.springframework.context.annotation.ConfigurationClassParser$DeferredImportSelectorHandler.process(ConfigurationClassParser.java:780)
	at org.springframework.context.annotation.ConfigurationClassParser.parse(ConfigurationClassParser.java:192)
	at org.springframework.context.annotation.ConfigurationClassPostProcessor.processConfigBeanDefinitions(ConfigurationClassPostProcessor.java:331)
	at org.springframework.context.annotation.ConfigurationClassPostProcessor.postProcessBeanDefinitionRegistry(ConfigurationClassPostProcessor.java:247)
	at org.springframework.context.support.PostProcessorRegistrationDelegate.invokeBeanDefinitionRegistryPostProcessors(PostProcessorRegistrationDelegate.java:311)
	at org.springframework.context.support.PostProcessorRegistrationDelegate.invokeBeanFactoryPostProcessors(PostProcessorRegistrationDelegate.java:112)
	at org.springframework.context.support.AbstractApplicationContext.invokeBeanFactoryPostProcessors(AbstractApplicationContext.java:748)
	at org.springframework.context.support.AbstractApplicationContext.refresh(AbstractApplicationContext.java:564)
	at org.springframework.boot.web.servlet.context.ServletWebServerApplicationContext.refresh(ServletWebServerApplicationContext.java:147)
	at org.springframework.boot.SpringApplication.refresh(SpringApplication.java:731)
	at org.springframework.boot.SpringApplication.refreshContext(SpringApplication.java:408)
	at org.springframework.boot.SpringApplication.run(SpringApplication.java:307)
	at org.springframework.boot.SpringApplication.run(SpringApplication.java:1303)
	at org.springframework.boot.SpringApplication.run(SpringApplication.java:1292)
	at com.bipa4.back_bipatv.BackBipaTvApplication.main(BackBipaTvApplication.java:16)
	at java.base/jdk.internal.reflect.NativeMethodAccessorImpl.invoke0(Native Method)
	at java.base/jdk.internal.reflect.NativeMethodAccessorImpl.invoke(NativeMethodAccessorImpl.java:62)
	at java.base/jdk.internal.reflect.DelegatingMethodAccessorImpl.invoke(DelegatingMethodAccessorImpl.java:43)
	at java.base/java.lang.reflect.Method.invoke(Method.java:566)
	at org.springframework.boot.devtools.restart.RestartLauncher.run(RestartLauncher.java:50)
Caused by: java.net.SocketTimeoutException: connect timed out
	at java.base/java.net.PlainSocketImpl.waitForConnect(Native Method)
	at java.base/java.net.PlainSocketImpl.socketConnect(PlainSocketImpl.java:107)
	at java.base/java.net.AbstractPlainSocketImpl.doConnect(AbstractPlainSocketImpl.java:412)
	at java.base/java.net.AbstractPlainSocketImpl.connectToAddress(AbstractPlainSocketImpl.java:255)
	at java.base/java.net.AbstractPlainSocketImpl.connect(AbstractPlainSocketImpl.java:237)
	at java.base/java.net.Socket.connect(Socket.java:609)
	at java.base/sun.net.NetworkClient.doConnect(NetworkClient.java:177)
	at java.base/sun.net.www.http.HttpClient.openServer(HttpClient.java:507)
	at java.base/sun.net.www.http.HttpClient.openServer(HttpClient.java:602)
	at java.base/sun.net.www.http.HttpClient.<init>(HttpClient.java:275)
	at java.base/sun.net.www.http.HttpClient.New(HttpClient.java:374)
	at java.base/sun.net.www.http.HttpClient.New(HttpClient.java:395)
	at java.base/sun.net.www.protocol.http.HttpURLConnection.getNewHttpClient(HttpURLConnection.java:1253)
	at java.base/sun.net.www.protocol.http.HttpURLConnection.plainConnect0(HttpURLConnection.java:1232)
	at java.base/sun.net.www.protocol.http.HttpURLConnection.plainConnect(HttpURLConnection.java:1081)
	at java.base/sun.net.www.protocol.http.HttpURLConnection.connect(HttpURLConnection.java:1015)
	at com.amazonaws.internal.ConnectionUtils.connectToEndpoint(ConnectionUtils.java:95)
	at com.amazonaws.internal.EC2ResourceFetcher.doReadResource(EC2ResourceFetcher.java:84)
	... 34 common frames omitted
2023-11-10 09:21:32.110 INFO  [restartedMain] [o.s.d.r.c.RepositoryConfigurationDelegate] - Multiple Spring Data modules found, entering strict repository configuration mode
2023-11-10 09:21:32.136 INFO  [restartedMain] [o.s.d.r.c.RepositoryConfigurationDelegate] - Bootstrapping Spring Data JPA repositories in DEFAULT mode.
2023-11-10 09:21:34.523 INFO  [restartedMain] [o.s.d.r.c.RepositoryConfigurationDelegate] - Finished Spring Data repository scanning in 2325 ms. Found 6 JPA repository interfaces.
2023-11-10 09:21:34.605 INFO  [restartedMain] [o.s.d.r.c.RepositoryConfigurationDelegate] - Multiple Spring Data modules found, entering strict repository configuration mode
2023-11-10 09:21:34.610 INFO  [restartedMain] [o.s.d.r.c.RepositoryConfigurationDelegate] - Bootstrapping Spring Data Redis repositories in DEFAULT mode.
2023-11-10 09:21:34.732 INFO  [restartedMain] [o.s.d.r.c.RepositoryConfigurationExtensionSupport] - Spring Data Redis - Could not safely identify store assignment for repository candidate interface com.bipa4.back_bipatv.repository.AccountRepository; If you want this repository to be a Redis repository, consider annotating your entities with one of these annotations: org.springframework.data.redis.core.RedisHash (preferred), or consider extending one of the following types with your repository: org.springframework.data.keyvalue.repository.KeyValueRepository
2023-11-10 09:21:34.734 INFO  [restartedMain] [o.s.d.r.c.RepositoryConfigurationExtensionSupport] - Spring Data Redis - Could not safely identify store assignment for repository candidate interface com.bipa4.back_bipatv.repository.ChannelRepository; If you want this repository to be a Redis repository, consider annotating your entities with one of these annotations: org.springframework.data.redis.core.RedisHash (preferred), or consider extending one of the following types with your repository: org.springframework.data.keyvalue.repository.KeyValueRepository
2023-11-10 09:21:34.736 INFO  [restartedMain] [o.s.d.r.c.RepositoryConfigurationExtensionSupport] - Spring Data Redis - Could not safely identify store assignment for repository candidate interface com.bipa4.back_bipatv.repository.CommentRepository; If you want this repository to be a Redis repository, consider annotating your entities with one of these annotations: org.springframework.data.redis.core.RedisHash (preferred), or consider extending one of the following types with your repository: org.springframework.data.keyvalue.repository.KeyValueRepository
2023-11-10 09:21:34.737 INFO  [restartedMain] [o.s.d.r.c.RepositoryConfigurationExtensionSupport] - Spring Data Redis - Could not safely identify store assignment for repository candidate interface com.bipa4.back_bipatv.repository.LogRepository; If you want this repository to be a Redis repository, consider annotating your entities with one of these annotations: org.springframework.data.redis.core.RedisHash (preferred), or consider extending one of the following types with your repository: org.springframework.data.keyvalue.repository.KeyValueRepository
2023-11-10 09:21:34.740 INFO  [restartedMain] [o.s.d.r.c.RepositoryConfigurationExtensionSupport] - Spring Data Redis - Could not safely identify store assignment for repository candidate interface com.bipa4.back_bipatv.repository.VideoChannelRepository; If you want this repository to be a Redis repository, consider annotating your entities with one of these annotations: org.springframework.data.redis.core.RedisHash (preferred), or consider extending one of the following types with your repository: org.springframework.data.keyvalue.repository.KeyValueRepository
2023-11-10 09:21:34.741 INFO  [restartedMain] [o.s.d.r.c.RepositoryConfigurationExtensionSupport] - Spring Data Redis - Could not safely identify store assignment for repository candidate interface com.bipa4.back_bipatv.repository.VideoRepository; If you want this repository to be a Redis repository, consider annotating your entities with one of these annotations: org.springframework.data.redis.core.RedisHash (preferred), or consider extending one of the following types with your repository: org.springframework.data.keyvalue.repository.KeyValueRepository
2023-11-10 09:21:34.742 INFO  [restartedMain] [o.s.d.r.c.RepositoryConfigurationDelegate] - Finished Spring Data repository scanning in 81 ms. Found 0 Redis repository interfaces.
2023-11-10 09:21:36.148 INFO  [restartedMain] [c.u.j.c.EnableEncryptablePropertiesBeanFactoryPostProcessor] - Post-processing PropertySource instances
2023-11-10 09:21:36.151 INFO  [restartedMain] [c.u.j.EncryptablePropertySourceConverter] - Skipping PropertySource configurationProperties [class org.springframework.boot.context.properties.source.ConfigurationPropertySourcesPropertySource
2023-11-10 09:21:36.155 INFO  [restartedMain] [c.u.j.EncryptablePropertySourceConverter] - Skipping PropertySource servletConfigInitParams [class org.springframework.core.env.PropertySource$StubPropertySource
2023-11-10 09:21:36.155 INFO  [restartedMain] [c.u.j.EncryptablePropertySourceConverter] - Skipping PropertySource servletContextInitParams [class org.springframework.core.env.PropertySource$StubPropertySource
2023-11-10 09:21:36.159 INFO  [restartedMain] [c.u.j.EncryptablePropertySourceConverter] - Converting PropertySource systemProperties [org.springframework.core.env.PropertiesPropertySource] to EncryptableMapPropertySourceWrapper
2023-11-10 09:21:36.161 INFO  [restartedMain] [c.u.j.EncryptablePropertySourceConverter] - Converting PropertySource systemEnvironment [org.springframework.boot.env.SystemEnvironmentPropertySourceEnvironmentPostProcessor$OriginAwareSystemEnvironmentPropertySource] to EncryptableSystemEnvironmentPropertySourceWrapper
2023-11-10 09:21:36.162 INFO  [restartedMain] [c.u.j.EncryptablePropertySourceConverter] - Converting PropertySource random [org.springframework.boot.env.RandomValuePropertySource] to EncryptablePropertySourceWrapper
2023-11-10 09:21:36.162 INFO  [restartedMain] [c.u.j.EncryptablePropertySourceConverter] - Converting PropertySource Config resource 'class path resource [application.yml]' via location 'optional:classpath:/' [org.springframework.boot.env.OriginTrackedMapPropertySource] to EncryptableMapPropertySourceWrapper
2023-11-10 09:21:36.162 INFO  [restartedMain] [c.u.j.EncryptablePropertySourceConverter] - Converting PropertySource devtools [org.springframework.core.env.MapPropertySource] to EncryptableMapPropertySourceWrapper
2023-11-10 09:21:37.758 INFO  [restartedMain] [c.u.j.filter.DefaultLazyPropertyFilter] - Property Filter custom Bean not found with name 'encryptablePropertyFilter'. Initializing Default Property Filter
2023-11-10 09:21:37.780 INFO  [restartedMain] [c.u.j.r.DefaultLazyPropertyResolver] - Property Resolver custom Bean not found with name 'encryptablePropertyResolver'. Initializing Default Property Resolver
2023-11-10 09:21:37.786 INFO  [restartedMain] [c.u.j.d.DefaultLazyPropertyDetector] - Property Detector custom Bean not found with name 'encryptablePropertyDetector'. Initializing Default Property Detector
2023-11-10 09:21:40.657 INFO  [restartedMain] [o.s.b.w.embedded.tomcat.TomcatWebServer] - Tomcat initialized with port(s): 8081 (http)
2023-11-10 09:21:40.689 INFO  [restartedMain] [o.apache.coyote.http11.Http11NioProtocol] - Initializing ProtocolHandler ["http-nio-127.0.0.1-8081"]
2023-11-10 09:21:40.695 INFO  [restartedMain] [org.apache.catalina.core.StandardService] - Starting service [Tomcat]
2023-11-10 09:21:40.695 INFO  [restartedMain] [org.apache.catalina.core.StandardEngine] - Starting Servlet engine: [Apache Tomcat/9.0.79]
2023-11-10 09:21:41.236 INFO  [restartedMain] [o.a.c.c.C.[Tomcat].[localhost].[/]] - Initializing Spring embedded WebApplicationContext
2023-11-10 09:21:41.236 INFO  [restartedMain] [o.s.b.w.s.c.ServletWebServerApplicationContext] - Root WebApplicationContext: initialization completed in 21889 ms
2023-11-10 09:21:42.102 INFO  [restartedMain] [o.hibernate.jpa.internal.util.LogHelper] - HHH000204: Processing PersistenceUnitInfo [name: default]
2023-11-10 09:21:42.278 INFO  [restartedMain] [org.hibernate.Version] - HHH000412: Hibernate ORM core version 5.6.15.Final
2023-11-10 09:21:42.760 INFO  [restartedMain] [org.hibernate.annotations.common.Version] - HCANN000001: Hibernate Commons Annotations {5.1.2.Final}
2023-11-10 09:21:43.038 INFO  [restartedMain] [com.zaxxer.hikari.HikariDataSource] - HikariPool-1 - Starting...
2023-11-10 09:21:43.799 INFO  [restartedMain] [com.zaxxer.hikari.HikariDataSource] - HikariPool-1 - Start completed.
2023-11-10 09:21:43.848 INFO  [restartedMain] [org.hibernate.dialect.Dialect] - HHH000400: Using dialect: org.hibernate.dialect.MySQL5InnoDBDialect
2023-11-10 09:21:46.969 INFO  [restartedMain] [o.h.e.t.j.p.i.JtaPlatformInitiator] - HHH000490: Using JtaPlatform implementation: [org.hibernate.engine.transaction.jta.platform.internal.NoJtaPlatform]
2023-11-10 09:21:46.990 INFO  [restartedMain] [o.s.o.j.LocalContainerEntityManagerFactoryBean] - Initialized JPA EntityManagerFactory for persistence unit 'default'
2023-11-10 09:21:53.951 INFO  [restartedMain] [o.s.b.a.e.web.EndpointLinksResolver] - Exposing 2 endpoint(s) beneath base path '/checking'
2023-11-10 09:21:54.314 INFO  [restartedMain] [o.s.b.d.a.OptionalLiveReloadServer] - LiveReload server is running on port 35729
2023-11-10 09:21:55.340 INFO  [restartedMain] [o.apache.coyote.http11.Http11NioProtocol] - Starting ProtocolHandler ["http-nio-127.0.0.1-8081"]
2023-11-10 09:21:55.362 INFO  [restartedMain] [o.s.b.w.embedded.tomcat.TomcatWebServer] - Tomcat started on port(s): 8081 (http) with context path ''
2023-11-10 09:21:55.363 INFO  [restartedMain] [c.u.j.c.RefreshScopeRefreshedEventListener] - Refreshing cached encryptable property sources on ServletWebServerInitializedEvent
2023-11-10 09:21:55.364 INFO  [restartedMain] [c.u.j.c.CachingDelegateEncryptablePropertySource] - Property Source systemProperties refreshed
2023-11-10 09:21:55.364 INFO  [restartedMain] [c.u.j.c.CachingDelegateEncryptablePropertySource] - Property Source systemEnvironment refreshed
2023-11-10 09:21:55.364 INFO  [restartedMain] [c.u.j.c.CachingDelegateEncryptablePropertySource] - Property Source random refreshed
2023-11-10 09:21:55.364 INFO  [restartedMain] [c.u.j.c.CachingDelegateEncryptablePropertySource] - Property Source Config resource 'class path resource [application.yml]' via location 'optional:classpath:/' refreshed
2023-11-10 09:21:55.364 INFO  [restartedMain] [c.u.j.c.CachingDelegateEncryptablePropertySource] - Property Source devtools refreshed
2023-11-10 09:21:55.364 INFO  [restartedMain] [c.u.j.EncryptablePropertySourceConverter] - Converting PropertySource server.ports [org.springframework.core.env.MapPropertySource] to EncryptableMapPropertySourceWrapper
2023-11-10 09:21:55.364 INFO  [restartedMain] [c.u.j.EncryptablePropertySourceConverter] - Skipping PropertySource configurationProperties [class org.springframework.boot.context.properties.source.ConfigurationPropertySourcesPropertySource
2023-11-10 09:21:55.365 INFO  [restartedMain] [c.u.j.EncryptablePropertySourceConverter] - Skipping PropertySource servletConfigInitParams [class org.springframework.core.env.PropertySource$StubPropertySource
2023-11-10 09:21:55.365 INFO  [restartedMain] [c.u.j.EncryptablePropertySourceConverter] - Converting PropertySource servletContextInitParams [org.springframework.web.context.support.ServletContextPropertySource] to EncryptableEnumerablePropertySourceWrapper
2023-11-10 09:21:55.365 INFO  [restartedMain] [c.u.j.EncryptablePropertySourceConverter] - Converting PropertySource Management Server [org.springframework.boot.actuate.autoconfigure.web.server.ManagementContextAutoConfiguration$SameManagementContextConfiguration$1] to EncryptablePropertySourceWrapper
2023-11-10 09:21:56.420 INFO  [restartedMain] [c.b.back_bipatv.BackBipaTvApplication] - Started BackBipaTvApplication in 38.7 seconds (JVM running for 41.023)
2023-11-10 09:22:20.722 INFO  [SpringApplicationShutdownHook] [o.s.o.j.LocalContainerEntityManagerFactoryBean] - Closing JPA EntityManagerFactory for persistence unit 'default'
2023-11-10 09:22:20.736 INFO  [SpringApplicationShutdownHook] [com.zaxxer.hikari.HikariDataSource] - HikariPool-1 - Shutdown initiated...
2023-11-10 09:22:20.778 INFO  [SpringApplicationShutdownHook] [com.zaxxer.hikari.HikariDataSource] - HikariPool-1 - Shutdown completed.
2023-11-10 09:22:28.371 INFO  [restartedMain] [c.b.back_bipatv.BackBipaTvApplication] - Starting BackBipaTvApplication using Java 11.0.19 on DESKTOP-D6RL7LJ with PID 1660 (C:\Users\HE-Jeon\Desktop\Bit\teamProject\api\out\production\classes started by HE-Jeon in C:\Users\HE-Jeon\Desktop\Bit\teamProject\api)
2023-11-10 09:22:28.377 INFO  [restartedMain] [c.b.back_bipatv.BackBipaTvApplication] - No active profile set, falling back to 1 default profile: "default"
2023-11-10 09:22:28.401 INFO  [background-preinit] [o.h.validator.internal.util.Version] - HV000001: Hibernate Validator 6.2.5.Final
2023-11-10 09:22:28.529 INFO  [restartedMain] [o.s.b.d.e.DevToolsPropertyDefaultsPostProcessor] - Devtools property defaults active! Set 'spring.devtools.add-properties' to 'false' to disable
2023-11-10 09:22:28.529 INFO  [restartedMain] [o.s.b.d.e.DevToolsPropertyDefaultsPostProcessor] - For additional web related logging consider setting the 'logging.level.web' property to 'DEBUG'
2023-11-10 09:22:40.062 WARN  [restartedMain] [com.amazonaws.util.EC2MetadataUtils] - Unable to retrieve the requested metadata (/latest/meta-data/instance-id). Failed to connect to service endpoint: 
com.amazonaws.SdkClientException: Failed to connect to service endpoint: 
	at com.amazonaws.internal.EC2ResourceFetcher.doReadResource(EC2ResourceFetcher.java:112)
	at com.amazonaws.internal.EC2ResourceFetcher.doReadResource(EC2ResourceFetcher.java:70)
	at com.amazonaws.internal.InstanceMetadataServiceResourceFetcher.readResource(InstanceMetadataServiceResourceFetcher.java:75)
	at com.amazonaws.internal.EC2ResourceFetcher.readResource(EC2ResourceFetcher.java:66)
	at com.amazonaws.util.EC2MetadataUtils.getItems(EC2MetadataUtils.java:407)
	at com.amazonaws.util.EC2MetadataUtils.getData(EC2MetadataUtils.java:376)
	at org.springframework.cloud.aws.context.support.env.AwsCloudEnvironmentCheckUtils.isRunningOnCloudEnvironment(AwsCloudEnvironmentCheckUtils.java:38)
	at org.springframework.cloud.aws.context.annotation.OnAwsCloudEnvironmentCondition.matches(OnAwsCloudEnvironmentCondition.java:37)
	at org.springframework.context.annotation.ConditionEvaluator.shouldSkip(ConditionEvaluator.java:108)
	at org.springframework.context.annotation.ConfigurationClassParser.processConfigurationClass(ConfigurationClassParser.java:225)
	at org.springframework.context.annotation.ConfigurationClassParser.processImports(ConfigurationClassParser.java:599)
	at org.springframework.context.annotation.ConfigurationClassParser.access$800(ConfigurationClassParser.java:110)
	at org.springframework.context.annotation.ConfigurationClassParser$DeferredImportSelectorGroupingHandler.lambda$processGroupImports$1(ConfigurationClassParser.java:812)
	at java.base/java.util.ArrayList.forEach(ArrayList.java:1541)
	at org.springframework.context.annotation.ConfigurationClassParser$DeferredImportSelectorGroupingHandler.processGroupImports(ConfigurationClassParser.java:809)
	at org.springframework.context.annotation.ConfigurationClassParser$DeferredImportSelectorHandler.process(ConfigurationClassParser.java:780)
	at org.springframework.context.annotation.ConfigurationClassParser.parse(ConfigurationClassParser.java:192)
	at org.springframework.context.annotation.ConfigurationClassPostProcessor.processConfigBeanDefinitions(ConfigurationClassPostProcessor.java:331)
	at org.springframework.context.annotation.ConfigurationClassPostProcessor.postProcessBeanDefinitionRegistry(ConfigurationClassPostProcessor.java:247)
	at org.springframework.context.support.PostProcessorRegistrationDelegate.invokeBeanDefinitionRegistryPostProcessors(PostProcessorRegistrationDelegate.java:311)
	at org.springframework.context.support.PostProcessorRegistrationDelegate.invokeBeanFactoryPostProcessors(PostProcessorRegistrationDelegate.java:112)
	at org.springframework.context.support.AbstractApplicationContext.invokeBeanFactoryPostProcessors(AbstractApplicationContext.java:748)
	at org.springframework.context.support.AbstractApplicationContext.refresh(AbstractApplicationContext.java:564)
	at org.springframework.boot.web.servlet.context.ServletWebServerApplicationContext.refresh(ServletWebServerApplicationContext.java:147)
	at org.springframework.boot.SpringApplication.refresh(SpringApplication.java:731)
	at org.springframework.boot.SpringApplication.refreshContext(SpringApplication.java:408)
	at org.springframework.boot.SpringApplication.run(SpringApplication.java:307)
	at org.springframework.boot.SpringApplication.run(SpringApplication.java:1303)
	at org.springframework.boot.SpringApplication.run(SpringApplication.java:1292)
	at com.bipa4.back_bipatv.BackBipaTvApplication.main(BackBipaTvApplication.java:16)
	at java.base/jdk.internal.reflect.NativeMethodAccessorImpl.invoke0(Native Method)
	at java.base/jdk.internal.reflect.NativeMethodAccessorImpl.invoke(NativeMethodAccessorImpl.java:62)
	at java.base/jdk.internal.reflect.DelegatingMethodAccessorImpl.invoke(DelegatingMethodAccessorImpl.java:43)
	at java.base/java.lang.reflect.Method.invoke(Method.java:566)
	at org.springframework.boot.devtools.restart.RestartLauncher.run(RestartLauncher.java:50)
Caused by: java.net.SocketTimeoutException: connect timed out
	at java.base/java.net.PlainSocketImpl.waitForConnect(Native Method)
	at java.base/java.net.PlainSocketImpl.socketConnect(PlainSocketImpl.java:107)
	at java.base/java.net.AbstractPlainSocketImpl.doConnect(AbstractPlainSocketImpl.java:412)
	at java.base/java.net.AbstractPlainSocketImpl.connectToAddress(AbstractPlainSocketImpl.java:255)
	at java.base/java.net.AbstractPlainSocketImpl.connect(AbstractPlainSocketImpl.java:237)
	at java.base/java.net.Socket.connect(Socket.java:609)
	at java.base/sun.net.NetworkClient.doConnect(NetworkClient.java:177)
	at java.base/sun.net.www.http.HttpClient.openServer(HttpClient.java:507)
	at java.base/sun.net.www.http.HttpClient.openServer(HttpClient.java:602)
	at java.base/sun.net.www.http.HttpClient.<init>(HttpClient.java:275)
	at java.base/sun.net.www.http.HttpClient.New(HttpClient.java:374)
	at java.base/sun.net.www.http.HttpClient.New(HttpClient.java:395)
	at java.base/sun.net.www.protocol.http.HttpURLConnection.getNewHttpClient(HttpURLConnection.java:1253)
	at java.base/sun.net.www.protocol.http.HttpURLConnection.plainConnect0(HttpURLConnection.java:1232)
	at java.base/sun.net.www.protocol.http.HttpURLConnection.plainConnect(HttpURLConnection.java:1081)
	at java.base/sun.net.www.protocol.http.HttpURLConnection.connect(HttpURLConnection.java:1015)
	at com.amazonaws.internal.ConnectionUtils.connectToEndpoint(ConnectionUtils.java:95)
	at com.amazonaws.internal.EC2ResourceFetcher.doReadResource(EC2ResourceFetcher.java:84)
	... 34 common frames omitted
2023-11-10 09:22:41.088 INFO  [restartedMain] [o.s.d.r.c.RepositoryConfigurationDelegate] - Multiple Spring Data modules found, entering strict repository configuration mode
2023-11-10 09:22:41.092 INFO  [restartedMain] [o.s.d.r.c.RepositoryConfigurationDelegate] - Bootstrapping Spring Data JPA repositories in DEFAULT mode.
2023-11-10 09:22:41.554 INFO  [restartedMain] [o.s.d.r.c.RepositoryConfigurationDelegate] - Finished Spring Data repository scanning in 443 ms. Found 6 JPA repository interfaces.
2023-11-10 09:22:41.596 INFO  [restartedMain] [o.s.d.r.c.RepositoryConfigurationDelegate] - Multiple Spring Data modules found, entering strict repository configuration mode
2023-11-10 09:22:41.599 INFO  [restartedMain] [o.s.d.r.c.RepositoryConfigurationDelegate] - Bootstrapping Spring Data Redis repositories in DEFAULT mode.
2023-11-10 09:22:41.654 INFO  [restartedMain] [o.s.d.r.c.RepositoryConfigurationExtensionSupport] - Spring Data Redis - Could not safely identify store assignment for repository candidate interface com.bipa4.back_bipatv.repository.AccountRepository; If you want this repository to be a Redis repository, consider annotating your entities with one of these annotations: org.springframework.data.redis.core.RedisHash (preferred), or consider extending one of the following types with your repository: org.springframework.data.keyvalue.repository.KeyValueRepository
2023-11-10 09:22:41.655 INFO  [restartedMain] [o.s.d.r.c.RepositoryConfigurationExtensionSupport] - Spring Data Redis - Could not safely identify store assignment for repository candidate interface com.bipa4.back_bipatv.repository.ChannelRepository; If you want this repository to be a Redis repository, consider annotating your entities with one of these annotations: org.springframework.data.redis.core.RedisHash (preferred), or consider extending one of the following types with your repository: org.springframework.data.keyvalue.repository.KeyValueRepository
2023-11-10 09:22:41.655 INFO  [restartedMain] [o.s.d.r.c.RepositoryConfigurationExtensionSupport] - Spring Data Redis - Could not safely identify store assignment for repository candidate interface com.bipa4.back_bipatv.repository.CommentRepository; If you want this repository to be a Redis repository, consider annotating your entities with one of these annotations: org.springframework.data.redis.core.RedisHash (preferred), or consider extending one of the following types with your repository: org.springframework.data.keyvalue.repository.KeyValueRepository
2023-11-10 09:22:41.656 INFO  [restartedMain] [o.s.d.r.c.RepositoryConfigurationExtensionSupport] - Spring Data Redis - Could not safely identify store assignment for repository candidate interface com.bipa4.back_bipatv.repository.LogRepository; If you want this repository to be a Redis repository, consider annotating your entities with one of these annotations: org.springframework.data.redis.core.RedisHash (preferred), or consider extending one of the following types with your repository: org.springframework.data.keyvalue.repository.KeyValueRepository
2023-11-10 09:22:41.657 INFO  [restartedMain] [o.s.d.r.c.RepositoryConfigurationExtensionSupport] - Spring Data Redis - Could not safely identify store assignment for repository candidate interface com.bipa4.back_bipatv.repository.VideoChannelRepository; If you want this repository to be a Redis repository, consider annotating your entities with one of these annotations: org.springframework.data.redis.core.RedisHash (preferred), or consider extending one of the following types with your repository: org.springframework.data.keyvalue.repository.KeyValueRepository
2023-11-10 09:22:41.658 INFO  [restartedMain] [o.s.d.r.c.RepositoryConfigurationExtensionSupport] - Spring Data Redis - Could not safely identify store assignment for repository candidate interface com.bipa4.back_bipatv.repository.VideoRepository; If you want this repository to be a Redis repository, consider annotating your entities with one of these annotations: org.springframework.data.redis.core.RedisHash (preferred), or consider extending one of the following types with your repository: org.springframework.data.keyvalue.repository.KeyValueRepository
2023-11-10 09:22:41.658 INFO  [restartedMain] [o.s.d.r.c.RepositoryConfigurationDelegate] - Finished Spring Data repository scanning in 40 ms. Found 0 Redis repository interfaces.
2023-11-10 09:22:42.843 INFO  [restartedMain] [c.u.j.c.EnableEncryptablePropertiesBeanFactoryPostProcessor] - Post-processing PropertySource instances
2023-11-10 09:22:42.845 INFO  [restartedMain] [c.u.j.EncryptablePropertySourceConverter] - Skipping PropertySource configurationProperties [class org.springframework.boot.context.properties.source.ConfigurationPropertySourcesPropertySource
2023-11-10 09:22:42.848 INFO  [restartedMain] [c.u.j.EncryptablePropertySourceConverter] - Skipping PropertySource servletConfigInitParams [class org.springframework.core.env.PropertySource$StubPropertySource
2023-11-10 09:22:42.848 INFO  [restartedMain] [c.u.j.EncryptablePropertySourceConverter] - Skipping PropertySource servletContextInitParams [class org.springframework.core.env.PropertySource$StubPropertySource
2023-11-10 09:22:42.850 INFO  [restartedMain] [c.u.j.EncryptablePropertySourceConverter] - Converting PropertySource systemProperties [org.springframework.core.env.PropertiesPropertySource] to EncryptableMapPropertySourceWrapper
2023-11-10 09:22:42.851 INFO  [restartedMain] [c.u.j.EncryptablePropertySourceConverter] - Converting PropertySource systemEnvironment [org.springframework.boot.env.SystemEnvironmentPropertySourceEnvironmentPostProcessor$OriginAwareSystemEnvironmentPropertySource] to EncryptableSystemEnvironmentPropertySourceWrapper
2023-11-10 09:22:42.851 INFO  [restartedMain] [c.u.j.EncryptablePropertySourceConverter] - Converting PropertySource random [org.springframework.boot.env.RandomValuePropertySource] to EncryptablePropertySourceWrapper
2023-11-10 09:22:42.851 INFO  [restartedMain] [c.u.j.EncryptablePropertySourceConverter] - Converting PropertySource Config resource 'class path resource [application.yml]' via location 'optional:classpath:/' [org.springframework.boot.env.OriginTrackedMapPropertySource] to EncryptableMapPropertySourceWrapper
2023-11-10 09:22:42.852 INFO  [restartedMain] [c.u.j.EncryptablePropertySourceConverter] - Converting PropertySource devtools [org.springframework.core.env.MapPropertySource] to EncryptableMapPropertySourceWrapper
2023-11-10 09:22:43.913 INFO  [restartedMain] [c.u.j.filter.DefaultLazyPropertyFilter] - Property Filter custom Bean not found with name 'encryptablePropertyFilter'. Initializing Default Property Filter
2023-11-10 09:22:43.938 INFO  [restartedMain] [c.u.j.r.DefaultLazyPropertyResolver] - Property Resolver custom Bean not found with name 'encryptablePropertyResolver'. Initializing Default Property Resolver
2023-11-10 09:22:43.943 INFO  [restartedMain] [c.u.j.d.DefaultLazyPropertyDetector] - Property Detector custom Bean not found with name 'encryptablePropertyDetector'. Initializing Default Property Detector
2023-11-10 09:22:45.868 INFO  [restartedMain] [o.s.b.w.embedded.tomcat.TomcatWebServer] - Tomcat initialized with port(s): 8080 (http)
2023-11-10 09:22:45.888 INFO  [restartedMain] [o.apache.coyote.http11.Http11NioProtocol] - Initializing ProtocolHandler ["http-nio-127.0.0.1-8080"]
2023-11-10 09:22:45.895 INFO  [restartedMain] [org.apache.catalina.core.StandardService] - Starting service [Tomcat]
2023-11-10 09:22:45.895 INFO  [restartedMain] [org.apache.catalina.core.StandardEngine] - Starting Servlet engine: [Apache Tomcat/9.0.79]
2023-11-10 09:22:46.343 INFO  [restartedMain] [o.a.c.c.C.[Tomcat].[localhost].[/]] - Initializing Spring embedded WebApplicationContext
2023-11-10 09:22:46.344 INFO  [restartedMain] [o.s.b.w.s.c.ServletWebServerApplicationContext] - Root WebApplicationContext: initialization completed in 17814 ms
2023-11-10 09:22:47.415 INFO  [restartedMain] [o.hibernate.jpa.internal.util.LogHelper] - HHH000204: Processing PersistenceUnitInfo [name: default]
2023-11-10 09:22:47.543 INFO  [restartedMain] [org.hibernate.Version] - HHH000412: Hibernate ORM core version 5.6.15.Final
2023-11-10 09:22:47.996 INFO  [restartedMain] [org.hibernate.annotations.common.Version] - HCANN000001: Hibernate Commons Annotations {5.1.2.Final}
2023-11-10 09:22:48.254 INFO  [restartedMain] [com.zaxxer.hikari.HikariDataSource] - HikariPool-1 - Starting...
2023-11-10 09:22:49.295 INFO  [restartedMain] [com.zaxxer.hikari.HikariDataSource] - HikariPool-1 - Start completed.
2023-11-10 09:22:49.347 INFO  [restartedMain] [org.hibernate.dialect.Dialect] - HHH000400: Using dialect: org.hibernate.dialect.MySQL5InnoDBDialect
2023-11-10 09:22:52.524 INFO  [restartedMain] [o.h.e.t.j.p.i.JtaPlatformInitiator] - HHH000490: Using JtaPlatform implementation: [org.hibernate.engine.transaction.jta.platform.internal.NoJtaPlatform]
2023-11-10 09:22:52.564 INFO  [restartedMain] [o.s.o.j.LocalContainerEntityManagerFactoryBean] - Initialized JPA EntityManagerFactory for persistence unit 'default'
2023-11-10 09:22:58.427 INFO  [restartedMain] [o.s.b.a.e.web.EndpointLinksResolver] - Exposing 2 endpoint(s) beneath base path '/checking'
2023-11-10 09:22:58.871 INFO  [restartedMain] [o.s.b.d.a.OptionalLiveReloadServer] - LiveReload server is running on port 35729
2023-11-10 09:23:00.384 INFO  [restartedMain] [o.apache.coyote.http11.Http11NioProtocol] - Starting ProtocolHandler ["http-nio-127.0.0.1-8080"]
2023-11-10 09:23:00.408 INFO  [restartedMain] [o.s.b.w.embedded.tomcat.TomcatWebServer] - Tomcat started on port(s): 8080 (http) with context path ''
2023-11-10 09:23:00.409 INFO  [restartedMain] [c.u.j.c.RefreshScopeRefreshedEventListener] - Refreshing cached encryptable property sources on ServletWebServerInitializedEvent
2023-11-10 09:23:00.410 INFO  [restartedMain] [c.u.j.c.CachingDelegateEncryptablePropertySource] - Property Source systemProperties refreshed
2023-11-10 09:23:00.410 INFO  [restartedMain] [c.u.j.c.CachingDelegateEncryptablePropertySource] - Property Source systemEnvironment refreshed
2023-11-10 09:23:00.410 INFO  [restartedMain] [c.u.j.c.CachingDelegateEncryptablePropertySource] - Property Source random refreshed
2023-11-10 09:23:00.410 INFO  [restartedMain] [c.u.j.c.CachingDelegateEncryptablePropertySource] - Property Source Config resource 'class path resource [application.yml]' via location 'optional:classpath:/' refreshed
2023-11-10 09:23:00.410 INFO  [restartedMain] [c.u.j.c.CachingDelegateEncryptablePropertySource] - Property Source devtools refreshed
2023-11-10 09:23:00.410 INFO  [restartedMain] [c.u.j.EncryptablePropertySourceConverter] - Converting PropertySource server.ports [org.springframework.core.env.MapPropertySource] to EncryptableMapPropertySourceWrapper
2023-11-10 09:23:00.410 INFO  [restartedMain] [c.u.j.EncryptablePropertySourceConverter] - Skipping PropertySource configurationProperties [class org.springframework.boot.context.properties.source.ConfigurationPropertySourcesPropertySource
2023-11-10 09:23:00.410 INFO  [restartedMain] [c.u.j.EncryptablePropertySourceConverter] - Skipping PropertySource servletConfigInitParams [class org.springframework.core.env.PropertySource$StubPropertySource
2023-11-10 09:23:00.410 INFO  [restartedMain] [c.u.j.EncryptablePropertySourceConverter] - Converting PropertySource servletContextInitParams [org.springframework.web.context.support.ServletContextPropertySource] to EncryptableEnumerablePropertySourceWrapper
2023-11-10 09:23:00.410 INFO  [restartedMain] [c.u.j.EncryptablePropertySourceConverter] - Converting PropertySource Management Server [org.springframework.boot.actuate.autoconfigure.web.server.ManagementContextAutoConfiguration$SameManagementContextConfiguration$1] to EncryptablePropertySourceWrapper
2023-11-10 09:23:01.313 INFO  [restartedMain] [c.b.back_bipatv.BackBipaTvApplication] - Started BackBipaTvApplication in 34.6 seconds (JVM running for 36.92)
2023-11-10 09:23:26.874 INFO  [http-nio-127.0.0.1-8080-exec-1] [o.a.c.c.C.[Tomcat].[localhost].[/]] - Initializing Spring DispatcherServlet 'dispatcherServlet'
2023-11-10 09:23:26.875 INFO  [http-nio-127.0.0.1-8080-exec-1] [o.s.web.servlet.DispatcherServlet] - Initializing Servlet 'dispatcherServlet'
2023-11-10 09:23:26.878 INFO  [http-nio-127.0.0.1-8080-exec-1] [o.s.web.servlet.DispatcherServlet] - Completed initialization in 3 ms
2023-11-10 09:23:35.392 INFO  [http-nio-127.0.0.1-8080-exec-2] [c.b.back_bipatv.interceptor.Interceptor] - 사용자: 비회원 호출 url: /video/top10
2023-11-10 09:23:36.160 INFO  [http-nio-127.0.0.1-8080-exec-2] [c.b.back_bipatv.interceptor.Interceptor] - postHandle response status: 200
2023-11-10 09:23:36.161 INFO  [http-nio-127.0.0.1-8080-exec-2] [c.b.back_bipatv.interceptor.Interceptor] - afterCompletion Response status: 200
2023-11-10 09:35:56.790 INFO  [SpringApplicationShutdownHook] [o.s.o.j.LocalContainerEntityManagerFactoryBean] - Closing JPA EntityManagerFactory for persistence unit 'default'
2023-11-10 09:35:56.797 INFO  [SpringApplicationShutdownHook] [com.zaxxer.hikari.HikariDataSource] - HikariPool-1 - Shutdown initiated...
2023-11-10 09:35:56.830 INFO  [SpringApplicationShutdownHook] [com.zaxxer.hikari.HikariDataSource] - HikariPool-1 - Shutdown completed.
2023-11-10 09:36:12.527 INFO  [restartedMain] [c.b.back_bipatv.BackBipaTvApplication] - Starting BackBipaTvApplication using Java 11.0.19 on DESKTOP-D6RL7LJ with PID 3364 (C:\Users\HE-Jeon\Desktop\Bit\teamProject\api\out\production\classes started by HE-Jeon in C:\Users\HE-Jeon\Desktop\Bit\teamProject\api)
2023-11-10 09:36:12.527 INFO  [background-preinit] [o.h.validator.internal.util.Version] - HV000001: Hibernate Validator 6.2.5.Final
2023-11-10 09:36:12.531 INFO  [restartedMain] [c.b.back_bipatv.BackBipaTvApplication] - No active profile set, falling back to 1 default profile: "default"
2023-11-10 09:36:12.703 INFO  [restartedMain] [o.s.b.d.e.DevToolsPropertyDefaultsPostProcessor] - Devtools property defaults active! Set 'spring.devtools.add-properties' to 'false' to disable
2023-11-10 09:36:12.703 INFO  [restartedMain] [o.s.b.d.e.DevToolsPropertyDefaultsPostProcessor] - For additional web related logging consider setting the 'logging.level.web' property to 'DEBUG'
2023-11-10 09:36:24.082 WARN  [restartedMain] [com.amazonaws.util.EC2MetadataUtils] - Unable to retrieve the requested metadata (/latest/meta-data/instance-id). Failed to connect to service endpoint: 
com.amazonaws.SdkClientException: Failed to connect to service endpoint: 
	at com.amazonaws.internal.EC2ResourceFetcher.doReadResource(EC2ResourceFetcher.java:112)
	at com.amazonaws.internal.EC2ResourceFetcher.doReadResource(EC2ResourceFetcher.java:70)
	at com.amazonaws.internal.InstanceMetadataServiceResourceFetcher.readResource(InstanceMetadataServiceResourceFetcher.java:75)
	at com.amazonaws.internal.EC2ResourceFetcher.readResource(EC2ResourceFetcher.java:66)
	at com.amazonaws.util.EC2MetadataUtils.getItems(EC2MetadataUtils.java:407)
	at com.amazonaws.util.EC2MetadataUtils.getData(EC2MetadataUtils.java:376)
	at org.springframework.cloud.aws.context.support.env.AwsCloudEnvironmentCheckUtils.isRunningOnCloudEnvironment(AwsCloudEnvironmentCheckUtils.java:38)
	at org.springframework.cloud.aws.context.annotation.OnAwsCloudEnvironmentCondition.matches(OnAwsCloudEnvironmentCondition.java:37)
	at org.springframework.context.annotation.ConditionEvaluator.shouldSkip(ConditionEvaluator.java:108)
	at org.springframework.context.annotation.ConfigurationClassParser.processConfigurationClass(ConfigurationClassParser.java:225)
	at org.springframework.context.annotation.ConfigurationClassParser.processImports(ConfigurationClassParser.java:599)
	at org.springframework.context.annotation.ConfigurationClassParser.access$800(ConfigurationClassParser.java:110)
	at org.springframework.context.annotation.ConfigurationClassParser$DeferredImportSelectorGroupingHandler.lambda$processGroupImports$1(ConfigurationClassParser.java:812)
	at java.base/java.util.ArrayList.forEach(ArrayList.java:1541)
	at org.springframework.context.annotation.ConfigurationClassParser$DeferredImportSelectorGroupingHandler.processGroupImports(ConfigurationClassParser.java:809)
	at org.springframework.context.annotation.ConfigurationClassParser$DeferredImportSelectorHandler.process(ConfigurationClassParser.java:780)
	at org.springframework.context.annotation.ConfigurationClassParser.parse(ConfigurationClassParser.java:192)
	at org.springframework.context.annotation.ConfigurationClassPostProcessor.processConfigBeanDefinitions(ConfigurationClassPostProcessor.java:331)
	at org.springframework.context.annotation.ConfigurationClassPostProcessor.postProcessBeanDefinitionRegistry(ConfigurationClassPostProcessor.java:247)
	at org.springframework.context.support.PostProcessorRegistrationDelegate.invokeBeanDefinitionRegistryPostProcessors(PostProcessorRegistrationDelegate.java:311)
	at org.springframework.context.support.PostProcessorRegistrationDelegate.invokeBeanFactoryPostProcessors(PostProcessorRegistrationDelegate.java:112)
	at org.springframework.context.support.AbstractApplicationContext.invokeBeanFactoryPostProcessors(AbstractApplicationContext.java:748)
	at org.springframework.context.support.AbstractApplicationContext.refresh(AbstractApplicationContext.java:564)
	at org.springframework.boot.web.servlet.context.ServletWebServerApplicationContext.refresh(ServletWebServerApplicationContext.java:147)
	at org.springframework.boot.SpringApplication.refresh(SpringApplication.java:731)
	at org.springframework.boot.SpringApplication.refreshContext(SpringApplication.java:408)
	at org.springframework.boot.SpringApplication.run(SpringApplication.java:307)
	at org.springframework.boot.SpringApplication.run(SpringApplication.java:1303)
	at org.springframework.boot.SpringApplication.run(SpringApplication.java:1292)
	at com.bipa4.back_bipatv.BackBipaTvApplication.main(BackBipaTvApplication.java:16)
	at java.base/jdk.internal.reflect.NativeMethodAccessorImpl.invoke0(Native Method)
	at java.base/jdk.internal.reflect.NativeMethodAccessorImpl.invoke(NativeMethodAccessorImpl.java:62)
	at java.base/jdk.internal.reflect.DelegatingMethodAccessorImpl.invoke(DelegatingMethodAccessorImpl.java:43)
	at java.base/java.lang.reflect.Method.invoke(Method.java:566)
	at org.springframework.boot.devtools.restart.RestartLauncher.run(RestartLauncher.java:50)
Caused by: java.net.SocketTimeoutException: connect timed out
	at java.base/java.net.PlainSocketImpl.waitForConnect(Native Method)
	at java.base/java.net.PlainSocketImpl.socketConnect(PlainSocketImpl.java:107)
	at java.base/java.net.AbstractPlainSocketImpl.doConnect(AbstractPlainSocketImpl.java:412)
	at java.base/java.net.AbstractPlainSocketImpl.connectToAddress(AbstractPlainSocketImpl.java:255)
	at java.base/java.net.AbstractPlainSocketImpl.connect(AbstractPlainSocketImpl.java:237)
	at java.base/java.net.Socket.connect(Socket.java:609)
	at java.base/sun.net.NetworkClient.doConnect(NetworkClient.java:177)
	at java.base/sun.net.www.http.HttpClient.openServer(HttpClient.java:507)
	at java.base/sun.net.www.http.HttpClient.openServer(HttpClient.java:602)
	at java.base/sun.net.www.http.HttpClient.<init>(HttpClient.java:275)
	at java.base/sun.net.www.http.HttpClient.New(HttpClient.java:374)
	at java.base/sun.net.www.http.HttpClient.New(HttpClient.java:395)
	at java.base/sun.net.www.protocol.http.HttpURLConnection.getNewHttpClient(HttpURLConnection.java:1253)
	at java.base/sun.net.www.protocol.http.HttpURLConnection.plainConnect0(HttpURLConnection.java:1232)
	at java.base/sun.net.www.protocol.http.HttpURLConnection.plainConnect(HttpURLConnection.java:1081)
	at java.base/sun.net.www.protocol.http.HttpURLConnection.connect(HttpURLConnection.java:1015)
	at com.amazonaws.internal.ConnectionUtils.connectToEndpoint(ConnectionUtils.java:95)
	at com.amazonaws.internal.EC2ResourceFetcher.doReadResource(EC2ResourceFetcher.java:84)
	... 34 common frames omitted
2023-11-10 09:36:25.082 INFO  [restartedMain] [o.s.d.r.c.RepositoryConfigurationDelegate] - Multiple Spring Data modules found, entering strict repository configuration mode
2023-11-10 09:36:25.089 INFO  [restartedMain] [o.s.d.r.c.RepositoryConfigurationDelegate] - Bootstrapping Spring Data JPA repositories in DEFAULT mode.
2023-11-10 09:36:25.557 INFO  [restartedMain] [o.s.d.r.c.RepositoryConfigurationDelegate] - Finished Spring Data repository scanning in 438 ms. Found 6 JPA repository interfaces.
2023-11-10 09:36:25.588 INFO  [restartedMain] [o.s.d.r.c.RepositoryConfigurationDelegate] - Multiple Spring Data modules found, entering strict repository configuration mode
2023-11-10 09:36:25.593 INFO  [restartedMain] [o.s.d.r.c.RepositoryConfigurationDelegate] - Bootstrapping Spring Data Redis repositories in DEFAULT mode.
2023-11-10 09:36:25.646 INFO  [restartedMain] [o.s.d.r.c.RepositoryConfigurationExtensionSupport] - Spring Data Redis - Could not safely identify store assignment for repository candidate interface com.bipa4.back_bipatv.repository.AccountRepository; If you want this repository to be a Redis repository, consider annotating your entities with one of these annotations: org.springframework.data.redis.core.RedisHash (preferred), or consider extending one of the following types with your repository: org.springframework.data.keyvalue.repository.KeyValueRepository
2023-11-10 09:36:25.648 INFO  [restartedMain] [o.s.d.r.c.RepositoryConfigurationExtensionSupport] - Spring Data Redis - Could not safely identify store assignment for repository candidate interface com.bipa4.back_bipatv.repository.ChannelRepository; If you want this repository to be a Redis repository, consider annotating your entities with one of these annotations: org.springframework.data.redis.core.RedisHash (preferred), or consider extending one of the following types with your repository: org.springframework.data.keyvalue.repository.KeyValueRepository
2023-11-10 09:36:25.649 INFO  [restartedMain] [o.s.d.r.c.RepositoryConfigurationExtensionSupport] - Spring Data Redis - Could not safely identify store assignment for repository candidate interface com.bipa4.back_bipatv.repository.CommentRepository; If you want this repository to be a Redis repository, consider annotating your entities with one of these annotations: org.springframework.data.redis.core.RedisHash (preferred), or consider extending one of the following types with your repository: org.springframework.data.keyvalue.repository.KeyValueRepository
2023-11-10 09:36:25.649 INFO  [restartedMain] [o.s.d.r.c.RepositoryConfigurationExtensionSupport] - Spring Data Redis - Could not safely identify store assignment for repository candidate interface com.bipa4.back_bipatv.repository.LogRepository; If you want this repository to be a Redis repository, consider annotating your entities with one of these annotations: org.springframework.data.redis.core.RedisHash (preferred), or consider extending one of the following types with your repository: org.springframework.data.keyvalue.repository.KeyValueRepository
2023-11-10 09:36:25.651 INFO  [restartedMain] [o.s.d.r.c.RepositoryConfigurationExtensionSupport] - Spring Data Redis - Could not safely identify store assignment for repository candidate interface com.bipa4.back_bipatv.repository.VideoChannelRepository; If you want this repository to be a Redis repository, consider annotating your entities with one of these annotations: org.springframework.data.redis.core.RedisHash (preferred), or consider extending one of the following types with your repository: org.springframework.data.keyvalue.repository.KeyValueRepository
2023-11-10 09:36:25.653 INFO  [restartedMain] [o.s.d.r.c.RepositoryConfigurationExtensionSupport] - Spring Data Redis - Could not safely identify store assignment for repository candidate interface com.bipa4.back_bipatv.repository.VideoRepository; If you want this repository to be a Redis repository, consider annotating your entities with one of these annotations: org.springframework.data.redis.core.RedisHash (preferred), or consider extending one of the following types with your repository: org.springframework.data.keyvalue.repository.KeyValueRepository
2023-11-10 09:36:25.653 INFO  [restartedMain] [o.s.d.r.c.RepositoryConfigurationDelegate] - Finished Spring Data repository scanning in 38 ms. Found 0 Redis repository interfaces.
2023-11-10 09:36:26.533 INFO  [restartedMain] [c.u.j.c.EnableEncryptablePropertiesBeanFactoryPostProcessor] - Post-processing PropertySource instances
2023-11-10 09:36:26.535 INFO  [restartedMain] [c.u.j.EncryptablePropertySourceConverter] - Skipping PropertySource configurationProperties [class org.springframework.boot.context.properties.source.ConfigurationPropertySourcesPropertySource
2023-11-10 09:36:26.540 INFO  [restartedMain] [c.u.j.EncryptablePropertySourceConverter] - Skipping PropertySource servletConfigInitParams [class org.springframework.core.env.PropertySource$StubPropertySource
2023-11-10 09:36:26.540 INFO  [restartedMain] [c.u.j.EncryptablePropertySourceConverter] - Skipping PropertySource servletContextInitParams [class org.springframework.core.env.PropertySource$StubPropertySource
2023-11-10 09:36:26.542 INFO  [restartedMain] [c.u.j.EncryptablePropertySourceConverter] - Converting PropertySource systemProperties [org.springframework.core.env.PropertiesPropertySource] to EncryptableMapPropertySourceWrapper
2023-11-10 09:36:26.543 INFO  [restartedMain] [c.u.j.EncryptablePropertySourceConverter] - Converting PropertySource systemEnvironment [org.springframework.boot.env.SystemEnvironmentPropertySourceEnvironmentPostProcessor$OriginAwareSystemEnvironmentPropertySource] to EncryptableSystemEnvironmentPropertySourceWrapper
2023-11-10 09:36:26.543 INFO  [restartedMain] [c.u.j.EncryptablePropertySourceConverter] - Converting PropertySource random [org.springframework.boot.env.RandomValuePropertySource] to EncryptablePropertySourceWrapper
2023-11-10 09:36:26.544 INFO  [restartedMain] [c.u.j.EncryptablePropertySourceConverter] - Converting PropertySource Config resource 'class path resource [application.yml]' via location 'optional:classpath:/' [org.springframework.boot.env.OriginTrackedMapPropertySource] to EncryptableMapPropertySourceWrapper
2023-11-10 09:36:26.544 INFO  [restartedMain] [c.u.j.EncryptablePropertySourceConverter] - Converting PropertySource devtools [org.springframework.core.env.MapPropertySource] to EncryptableMapPropertySourceWrapper
2023-11-10 09:36:27.596 INFO  [restartedMain] [c.u.j.filter.DefaultLazyPropertyFilter] - Property Filter custom Bean not found with name 'encryptablePropertyFilter'. Initializing Default Property Filter
2023-11-10 09:36:27.612 INFO  [restartedMain] [c.u.j.r.DefaultLazyPropertyResolver] - Property Resolver custom Bean not found with name 'encryptablePropertyResolver'. Initializing Default Property Resolver
2023-11-10 09:36:27.617 INFO  [restartedMain] [c.u.j.d.DefaultLazyPropertyDetector] - Property Detector custom Bean not found with name 'encryptablePropertyDetector'. Initializing Default Property Detector
2023-11-10 09:36:29.470 INFO  [restartedMain] [o.s.b.w.embedded.tomcat.TomcatWebServer] - Tomcat initialized with port(s): 8080 (http)
2023-11-10 09:36:29.491 INFO  [restartedMain] [o.apache.coyote.http11.Http11NioProtocol] - Initializing ProtocolHandler ["http-nio-127.0.0.1-8080"]
2023-11-10 09:36:29.497 INFO  [restartedMain] [org.apache.catalina.core.StandardService] - Starting service [Tomcat]
2023-11-10 09:36:29.498 INFO  [restartedMain] [org.apache.catalina.core.StandardEngine] - Starting Servlet engine: [Apache Tomcat/9.0.79]
2023-11-10 09:36:29.882 INFO  [restartedMain] [o.a.c.c.C.[Tomcat].[localhost].[/]] - Initializing Spring embedded WebApplicationContext
2023-11-10 09:36:29.882 INFO  [restartedMain] [o.s.b.w.s.c.ServletWebServerApplicationContext] - Root WebApplicationContext: initialization completed in 17177 ms
2023-11-10 09:36:30.715 INFO  [restartedMain] [o.hibernate.jpa.internal.util.LogHelper] - HHH000204: Processing PersistenceUnitInfo [name: default]
2023-11-10 09:36:30.896 INFO  [restartedMain] [org.hibernate.Version] - HHH000412: Hibernate ORM core version 5.6.15.Final
2023-11-10 09:36:31.439 INFO  [restartedMain] [org.hibernate.annotations.common.Version] - HCANN000001: Hibernate Commons Annotations {5.1.2.Final}
2023-11-10 09:36:31.744 INFO  [restartedMain] [com.zaxxer.hikari.HikariDataSource] - HikariPool-1 - Starting...
2023-11-10 09:36:32.384 INFO  [restartedMain] [com.zaxxer.hikari.HikariDataSource] - HikariPool-1 - Start completed.
2023-11-10 09:36:32.419 INFO  [restartedMain] [org.hibernate.dialect.Dialect] - HHH000400: Using dialect: org.hibernate.dialect.MySQL5InnoDBDialect
2023-11-10 09:36:34.765 INFO  [restartedMain] [o.h.e.t.j.p.i.JtaPlatformInitiator] - HHH000490: Using JtaPlatform implementation: [org.hibernate.engine.transaction.jta.platform.internal.NoJtaPlatform]
2023-11-10 09:36:34.786 INFO  [restartedMain] [o.s.o.j.LocalContainerEntityManagerFactoryBean] - Initialized JPA EntityManagerFactory for persistence unit 'default'
2023-11-10 09:36:40.381 INFO  [restartedMain] [o.s.b.a.e.web.EndpointLinksResolver] - Exposing 2 endpoint(s) beneath base path '/checking'
2023-11-10 09:36:40.900 INFO  [restartedMain] [o.s.b.d.a.OptionalLiveReloadServer] - LiveReload server is running on port 35729
2023-11-10 09:36:42.125 INFO  [restartedMain] [o.apache.coyote.http11.Http11NioProtocol] - Starting ProtocolHandler ["http-nio-127.0.0.1-8080"]
2023-11-10 09:36:42.164 INFO  [restartedMain] [o.s.b.w.embedded.tomcat.TomcatWebServer] - Tomcat started on port(s): 8080 (http) with context path ''
2023-11-10 09:36:42.165 INFO  [restartedMain] [c.u.j.c.RefreshScopeRefreshedEventListener] - Refreshing cached encryptable property sources on ServletWebServerInitializedEvent
2023-11-10 09:36:42.166 INFO  [restartedMain] [c.u.j.c.CachingDelegateEncryptablePropertySource] - Property Source systemProperties refreshed
2023-11-10 09:36:42.166 INFO  [restartedMain] [c.u.j.c.CachingDelegateEncryptablePropertySource] - Property Source systemEnvironment refreshed
2023-11-10 09:36:42.166 INFO  [restartedMain] [c.u.j.c.CachingDelegateEncryptablePropertySource] - Property Source random refreshed
2023-11-10 09:36:42.166 INFO  [restartedMain] [c.u.j.c.CachingDelegateEncryptablePropertySource] - Property Source Config resource 'class path resource [application.yml]' via location 'optional:classpath:/' refreshed
2023-11-10 09:36:42.166 INFO  [restartedMain] [c.u.j.c.CachingDelegateEncryptablePropertySource] - Property Source devtools refreshed
2023-11-10 09:36:42.166 INFO  [restartedMain] [c.u.j.EncryptablePropertySourceConverter] - Converting PropertySource server.ports [org.springframework.core.env.MapPropertySource] to EncryptableMapPropertySourceWrapper
2023-11-10 09:36:42.166 INFO  [restartedMain] [c.u.j.EncryptablePropertySourceConverter] - Skipping PropertySource configurationProperties [class org.springframework.boot.context.properties.source.ConfigurationPropertySourcesPropertySource
2023-11-10 09:36:42.166 INFO  [restartedMain] [c.u.j.EncryptablePropertySourceConverter] - Skipping PropertySource servletConfigInitParams [class org.springframework.core.env.PropertySource$StubPropertySource
2023-11-10 09:36:42.167 INFO  [restartedMain] [c.u.j.EncryptablePropertySourceConverter] - Converting PropertySource servletContextInitParams [org.springframework.web.context.support.ServletContextPropertySource] to EncryptableEnumerablePropertySourceWrapper
2023-11-10 09:36:42.167 INFO  [restartedMain] [c.u.j.EncryptablePropertySourceConverter] - Converting PropertySource Management Server [org.springframework.boot.actuate.autoconfigure.web.server.ManagementContextAutoConfiguration$SameManagementContextConfiguration$1] to EncryptablePropertySourceWrapper
2023-11-10 09:36:43.649 INFO  [restartedMain] [c.b.back_bipatv.BackBipaTvApplication] - Started BackBipaTvApplication in 32.806 seconds (JVM running for 35.579)
2023-11-10 09:39:08.417 INFO  [http-nio-127.0.0.1-8080-exec-1] [o.a.c.c.C.[Tomcat].[localhost].[/]] - Initializing Spring DispatcherServlet 'dispatcherServlet'
2023-11-10 09:39:08.418 INFO  [http-nio-127.0.0.1-8080-exec-1] [o.s.web.servlet.DispatcherServlet] - Initializing Servlet 'dispatcherServlet'
2023-11-10 09:39:08.420 INFO  [http-nio-127.0.0.1-8080-exec-1] [o.s.web.servlet.DispatcherServlet] - Completed initialization in 2 ms
2023-11-10 09:39:09.894 INFO  [http-nio-127.0.0.1-8080-exec-1] [c.b.back_bipatv.interceptor.Interceptor] - 사용자: 전하은 호출 url: /video/detail/aee36157-018b-1000-ffff-ce5b556e0000
2023-11-10 09:39:09.998 WARN  [http-nio-127.0.0.1-8080-exec-1] [o.a.m.c.t.i.m.jdbc.AbstractJDBCDataModel] - You are not using ConnectionPoolDataSource. Make sure your DataSource pools connections to the database itself, or database performance will be severely reduced.
2023-11-10 09:39:10.434 INFO  [http-nio-127.0.0.1-8080-exec-1] [c.b.back_bipatv.interceptor.Interceptor] - afterCompletion Response status: 400
2023-11-10 09:39:47.122 INFO  [SpringApplicationShutdownHook] [o.s.o.j.LocalContainerEntityManagerFactoryBean] - Closing JPA EntityManagerFactory for persistence unit 'default'
2023-11-10 09:39:47.127 INFO  [SpringApplicationShutdownHook] [com.zaxxer.hikari.HikariDataSource] - HikariPool-1 - Shutdown initiated...
2023-11-10 09:39:47.165 INFO  [SpringApplicationShutdownHook] [com.zaxxer.hikari.HikariDataSource] - HikariPool-1 - Shutdown completed.
2023-11-10 09:39:58.180 INFO  [restartedMain] [c.b.back_bipatv.BackBipaTvApplication] - Starting BackBipaTvApplication using Java 11.0.19 on DESKTOP-D6RL7LJ with PID 14384 (C:\Users\HE-Jeon\Desktop\Bit\teamProject\api\out\production\classes started by HE-Jeon in C:\Users\HE-Jeon\Desktop\Bit\teamProject\api)
2023-11-10 09:39:58.179 INFO  [background-preinit] [o.h.validator.internal.util.Version] - HV000001: Hibernate Validator 6.2.5.Final
2023-11-10 09:39:58.186 INFO  [restartedMain] [c.b.back_bipatv.BackBipaTvApplication] - No active profile set, falling back to 1 default profile: "default"
2023-11-10 09:39:58.388 INFO  [restartedMain] [o.s.b.d.e.DevToolsPropertyDefaultsPostProcessor] - Devtools property defaults active! Set 'spring.devtools.add-properties' to 'false' to disable
2023-11-10 09:39:58.389 INFO  [restartedMain] [o.s.b.d.e.DevToolsPropertyDefaultsPostProcessor] - For additional web related logging consider setting the 'logging.level.web' property to 'DEBUG'
2023-11-10 09:40:09.757 WARN  [restartedMain] [com.amazonaws.util.EC2MetadataUtils] - Unable to retrieve the requested metadata (/latest/meta-data/instance-id). Failed to connect to service endpoint: 
com.amazonaws.SdkClientException: Failed to connect to service endpoint: 
	at com.amazonaws.internal.EC2ResourceFetcher.doReadResource(EC2ResourceFetcher.java:112)
	at com.amazonaws.internal.EC2ResourceFetcher.doReadResource(EC2ResourceFetcher.java:70)
	at com.amazonaws.internal.InstanceMetadataServiceResourceFetcher.readResource(InstanceMetadataServiceResourceFetcher.java:75)
	at com.amazonaws.internal.EC2ResourceFetcher.readResource(EC2ResourceFetcher.java:66)
	at com.amazonaws.util.EC2MetadataUtils.getItems(EC2MetadataUtils.java:407)
	at com.amazonaws.util.EC2MetadataUtils.getData(EC2MetadataUtils.java:376)
	at org.springframework.cloud.aws.context.support.env.AwsCloudEnvironmentCheckUtils.isRunningOnCloudEnvironment(AwsCloudEnvironmentCheckUtils.java:38)
	at org.springframework.cloud.aws.context.annotation.OnAwsCloudEnvironmentCondition.matches(OnAwsCloudEnvironmentCondition.java:37)
	at org.springframework.context.annotation.ConditionEvaluator.shouldSkip(ConditionEvaluator.java:108)
	at org.springframework.context.annotation.ConfigurationClassParser.processConfigurationClass(ConfigurationClassParser.java:225)
	at org.springframework.context.annotation.ConfigurationClassParser.processImports(ConfigurationClassParser.java:599)
	at org.springframework.context.annotation.ConfigurationClassParser.access$800(ConfigurationClassParser.java:110)
	at org.springframework.context.annotation.ConfigurationClassParser$DeferredImportSelectorGroupingHandler.lambda$processGroupImports$1(ConfigurationClassParser.java:812)
	at java.base/java.util.ArrayList.forEach(ArrayList.java:1541)
	at org.springframework.context.annotation.ConfigurationClassParser$DeferredImportSelectorGroupingHandler.processGroupImports(ConfigurationClassParser.java:809)
	at org.springframework.context.annotation.ConfigurationClassParser$DeferredImportSelectorHandler.process(ConfigurationClassParser.java:780)
	at org.springframework.context.annotation.ConfigurationClassParser.parse(ConfigurationClassParser.java:192)
	at org.springframework.context.annotation.ConfigurationClassPostProcessor.processConfigBeanDefinitions(ConfigurationClassPostProcessor.java:331)
	at org.springframework.context.annotation.ConfigurationClassPostProcessor.postProcessBeanDefinitionRegistry(ConfigurationClassPostProcessor.java:247)
	at org.springframework.context.support.PostProcessorRegistrationDelegate.invokeBeanDefinitionRegistryPostProcessors(PostProcessorRegistrationDelegate.java:311)
	at org.springframework.context.support.PostProcessorRegistrationDelegate.invokeBeanFactoryPostProcessors(PostProcessorRegistrationDelegate.java:112)
	at org.springframework.context.support.AbstractApplicationContext.invokeBeanFactoryPostProcessors(AbstractApplicationContext.java:748)
	at org.springframework.context.support.AbstractApplicationContext.refresh(AbstractApplicationContext.java:564)
	at org.springframework.boot.web.servlet.context.ServletWebServerApplicationContext.refresh(ServletWebServerApplicationContext.java:147)
	at org.springframework.boot.SpringApplication.refresh(SpringApplication.java:731)
	at org.springframework.boot.SpringApplication.refreshContext(SpringApplication.java:408)
	at org.springframework.boot.SpringApplication.run(SpringApplication.java:307)
	at org.springframework.boot.SpringApplication.run(SpringApplication.java:1303)
	at org.springframework.boot.SpringApplication.run(SpringApplication.java:1292)
	at com.bipa4.back_bipatv.BackBipaTvApplication.main(BackBipaTvApplication.java:16)
	at java.base/jdk.internal.reflect.NativeMethodAccessorImpl.invoke0(Native Method)
	at java.base/jdk.internal.reflect.NativeMethodAccessorImpl.invoke(NativeMethodAccessorImpl.java:62)
	at java.base/jdk.internal.reflect.DelegatingMethodAccessorImpl.invoke(DelegatingMethodAccessorImpl.java:43)
	at java.base/java.lang.reflect.Method.invoke(Method.java:566)
	at org.springframework.boot.devtools.restart.RestartLauncher.run(RestartLauncher.java:50)
Caused by: java.net.SocketTimeoutException: connect timed out
	at java.base/java.net.PlainSocketImpl.waitForConnect(Native Method)
	at java.base/java.net.PlainSocketImpl.socketConnect(PlainSocketImpl.java:107)
	at java.base/java.net.AbstractPlainSocketImpl.doConnect(AbstractPlainSocketImpl.java:412)
	at java.base/java.net.AbstractPlainSocketImpl.connectToAddress(AbstractPlainSocketImpl.java:255)
	at java.base/java.net.AbstractPlainSocketImpl.connect(AbstractPlainSocketImpl.java:237)
	at java.base/java.net.Socket.connect(Socket.java:609)
	at java.base/sun.net.NetworkClient.doConnect(NetworkClient.java:177)
	at java.base/sun.net.www.http.HttpClient.openServer(HttpClient.java:507)
	at java.base/sun.net.www.http.HttpClient.openServer(HttpClient.java:602)
	at java.base/sun.net.www.http.HttpClient.<init>(HttpClient.java:275)
	at java.base/sun.net.www.http.HttpClient.New(HttpClient.java:374)
	at java.base/sun.net.www.http.HttpClient.New(HttpClient.java:395)
	at java.base/sun.net.www.protocol.http.HttpURLConnection.getNewHttpClient(HttpURLConnection.java:1253)
	at java.base/sun.net.www.protocol.http.HttpURLConnection.plainConnect0(HttpURLConnection.java:1232)
	at java.base/sun.net.www.protocol.http.HttpURLConnection.plainConnect(HttpURLConnection.java:1081)
	at java.base/sun.net.www.protocol.http.HttpURLConnection.connect(HttpURLConnection.java:1015)
	at com.amazonaws.internal.ConnectionUtils.connectToEndpoint(ConnectionUtils.java:95)
	at com.amazonaws.internal.EC2ResourceFetcher.doReadResource(EC2ResourceFetcher.java:84)
	... 34 common frames omitted
2023-11-10 09:40:10.766 INFO  [restartedMain] [o.s.d.r.c.RepositoryConfigurationDelegate] - Multiple Spring Data modules found, entering strict repository configuration mode
2023-11-10 09:40:10.770 INFO  [restartedMain] [o.s.d.r.c.RepositoryConfigurationDelegate] - Bootstrapping Spring Data JPA repositories in DEFAULT mode.
2023-11-10 09:40:11.297 INFO  [restartedMain] [o.s.d.r.c.RepositoryConfigurationDelegate] - Finished Spring Data repository scanning in 505 ms. Found 6 JPA repository interfaces.
2023-11-10 09:40:11.333 INFO  [restartedMain] [o.s.d.r.c.RepositoryConfigurationDelegate] - Multiple Spring Data modules found, entering strict repository configuration mode
2023-11-10 09:40:11.338 INFO  [restartedMain] [o.s.d.r.c.RepositoryConfigurationDelegate] - Bootstrapping Spring Data Redis repositories in DEFAULT mode.
2023-11-10 09:40:11.399 INFO  [restartedMain] [o.s.d.r.c.RepositoryConfigurationExtensionSupport] - Spring Data Redis - Could not safely identify store assignment for repository candidate interface com.bipa4.back_bipatv.repository.AccountRepository; If you want this repository to be a Redis repository, consider annotating your entities with one of these annotations: org.springframework.data.redis.core.RedisHash (preferred), or consider extending one of the following types with your repository: org.springframework.data.keyvalue.repository.KeyValueRepository
2023-11-10 09:40:11.400 INFO  [restartedMain] [o.s.d.r.c.RepositoryConfigurationExtensionSupport] - Spring Data Redis - Could not safely identify store assignment for repository candidate interface com.bipa4.back_bipatv.repository.ChannelRepository; If you want this repository to be a Redis repository, consider annotating your entities with one of these annotations: org.springframework.data.redis.core.RedisHash (preferred), or consider extending one of the following types with your repository: org.springframework.data.keyvalue.repository.KeyValueRepository
2023-11-10 09:40:11.401 INFO  [restartedMain] [o.s.d.r.c.RepositoryConfigurationExtensionSupport] - Spring Data Redis - Could not safely identify store assignment for repository candidate interface com.bipa4.back_bipatv.repository.CommentRepository; If you want this repository to be a Redis repository, consider annotating your entities with one of these annotations: org.springframework.data.redis.core.RedisHash (preferred), or consider extending one of the following types with your repository: org.springframework.data.keyvalue.repository.KeyValueRepository
2023-11-10 09:40:11.401 INFO  [restartedMain] [o.s.d.r.c.RepositoryConfigurationExtensionSupport] - Spring Data Redis - Could not safely identify store assignment for repository candidate interface com.bipa4.back_bipatv.repository.LogRepository; If you want this repository to be a Redis repository, consider annotating your entities with one of these annotations: org.springframework.data.redis.core.RedisHash (preferred), or consider extending one of the following types with your repository: org.springframework.data.keyvalue.repository.KeyValueRepository
2023-11-10 09:40:11.403 INFO  [restartedMain] [o.s.d.r.c.RepositoryConfigurationExtensionSupport] - Spring Data Redis - Could not safely identify store assignment for repository candidate interface com.bipa4.back_bipatv.repository.VideoChannelRepository; If you want this repository to be a Redis repository, consider annotating your entities with one of these annotations: org.springframework.data.redis.core.RedisHash (preferred), or consider extending one of the following types with your repository: org.springframework.data.keyvalue.repository.KeyValueRepository
2023-11-10 09:40:11.404 INFO  [restartedMain] [o.s.d.r.c.RepositoryConfigurationExtensionSupport] - Spring Data Redis - Could not safely identify store assignment for repository candidate interface com.bipa4.back_bipatv.repository.VideoRepository; If you want this repository to be a Redis repository, consider annotating your entities with one of these annotations: org.springframework.data.redis.core.RedisHash (preferred), or consider extending one of the following types with your repository: org.springframework.data.keyvalue.repository.KeyValueRepository
2023-11-10 09:40:11.404 INFO  [restartedMain] [o.s.d.r.c.RepositoryConfigurationDelegate] - Finished Spring Data repository scanning in 42 ms. Found 0 Redis repository interfaces.
2023-11-10 09:40:12.297 INFO  [restartedMain] [c.u.j.c.EnableEncryptablePropertiesBeanFactoryPostProcessor] - Post-processing PropertySource instances
2023-11-10 09:40:12.299 INFO  [restartedMain] [c.u.j.EncryptablePropertySourceConverter] - Skipping PropertySource configurationProperties [class org.springframework.boot.context.properties.source.ConfigurationPropertySourcesPropertySource
2023-11-10 09:40:12.303 INFO  [restartedMain] [c.u.j.EncryptablePropertySourceConverter] - Skipping PropertySource servletConfigInitParams [class org.springframework.core.env.PropertySource$StubPropertySource
2023-11-10 09:40:12.304 INFO  [restartedMain] [c.u.j.EncryptablePropertySourceConverter] - Skipping PropertySource servletContextInitParams [class org.springframework.core.env.PropertySource$StubPropertySource
2023-11-10 09:40:12.309 INFO  [restartedMain] [c.u.j.EncryptablePropertySourceConverter] - Converting PropertySource systemProperties [org.springframework.core.env.PropertiesPropertySource] to EncryptableMapPropertySourceWrapper
2023-11-10 09:40:12.310 INFO  [restartedMain] [c.u.j.EncryptablePropertySourceConverter] - Converting PropertySource systemEnvironment [org.springframework.boot.env.SystemEnvironmentPropertySourceEnvironmentPostProcessor$OriginAwareSystemEnvironmentPropertySource] to EncryptableSystemEnvironmentPropertySourceWrapper
2023-11-10 09:40:12.311 INFO  [restartedMain] [c.u.j.EncryptablePropertySourceConverter] - Converting PropertySource random [org.springframework.boot.env.RandomValuePropertySource] to EncryptablePropertySourceWrapper
2023-11-10 09:40:12.311 INFO  [restartedMain] [c.u.j.EncryptablePropertySourceConverter] - Converting PropertySource Config resource 'class path resource [application.yml]' via location 'optional:classpath:/' [org.springframework.boot.env.OriginTrackedMapPropertySource] to EncryptableMapPropertySourceWrapper
2023-11-10 09:40:12.311 INFO  [restartedMain] [c.u.j.EncryptablePropertySourceConverter] - Converting PropertySource devtools [org.springframework.core.env.MapPropertySource] to EncryptableMapPropertySourceWrapper
2023-11-10 09:40:13.459 INFO  [restartedMain] [c.u.j.filter.DefaultLazyPropertyFilter] - Property Filter custom Bean not found with name 'encryptablePropertyFilter'. Initializing Default Property Filter
2023-11-10 09:40:13.481 INFO  [restartedMain] [c.u.j.r.DefaultLazyPropertyResolver] - Property Resolver custom Bean not found with name 'encryptablePropertyResolver'. Initializing Default Property Resolver
2023-11-10 09:40:13.486 INFO  [restartedMain] [c.u.j.d.DefaultLazyPropertyDetector] - Property Detector custom Bean not found with name 'encryptablePropertyDetector'. Initializing Default Property Detector
2023-11-10 09:40:15.388 INFO  [restartedMain] [o.s.b.w.embedded.tomcat.TomcatWebServer] - Tomcat initialized with port(s): 8080 (http)
2023-11-10 09:40:15.405 INFO  [restartedMain] [o.apache.coyote.http11.Http11NioProtocol] - Initializing ProtocolHandler ["http-nio-127.0.0.1-8080"]
2023-11-10 09:40:15.408 INFO  [restartedMain] [org.apache.catalina.core.StandardService] - Starting service [Tomcat]
2023-11-10 09:40:15.408 INFO  [restartedMain] [org.apache.catalina.core.StandardEngine] - Starting Servlet engine: [Apache Tomcat/9.0.79]
2023-11-10 09:40:15.759 INFO  [restartedMain] [o.a.c.c.C.[Tomcat].[localhost].[/]] - Initializing Spring embedded WebApplicationContext
2023-11-10 09:40:15.759 INFO  [restartedMain] [o.s.b.w.s.c.ServletWebServerApplicationContext] - Root WebApplicationContext: initialization completed in 17367 ms
2023-11-10 09:40:16.686 INFO  [restartedMain] [o.hibernate.jpa.internal.util.LogHelper] - HHH000204: Processing PersistenceUnitInfo [name: default]
2023-11-10 09:40:16.836 INFO  [restartedMain] [org.hibernate.Version] - HHH000412: Hibernate ORM core version 5.6.15.Final
2023-11-10 09:40:17.350 INFO  [restartedMain] [org.hibernate.annotations.common.Version] - HCANN000001: Hibernate Commons Annotations {5.1.2.Final}
2023-11-10 09:40:17.638 INFO  [restartedMain] [com.zaxxer.hikari.HikariDataSource] - HikariPool-1 - Starting...
2023-11-10 09:40:18.284 INFO  [restartedMain] [com.zaxxer.hikari.HikariDataSource] - HikariPool-1 - Start completed.
2023-11-10 09:40:18.321 INFO  [restartedMain] [org.hibernate.dialect.Dialect] - HHH000400: Using dialect: org.hibernate.dialect.MySQL5InnoDBDialect
2023-11-10 09:40:21.049 INFO  [restartedMain] [o.h.e.t.j.p.i.JtaPlatformInitiator] - HHH000490: Using JtaPlatform implementation: [org.hibernate.engine.transaction.jta.platform.internal.NoJtaPlatform]
2023-11-10 09:40:21.068 INFO  [restartedMain] [o.s.o.j.LocalContainerEntityManagerFactoryBean] - Initialized JPA EntityManagerFactory for persistence unit 'default'
2023-11-10 09:40:27.574 INFO  [restartedMain] [o.s.b.a.e.web.EndpointLinksResolver] - Exposing 2 endpoint(s) beneath base path '/checking'
2023-11-10 09:40:28.111 INFO  [restartedMain] [o.s.b.d.a.OptionalLiveReloadServer] - LiveReload server is running on port 35729
2023-11-10 09:40:29.402 INFO  [restartedMain] [o.apache.coyote.http11.Http11NioProtocol] - Starting ProtocolHandler ["http-nio-127.0.0.1-8080"]
2023-11-10 09:40:29.445 INFO  [restartedMain] [o.s.b.w.embedded.tomcat.TomcatWebServer] - Tomcat started on port(s): 8080 (http) with context path ''
2023-11-10 09:40:29.446 INFO  [restartedMain] [c.u.j.c.RefreshScopeRefreshedEventListener] - Refreshing cached encryptable property sources on ServletWebServerInitializedEvent
2023-11-10 09:40:29.446 INFO  [restartedMain] [c.u.j.c.CachingDelegateEncryptablePropertySource] - Property Source systemProperties refreshed
2023-11-10 09:40:29.447 INFO  [restartedMain] [c.u.j.c.CachingDelegateEncryptablePropertySource] - Property Source systemEnvironment refreshed
2023-11-10 09:40:29.447 INFO  [restartedMain] [c.u.j.c.CachingDelegateEncryptablePropertySource] - Property Source random refreshed
2023-11-10 09:40:29.447 INFO  [restartedMain] [c.u.j.c.CachingDelegateEncryptablePropertySource] - Property Source Config resource 'class path resource [application.yml]' via location 'optional:classpath:/' refreshed
2023-11-10 09:40:29.447 INFO  [restartedMain] [c.u.j.c.CachingDelegateEncryptablePropertySource] - Property Source devtools refreshed
2023-11-10 09:40:29.447 INFO  [restartedMain] [c.u.j.EncryptablePropertySourceConverter] - Converting PropertySource server.ports [org.springframework.core.env.MapPropertySource] to EncryptableMapPropertySourceWrapper
2023-11-10 09:40:29.447 INFO  [restartedMain] [c.u.j.EncryptablePropertySourceConverter] - Skipping PropertySource configurationProperties [class org.springframework.boot.context.properties.source.ConfigurationPropertySourcesPropertySource
2023-11-10 09:40:29.447 INFO  [restartedMain] [c.u.j.EncryptablePropertySourceConverter] - Skipping PropertySource servletConfigInitParams [class org.springframework.core.env.PropertySource$StubPropertySource
2023-11-10 09:40:29.447 INFO  [restartedMain] [c.u.j.EncryptablePropertySourceConverter] - Converting PropertySource servletContextInitParams [org.springframework.web.context.support.ServletContextPropertySource] to EncryptableEnumerablePropertySourceWrapper
2023-11-10 09:40:29.448 INFO  [restartedMain] [c.u.j.EncryptablePropertySourceConverter] - Converting PropertySource Management Server [org.springframework.boot.actuate.autoconfigure.web.server.ManagementContextAutoConfiguration$SameManagementContextConfiguration$1] to EncryptablePropertySourceWrapper
2023-11-10 09:40:30.480 INFO  [restartedMain] [c.b.back_bipatv.BackBipaTvApplication] - Started BackBipaTvApplication in 34.689 seconds (JVM running for 39.305)
2023-11-10 09:40:39.744 INFO  [http-nio-127.0.0.1-8080-exec-1] [o.a.c.c.C.[Tomcat].[localhost].[/]] - Initializing Spring DispatcherServlet 'dispatcherServlet'
2023-11-10 09:40:39.744 INFO  [http-nio-127.0.0.1-8080-exec-1] [o.s.web.servlet.DispatcherServlet] - Initializing Servlet 'dispatcherServlet'
2023-11-10 09:40:39.746 INFO  [http-nio-127.0.0.1-8080-exec-1] [o.s.web.servlet.DispatcherServlet] - Completed initialization in 2 ms
2023-11-10 09:40:41.418 INFO  [http-nio-127.0.0.1-8080-exec-1] [c.b.back_bipatv.interceptor.Interceptor] - 사용자: 전하은 호출 url: /video/detail/aee36157-018b-1000-ffff-ce5b556e0000
2023-11-10 09:40:41.529 WARN  [http-nio-127.0.0.1-8080-exec-1] [o.a.m.c.t.i.m.jdbc.AbstractJDBCDataModel] - You are not using ConnectionPoolDataSource. Make sure your DataSource pools connections to the database itself, or database performance will be severely reduced.
2023-11-10 09:41:26.825 INFO  [http-nio-127.0.0.1-8080-exec-1] [c.b.back_bipatv.interceptor.Interceptor] - afterCompletion Response status: 400
2023-11-10 09:41:27.110 INFO  [SpringApplicationShutdownHook] [o.s.o.j.LocalContainerEntityManagerFactoryBean] - Closing JPA EntityManagerFactory for persistence unit 'default'
2023-11-10 09:41:27.118 INFO  [SpringApplicationShutdownHook] [com.zaxxer.hikari.HikariDataSource] - HikariPool-1 - Shutdown initiated...
2023-11-10 09:41:27.141 INFO  [SpringApplicationShutdownHook] [com.zaxxer.hikari.HikariDataSource] - HikariPool-1 - Shutdown completed.
2023-11-10 09:42:01.955 INFO  [restartedMain] [c.b.back_bipatv.BackBipaTvApplication] - Starting BackBipaTvApplication using Java 11.0.19 on DESKTOP-D6RL7LJ with PID 14356 (C:\Users\HE-Jeon\Desktop\Bit\teamProject\api\out\production\classes started by HE-Jeon in C:\Users\HE-Jeon\Desktop\Bit\teamProject\api)
2023-11-10 09:42:01.960 INFO  [restartedMain] [c.b.back_bipatv.BackBipaTvApplication] - No active profile set, falling back to 1 default profile: "default"
2023-11-10 09:42:02.018 INFO  [background-preinit] [o.h.validator.internal.util.Version] - HV000001: Hibernate Validator 6.2.5.Final
2023-11-10 09:42:02.233 INFO  [restartedMain] [o.s.b.d.e.DevToolsPropertyDefaultsPostProcessor] - Devtools property defaults active! Set 'spring.devtools.add-properties' to 'false' to disable
2023-11-10 09:42:02.233 INFO  [restartedMain] [o.s.b.d.e.DevToolsPropertyDefaultsPostProcessor] - For additional web related logging consider setting the 'logging.level.web' property to 'DEBUG'
2023-11-10 09:42:13.186 WARN  [restartedMain] [com.amazonaws.util.EC2MetadataUtils] - Unable to retrieve the requested metadata (/latest/meta-data/instance-id). Failed to connect to service endpoint: 
com.amazonaws.SdkClientException: Failed to connect to service endpoint: 
	at com.amazonaws.internal.EC2ResourceFetcher.doReadResource(EC2ResourceFetcher.java:112)
	at com.amazonaws.internal.EC2ResourceFetcher.doReadResource(EC2ResourceFetcher.java:70)
	at com.amazonaws.internal.InstanceMetadataServiceResourceFetcher.readResource(InstanceMetadataServiceResourceFetcher.java:75)
	at com.amazonaws.internal.EC2ResourceFetcher.readResource(EC2ResourceFetcher.java:66)
	at com.amazonaws.util.EC2MetadataUtils.getItems(EC2MetadataUtils.java:407)
	at com.amazonaws.util.EC2MetadataUtils.getData(EC2MetadataUtils.java:376)
	at org.springframework.cloud.aws.context.support.env.AwsCloudEnvironmentCheckUtils.isRunningOnCloudEnvironment(AwsCloudEnvironmentCheckUtils.java:38)
	at org.springframework.cloud.aws.context.annotation.OnAwsCloudEnvironmentCondition.matches(OnAwsCloudEnvironmentCondition.java:37)
	at org.springframework.context.annotation.ConditionEvaluator.shouldSkip(ConditionEvaluator.java:108)
	at org.springframework.context.annotation.ConfigurationClassParser.processConfigurationClass(ConfigurationClassParser.java:225)
	at org.springframework.context.annotation.ConfigurationClassParser.processImports(ConfigurationClassParser.java:599)
	at org.springframework.context.annotation.ConfigurationClassParser.access$800(ConfigurationClassParser.java:110)
	at org.springframework.context.annotation.ConfigurationClassParser$DeferredImportSelectorGroupingHandler.lambda$processGroupImports$1(ConfigurationClassParser.java:812)
	at java.base/java.util.ArrayList.forEach(ArrayList.java:1541)
	at org.springframework.context.annotation.ConfigurationClassParser$DeferredImportSelectorGroupingHandler.processGroupImports(ConfigurationClassParser.java:809)
	at org.springframework.context.annotation.ConfigurationClassParser$DeferredImportSelectorHandler.process(ConfigurationClassParser.java:780)
	at org.springframework.context.annotation.ConfigurationClassParser.parse(ConfigurationClassParser.java:192)
	at org.springframework.context.annotation.ConfigurationClassPostProcessor.processConfigBeanDefinitions(ConfigurationClassPostProcessor.java:331)
	at org.springframework.context.annotation.ConfigurationClassPostProcessor.postProcessBeanDefinitionRegistry(ConfigurationClassPostProcessor.java:247)
	at org.springframework.context.support.PostProcessorRegistrationDelegate.invokeBeanDefinitionRegistryPostProcessors(PostProcessorRegistrationDelegate.java:311)
	at org.springframework.context.support.PostProcessorRegistrationDelegate.invokeBeanFactoryPostProcessors(PostProcessorRegistrationDelegate.java:112)
	at org.springframework.context.support.AbstractApplicationContext.invokeBeanFactoryPostProcessors(AbstractApplicationContext.java:748)
	at org.springframework.context.support.AbstractApplicationContext.refresh(AbstractApplicationContext.java:564)
	at org.springframework.boot.web.servlet.context.ServletWebServerApplicationContext.refresh(ServletWebServerApplicationContext.java:147)
	at org.springframework.boot.SpringApplication.refresh(SpringApplication.java:731)
	at org.springframework.boot.SpringApplication.refreshContext(SpringApplication.java:408)
	at org.springframework.boot.SpringApplication.run(SpringApplication.java:307)
	at org.springframework.boot.SpringApplication.run(SpringApplication.java:1303)
	at org.springframework.boot.SpringApplication.run(SpringApplication.java:1292)
	at com.bipa4.back_bipatv.BackBipaTvApplication.main(BackBipaTvApplication.java:16)
	at java.base/jdk.internal.reflect.NativeMethodAccessorImpl.invoke0(Native Method)
	at java.base/jdk.internal.reflect.NativeMethodAccessorImpl.invoke(NativeMethodAccessorImpl.java:62)
	at java.base/jdk.internal.reflect.DelegatingMethodAccessorImpl.invoke(DelegatingMethodAccessorImpl.java:43)
	at java.base/java.lang.reflect.Method.invoke(Method.java:566)
	at org.springframework.boot.devtools.restart.RestartLauncher.run(RestartLauncher.java:50)
Caused by: java.net.SocketTimeoutException: connect timed out
	at java.base/java.net.PlainSocketImpl.waitForConnect(Native Method)
	at java.base/java.net.PlainSocketImpl.socketConnect(PlainSocketImpl.java:107)
	at java.base/java.net.AbstractPlainSocketImpl.doConnect(AbstractPlainSocketImpl.java:412)
	at java.base/java.net.AbstractPlainSocketImpl.connectToAddress(AbstractPlainSocketImpl.java:255)
	at java.base/java.net.AbstractPlainSocketImpl.connect(AbstractPlainSocketImpl.java:237)
	at java.base/java.net.Socket.connect(Socket.java:609)
	at java.base/sun.net.NetworkClient.doConnect(NetworkClient.java:177)
	at java.base/sun.net.www.http.HttpClient.openServer(HttpClient.java:507)
	at java.base/sun.net.www.http.HttpClient.openServer(HttpClient.java:602)
	at java.base/sun.net.www.http.HttpClient.<init>(HttpClient.java:275)
	at java.base/sun.net.www.http.HttpClient.New(HttpClient.java:374)
	at java.base/sun.net.www.http.HttpClient.New(HttpClient.java:395)
	at java.base/sun.net.www.protocol.http.HttpURLConnection.getNewHttpClient(HttpURLConnection.java:1253)
	at java.base/sun.net.www.protocol.http.HttpURLConnection.plainConnect0(HttpURLConnection.java:1232)
	at java.base/sun.net.www.protocol.http.HttpURLConnection.plainConnect(HttpURLConnection.java:1081)
	at java.base/sun.net.www.protocol.http.HttpURLConnection.connect(HttpURLConnection.java:1015)
	at com.amazonaws.internal.ConnectionUtils.connectToEndpoint(ConnectionUtils.java:95)
	at com.amazonaws.internal.EC2ResourceFetcher.doReadResource(EC2ResourceFetcher.java:84)
	... 34 common frames omitted
2023-11-10 09:42:14.173 INFO  [restartedMain] [o.s.d.r.c.RepositoryConfigurationDelegate] - Multiple Spring Data modules found, entering strict repository configuration mode
2023-11-10 09:42:14.177 INFO  [restartedMain] [o.s.d.r.c.RepositoryConfigurationDelegate] - Bootstrapping Spring Data JPA repositories in DEFAULT mode.
2023-11-10 09:42:14.926 INFO  [restartedMain] [o.s.d.r.c.RepositoryConfigurationDelegate] - Finished Spring Data repository scanning in 729 ms. Found 6 JPA repository interfaces.
2023-11-10 09:42:14.974 INFO  [restartedMain] [o.s.d.r.c.RepositoryConfigurationDelegate] - Multiple Spring Data modules found, entering strict repository configuration mode
2023-11-10 09:42:14.977 INFO  [restartedMain] [o.s.d.r.c.RepositoryConfigurationDelegate] - Bootstrapping Spring Data Redis repositories in DEFAULT mode.
2023-11-10 09:42:15.038 INFO  [restartedMain] [o.s.d.r.c.RepositoryConfigurationExtensionSupport] - Spring Data Redis - Could not safely identify store assignment for repository candidate interface com.bipa4.back_bipatv.repository.AccountRepository; If you want this repository to be a Redis repository, consider annotating your entities with one of these annotations: org.springframework.data.redis.core.RedisHash (preferred), or consider extending one of the following types with your repository: org.springframework.data.keyvalue.repository.KeyValueRepository
2023-11-10 09:42:15.039 INFO  [restartedMain] [o.s.d.r.c.RepositoryConfigurationExtensionSupport] - Spring Data Redis - Could not safely identify store assignment for repository candidate interface com.bipa4.back_bipatv.repository.ChannelRepository; If you want this repository to be a Redis repository, consider annotating your entities with one of these annotations: org.springframework.data.redis.core.RedisHash (preferred), or consider extending one of the following types with your repository: org.springframework.data.keyvalue.repository.KeyValueRepository
2023-11-10 09:42:15.040 INFO  [restartedMain] [o.s.d.r.c.RepositoryConfigurationExtensionSupport] - Spring Data Redis - Could not safely identify store assignment for repository candidate interface com.bipa4.back_bipatv.repository.CommentRepository; If you want this repository to be a Redis repository, consider annotating your entities with one of these annotations: org.springframework.data.redis.core.RedisHash (preferred), or consider extending one of the following types with your repository: org.springframework.data.keyvalue.repository.KeyValueRepository
2023-11-10 09:42:15.040 INFO  [restartedMain] [o.s.d.r.c.RepositoryConfigurationExtensionSupport] - Spring Data Redis - Could not safely identify store assignment for repository candidate interface com.bipa4.back_bipatv.repository.LogRepository; If you want this repository to be a Redis repository, consider annotating your entities with one of these annotations: org.springframework.data.redis.core.RedisHash (preferred), or consider extending one of the following types with your repository: org.springframework.data.keyvalue.repository.KeyValueRepository
2023-11-10 09:42:15.042 INFO  [restartedMain] [o.s.d.r.c.RepositoryConfigurationExtensionSupport] - Spring Data Redis - Could not safely identify store assignment for repository candidate interface com.bipa4.back_bipatv.repository.VideoChannelRepository; If you want this repository to be a Redis repository, consider annotating your entities with one of these annotations: org.springframework.data.redis.core.RedisHash (preferred), or consider extending one of the following types with your repository: org.springframework.data.keyvalue.repository.KeyValueRepository
2023-11-10 09:42:15.043 INFO  [restartedMain] [o.s.d.r.c.RepositoryConfigurationExtensionSupport] - Spring Data Redis - Could not safely identify store assignment for repository candidate interface com.bipa4.back_bipatv.repository.VideoRepository; If you want this repository to be a Redis repository, consider annotating your entities with one of these annotations: org.springframework.data.redis.core.RedisHash (preferred), or consider extending one of the following types with your repository: org.springframework.data.keyvalue.repository.KeyValueRepository
2023-11-10 09:42:15.043 INFO  [restartedMain] [o.s.d.r.c.RepositoryConfigurationDelegate] - Finished Spring Data repository scanning in 40 ms. Found 0 Redis repository interfaces.
2023-11-10 09:42:15.960 INFO  [restartedMain] [c.u.j.c.EnableEncryptablePropertiesBeanFactoryPostProcessor] - Post-processing PropertySource instances
2023-11-10 09:42:15.962 INFO  [restartedMain] [c.u.j.EncryptablePropertySourceConverter] - Skipping PropertySource configurationProperties [class org.springframework.boot.context.properties.source.ConfigurationPropertySourcesPropertySource
2023-11-10 09:42:15.965 INFO  [restartedMain] [c.u.j.EncryptablePropertySourceConverter] - Skipping PropertySource servletConfigInitParams [class org.springframework.core.env.PropertySource$StubPropertySource
2023-11-10 09:42:15.966 INFO  [restartedMain] [c.u.j.EncryptablePropertySourceConverter] - Skipping PropertySource servletContextInitParams [class org.springframework.core.env.PropertySource$StubPropertySource
2023-11-10 09:42:15.968 INFO  [restartedMain] [c.u.j.EncryptablePropertySourceConverter] - Converting PropertySource systemProperties [org.springframework.core.env.PropertiesPropertySource] to EncryptableMapPropertySourceWrapper
2023-11-10 09:42:15.969 INFO  [restartedMain] [c.u.j.EncryptablePropertySourceConverter] - Converting PropertySource systemEnvironment [org.springframework.boot.env.SystemEnvironmentPropertySourceEnvironmentPostProcessor$OriginAwareSystemEnvironmentPropertySource] to EncryptableSystemEnvironmentPropertySourceWrapper
2023-11-10 09:42:15.969 INFO  [restartedMain] [c.u.j.EncryptablePropertySourceConverter] - Converting PropertySource random [org.springframework.boot.env.RandomValuePropertySource] to EncryptablePropertySourceWrapper
2023-11-10 09:42:15.970 INFO  [restartedMain] [c.u.j.EncryptablePropertySourceConverter] - Converting PropertySource Config resource 'class path resource [application.yml]' via location 'optional:classpath:/' [org.springframework.boot.env.OriginTrackedMapPropertySource] to EncryptableMapPropertySourceWrapper
2023-11-10 09:42:15.970 INFO  [restartedMain] [c.u.j.EncryptablePropertySourceConverter] - Converting PropertySource devtools [org.springframework.core.env.MapPropertySource] to EncryptableMapPropertySourceWrapper
2023-11-10 09:42:17.027 INFO  [restartedMain] [c.u.j.filter.DefaultLazyPropertyFilter] - Property Filter custom Bean not found with name 'encryptablePropertyFilter'. Initializing Default Property Filter
2023-11-10 09:42:17.043 INFO  [restartedMain] [c.u.j.r.DefaultLazyPropertyResolver] - Property Resolver custom Bean not found with name 'encryptablePropertyResolver'. Initializing Default Property Resolver
2023-11-10 09:42:17.048 INFO  [restartedMain] [c.u.j.d.DefaultLazyPropertyDetector] - Property Detector custom Bean not found with name 'encryptablePropertyDetector'. Initializing Default Property Detector
2023-11-10 09:42:18.793 INFO  [restartedMain] [o.s.b.w.embedded.tomcat.TomcatWebServer] - Tomcat initialized with port(s): 8080 (http)
2023-11-10 09:42:18.809 INFO  [restartedMain] [o.apache.coyote.http11.Http11NioProtocol] - Initializing ProtocolHandler ["http-nio-127.0.0.1-8080"]
2023-11-10 09:42:18.814 INFO  [restartedMain] [org.apache.catalina.core.StandardService] - Starting service [Tomcat]
2023-11-10 09:42:18.814 INFO  [restartedMain] [org.apache.catalina.core.StandardEngine] - Starting Servlet engine: [Apache Tomcat/9.0.79]
2023-11-10 09:42:19.173 INFO  [restartedMain] [o.a.c.c.C.[Tomcat].[localhost].[/]] - Initializing Spring embedded WebApplicationContext
2023-11-10 09:42:19.173 INFO  [restartedMain] [o.s.b.w.s.c.ServletWebServerApplicationContext] - Root WebApplicationContext: initialization completed in 16938 ms
2023-11-10 09:42:20.009 INFO  [restartedMain] [o.hibernate.jpa.internal.util.LogHelper] - HHH000204: Processing PersistenceUnitInfo [name: default]
2023-11-10 09:42:20.180 INFO  [restartedMain] [org.hibernate.Version] - HHH000412: Hibernate ORM core version 5.6.15.Final
2023-11-10 09:42:20.636 INFO  [restartedMain] [org.hibernate.annotations.common.Version] - HCANN000001: Hibernate Commons Annotations {5.1.2.Final}
2023-11-10 09:42:20.922 INFO  [restartedMain] [com.zaxxer.hikari.HikariDataSource] - HikariPool-1 - Starting...
2023-11-10 09:42:21.566 INFO  [restartedMain] [com.zaxxer.hikari.HikariDataSource] - HikariPool-1 - Start completed.
2023-11-10 09:42:21.594 INFO  [restartedMain] [org.hibernate.dialect.Dialect] - HHH000400: Using dialect: org.hibernate.dialect.MySQL5InnoDBDialect
2023-11-10 09:42:24.137 INFO  [restartedMain] [o.h.e.t.j.p.i.JtaPlatformInitiator] - HHH000490: Using JtaPlatform implementation: [org.hibernate.engine.transaction.jta.platform.internal.NoJtaPlatform]
2023-11-10 09:42:24.154 INFO  [restartedMain] [o.s.o.j.LocalContainerEntityManagerFactoryBean] - Initialized JPA EntityManagerFactory for persistence unit 'default'
2023-11-10 09:42:29.688 INFO  [restartedMain] [o.s.b.a.e.web.EndpointLinksResolver] - Exposing 2 endpoint(s) beneath base path '/checking'
2023-11-10 09:42:30.165 INFO  [restartedMain] [o.s.b.d.a.OptionalLiveReloadServer] - LiveReload server is running on port 35729
2023-11-10 09:42:31.447 INFO  [restartedMain] [o.apache.coyote.http11.Http11NioProtocol] - Starting ProtocolHandler ["http-nio-127.0.0.1-8080"]
2023-11-10 09:42:31.470 INFO  [restartedMain] [o.s.b.w.embedded.tomcat.TomcatWebServer] - Tomcat started on port(s): 8080 (http) with context path ''
2023-11-10 09:42:31.471 INFO  [restartedMain] [c.u.j.c.RefreshScopeRefreshedEventListener] - Refreshing cached encryptable property sources on ServletWebServerInitializedEvent
2023-11-10 09:42:31.472 INFO  [restartedMain] [c.u.j.c.CachingDelegateEncryptablePropertySource] - Property Source systemProperties refreshed
2023-11-10 09:42:31.472 INFO  [restartedMain] [c.u.j.c.CachingDelegateEncryptablePropertySource] - Property Source systemEnvironment refreshed
2023-11-10 09:42:31.472 INFO  [restartedMain] [c.u.j.c.CachingDelegateEncryptablePropertySource] - Property Source random refreshed
2023-11-10 09:42:31.473 INFO  [restartedMain] [c.u.j.c.CachingDelegateEncryptablePropertySource] - Property Source Config resource 'class path resource [application.yml]' via location 'optional:classpath:/' refreshed
2023-11-10 09:42:31.473 INFO  [restartedMain] [c.u.j.c.CachingDelegateEncryptablePropertySource] - Property Source devtools refreshed
2023-11-10 09:42:31.473 INFO  [restartedMain] [c.u.j.EncryptablePropertySourceConverter] - Converting PropertySource server.ports [org.springframework.core.env.MapPropertySource] to EncryptableMapPropertySourceWrapper
2023-11-10 09:42:31.473 INFO  [restartedMain] [c.u.j.EncryptablePropertySourceConverter] - Skipping PropertySource configurationProperties [class org.springframework.boot.context.properties.source.ConfigurationPropertySourcesPropertySource
2023-11-10 09:42:31.473 INFO  [restartedMain] [c.u.j.EncryptablePropertySourceConverter] - Skipping PropertySource servletConfigInitParams [class org.springframework.core.env.PropertySource$StubPropertySource
2023-11-10 09:42:31.473 INFO  [restartedMain] [c.u.j.EncryptablePropertySourceConverter] - Converting PropertySource servletContextInitParams [org.springframework.web.context.support.ServletContextPropertySource] to EncryptableEnumerablePropertySourceWrapper
2023-11-10 09:42:31.474 INFO  [restartedMain] [c.u.j.EncryptablePropertySourceConverter] - Converting PropertySource Management Server [org.springframework.boot.actuate.autoconfigure.web.server.ManagementContextAutoConfiguration$SameManagementContextConfiguration$1] to EncryptablePropertySourceWrapper
2023-11-10 09:42:32.342 INFO  [http-nio-127.0.0.1-8080-exec-1] [o.a.c.c.C.[Tomcat].[localhost].[/]] - Initializing Spring DispatcherServlet 'dispatcherServlet'
2023-11-10 09:42:32.342 INFO  [http-nio-127.0.0.1-8080-exec-1] [o.s.web.servlet.DispatcherServlet] - Initializing Servlet 'dispatcherServlet'
2023-11-10 09:42:32.346 INFO  [http-nio-127.0.0.1-8080-exec-1] [o.s.web.servlet.DispatcherServlet] - Completed initialization in 4 ms
2023-11-10 09:42:32.910 INFO  [restartedMain] [c.b.back_bipatv.BackBipaTvApplication] - Started BackBipaTvApplication in 33.217 seconds (JVM running for 35.432)
2023-11-10 09:42:34.051 INFO  [http-nio-127.0.0.1-8080-exec-1] [c.b.back_bipatv.interceptor.Interceptor] - 사용자: 전하은 호출 url: /video/detail/aee36157-018b-1000-ffff-ce5b556e0000
2023-11-10 09:42:34.213 WARN  [http-nio-127.0.0.1-8080-exec-1] [o.a.m.c.t.i.m.jdbc.AbstractJDBCDataModel] - You are not using ConnectionPoolDataSource. Make sure your DataSource pools connections to the database itself, or database performance will be severely reduced.
2023-11-10 09:42:34.729 INFO  [http-nio-127.0.0.1-8080-exec-1] [c.b.back_bipatv.interceptor.Interceptor] - afterCompletion Response status: 400
2023-11-10 09:42:44.173 INFO  [SpringApplicationShutdownHook] [o.s.o.j.LocalContainerEntityManagerFactoryBean] - Closing JPA EntityManagerFactory for persistence unit 'default'
2023-11-10 09:42:44.179 INFO  [SpringApplicationShutdownHook] [com.zaxxer.hikari.HikariDataSource] - HikariPool-1 - Shutdown initiated...
2023-11-10 09:42:44.202 INFO  [SpringApplicationShutdownHook] [com.zaxxer.hikari.HikariDataSource] - HikariPool-1 - Shutdown completed.
2023-11-10 09:42:53.680 INFO  [background-preinit] [o.h.validator.internal.util.Version] - HV000001: Hibernate Validator 6.2.5.Final
2023-11-10 09:42:53.683 INFO  [restartedMain] [c.b.back_bipatv.BackBipaTvApplication] - Starting BackBipaTvApplication using Java 11.0.19 on DESKTOP-D6RL7LJ with PID 26428 (C:\Users\HE-Jeon\Desktop\Bit\teamProject\api\out\production\classes started by HE-Jeon in C:\Users\HE-Jeon\Desktop\Bit\teamProject\api)
2023-11-10 09:42:53.685 INFO  [restartedMain] [c.b.back_bipatv.BackBipaTvApplication] - No active profile set, falling back to 1 default profile: "default"
2023-11-10 09:42:53.885 INFO  [restartedMain] [o.s.b.d.e.DevToolsPropertyDefaultsPostProcessor] - Devtools property defaults active! Set 'spring.devtools.add-properties' to 'false' to disable
2023-11-10 09:42:53.886 INFO  [restartedMain] [o.s.b.d.e.DevToolsPropertyDefaultsPostProcessor] - For additional web related logging consider setting the 'logging.level.web' property to 'DEBUG'
2023-11-10 09:43:05.289 WARN  [restartedMain] [com.amazonaws.util.EC2MetadataUtils] - Unable to retrieve the requested metadata (/latest/meta-data/instance-id). Failed to connect to service endpoint: 
com.amazonaws.SdkClientException: Failed to connect to service endpoint: 
	at com.amazonaws.internal.EC2ResourceFetcher.doReadResource(EC2ResourceFetcher.java:112)
	at com.amazonaws.internal.EC2ResourceFetcher.doReadResource(EC2ResourceFetcher.java:70)
	at com.amazonaws.internal.InstanceMetadataServiceResourceFetcher.readResource(InstanceMetadataServiceResourceFetcher.java:75)
	at com.amazonaws.internal.EC2ResourceFetcher.readResource(EC2ResourceFetcher.java:66)
	at com.amazonaws.util.EC2MetadataUtils.getItems(EC2MetadataUtils.java:407)
	at com.amazonaws.util.EC2MetadataUtils.getData(EC2MetadataUtils.java:376)
	at org.springframework.cloud.aws.context.support.env.AwsCloudEnvironmentCheckUtils.isRunningOnCloudEnvironment(AwsCloudEnvironmentCheckUtils.java:38)
	at org.springframework.cloud.aws.context.annotation.OnAwsCloudEnvironmentCondition.matches(OnAwsCloudEnvironmentCondition.java:37)
	at org.springframework.context.annotation.ConditionEvaluator.shouldSkip(ConditionEvaluator.java:108)
	at org.springframework.context.annotation.ConfigurationClassParser.processConfigurationClass(ConfigurationClassParser.java:225)
	at org.springframework.context.annotation.ConfigurationClassParser.processImports(ConfigurationClassParser.java:599)
	at org.springframework.context.annotation.ConfigurationClassParser.access$800(ConfigurationClassParser.java:110)
	at org.springframework.context.annotation.ConfigurationClassParser$DeferredImportSelectorGroupingHandler.lambda$processGroupImports$1(ConfigurationClassParser.java:812)
	at java.base/java.util.ArrayList.forEach(ArrayList.java:1541)
	at org.springframework.context.annotation.ConfigurationClassParser$DeferredImportSelectorGroupingHandler.processGroupImports(ConfigurationClassParser.java:809)
	at org.springframework.context.annotation.ConfigurationClassParser$DeferredImportSelectorHandler.process(ConfigurationClassParser.java:780)
	at org.springframework.context.annotation.ConfigurationClassParser.parse(ConfigurationClassParser.java:192)
	at org.springframework.context.annotation.ConfigurationClassPostProcessor.processConfigBeanDefinitions(ConfigurationClassPostProcessor.java:331)
	at org.springframework.context.annotation.ConfigurationClassPostProcessor.postProcessBeanDefinitionRegistry(ConfigurationClassPostProcessor.java:247)
	at org.springframework.context.support.PostProcessorRegistrationDelegate.invokeBeanDefinitionRegistryPostProcessors(PostProcessorRegistrationDelegate.java:311)
	at org.springframework.context.support.PostProcessorRegistrationDelegate.invokeBeanFactoryPostProcessors(PostProcessorRegistrationDelegate.java:112)
	at org.springframework.context.support.AbstractApplicationContext.invokeBeanFactoryPostProcessors(AbstractApplicationContext.java:748)
	at org.springframework.context.support.AbstractApplicationContext.refresh(AbstractApplicationContext.java:564)
	at org.springframework.boot.web.servlet.context.ServletWebServerApplicationContext.refresh(ServletWebServerApplicationContext.java:147)
	at org.springframework.boot.SpringApplication.refresh(SpringApplication.java:731)
	at org.springframework.boot.SpringApplication.refreshContext(SpringApplication.java:408)
	at org.springframework.boot.SpringApplication.run(SpringApplication.java:307)
	at org.springframework.boot.SpringApplication.run(SpringApplication.java:1303)
	at org.springframework.boot.SpringApplication.run(SpringApplication.java:1292)
	at com.bipa4.back_bipatv.BackBipaTvApplication.main(BackBipaTvApplication.java:16)
	at java.base/jdk.internal.reflect.NativeMethodAccessorImpl.invoke0(Native Method)
	at java.base/jdk.internal.reflect.NativeMethodAccessorImpl.invoke(NativeMethodAccessorImpl.java:62)
	at java.base/jdk.internal.reflect.DelegatingMethodAccessorImpl.invoke(DelegatingMethodAccessorImpl.java:43)
	at java.base/java.lang.reflect.Method.invoke(Method.java:566)
	at org.springframework.boot.devtools.restart.RestartLauncher.run(RestartLauncher.java:50)
Caused by: java.net.SocketTimeoutException: connect timed out
	at java.base/java.net.PlainSocketImpl.waitForConnect(Native Method)
	at java.base/java.net.PlainSocketImpl.socketConnect(PlainSocketImpl.java:107)
	at java.base/java.net.AbstractPlainSocketImpl.doConnect(AbstractPlainSocketImpl.java:412)
	at java.base/java.net.AbstractPlainSocketImpl.connectToAddress(AbstractPlainSocketImpl.java:255)
	at java.base/java.net.AbstractPlainSocketImpl.connect(AbstractPlainSocketImpl.java:237)
	at java.base/java.net.Socket.connect(Socket.java:609)
	at java.base/sun.net.NetworkClient.doConnect(NetworkClient.java:177)
	at java.base/sun.net.www.http.HttpClient.openServer(HttpClient.java:507)
	at java.base/sun.net.www.http.HttpClient.openServer(HttpClient.java:602)
	at java.base/sun.net.www.http.HttpClient.<init>(HttpClient.java:275)
	at java.base/sun.net.www.http.HttpClient.New(HttpClient.java:374)
	at java.base/sun.net.www.http.HttpClient.New(HttpClient.java:395)
	at java.base/sun.net.www.protocol.http.HttpURLConnection.getNewHttpClient(HttpURLConnection.java:1253)
	at java.base/sun.net.www.protocol.http.HttpURLConnection.plainConnect0(HttpURLConnection.java:1232)
	at java.base/sun.net.www.protocol.http.HttpURLConnection.plainConnect(HttpURLConnection.java:1081)
	at java.base/sun.net.www.protocol.http.HttpURLConnection.connect(HttpURLConnection.java:1015)
	at com.amazonaws.internal.ConnectionUtils.connectToEndpoint(ConnectionUtils.java:95)
	at com.amazonaws.internal.EC2ResourceFetcher.doReadResource(EC2ResourceFetcher.java:84)
	... 34 common frames omitted
2023-11-10 09:43:06.306 INFO  [restartedMain] [o.s.d.r.c.RepositoryConfigurationDelegate] - Multiple Spring Data modules found, entering strict repository configuration mode
2023-11-10 09:43:06.310 INFO  [restartedMain] [o.s.d.r.c.RepositoryConfigurationDelegate] - Bootstrapping Spring Data JPA repositories in DEFAULT mode.
2023-11-10 09:43:06.854 INFO  [restartedMain] [o.s.d.r.c.RepositoryConfigurationDelegate] - Finished Spring Data repository scanning in 523 ms. Found 6 JPA repository interfaces.
2023-11-10 09:43:06.883 INFO  [restartedMain] [o.s.d.r.c.RepositoryConfigurationDelegate] - Multiple Spring Data modules found, entering strict repository configuration mode
2023-11-10 09:43:06.887 INFO  [restartedMain] [o.s.d.r.c.RepositoryConfigurationDelegate] - Bootstrapping Spring Data Redis repositories in DEFAULT mode.
2023-11-10 09:43:06.953 INFO  [restartedMain] [o.s.d.r.c.RepositoryConfigurationExtensionSupport] - Spring Data Redis - Could not safely identify store assignment for repository candidate interface com.bipa4.back_bipatv.repository.AccountRepository; If you want this repository to be a Redis repository, consider annotating your entities with one of these annotations: org.springframework.data.redis.core.RedisHash (preferred), or consider extending one of the following types with your repository: org.springframework.data.keyvalue.repository.KeyValueRepository
2023-11-10 09:43:06.954 INFO  [restartedMain] [o.s.d.r.c.RepositoryConfigurationExtensionSupport] - Spring Data Redis - Could not safely identify store assignment for repository candidate interface com.bipa4.back_bipatv.repository.ChannelRepository; If you want this repository to be a Redis repository, consider annotating your entities with one of these annotations: org.springframework.data.redis.core.RedisHash (preferred), or consider extending one of the following types with your repository: org.springframework.data.keyvalue.repository.KeyValueRepository
2023-11-10 09:43:06.955 INFO  [restartedMain] [o.s.d.r.c.RepositoryConfigurationExtensionSupport] - Spring Data Redis - Could not safely identify store assignment for repository candidate interface com.bipa4.back_bipatv.repository.CommentRepository; If you want this repository to be a Redis repository, consider annotating your entities with one of these annotations: org.springframework.data.redis.core.RedisHash (preferred), or consider extending one of the following types with your repository: org.springframework.data.keyvalue.repository.KeyValueRepository
2023-11-10 09:43:06.956 INFO  [restartedMain] [o.s.d.r.c.RepositoryConfigurationExtensionSupport] - Spring Data Redis - Could not safely identify store assignment for repository candidate interface com.bipa4.back_bipatv.repository.LogRepository; If you want this repository to be a Redis repository, consider annotating your entities with one of these annotations: org.springframework.data.redis.core.RedisHash (preferred), or consider extending one of the following types with your repository: org.springframework.data.keyvalue.repository.KeyValueRepository
2023-11-10 09:43:06.958 INFO  [restartedMain] [o.s.d.r.c.RepositoryConfigurationExtensionSupport] - Spring Data Redis - Could not safely identify store assignment for repository candidate interface com.bipa4.back_bipatv.repository.VideoChannelRepository; If you want this repository to be a Redis repository, consider annotating your entities with one of these annotations: org.springframework.data.redis.core.RedisHash (preferred), or consider extending one of the following types with your repository: org.springframework.data.keyvalue.repository.KeyValueRepository
2023-11-10 09:43:06.959 INFO  [restartedMain] [o.s.d.r.c.RepositoryConfigurationExtensionSupport] - Spring Data Redis - Could not safely identify store assignment for repository candidate interface com.bipa4.back_bipatv.repository.VideoRepository; If you want this repository to be a Redis repository, consider annotating your entities with one of these annotations: org.springframework.data.redis.core.RedisHash (preferred), or consider extending one of the following types with your repository: org.springframework.data.keyvalue.repository.KeyValueRepository
2023-11-10 09:43:06.960 INFO  [restartedMain] [o.s.d.r.c.RepositoryConfigurationDelegate] - Finished Spring Data repository scanning in 51 ms. Found 0 Redis repository interfaces.
2023-11-10 09:43:07.893 INFO  [restartedMain] [c.u.j.c.EnableEncryptablePropertiesBeanFactoryPostProcessor] - Post-processing PropertySource instances
2023-11-10 09:43:07.897 INFO  [restartedMain] [c.u.j.EncryptablePropertySourceConverter] - Skipping PropertySource configurationProperties [class org.springframework.boot.context.properties.source.ConfigurationPropertySourcesPropertySource
2023-11-10 09:43:07.904 INFO  [restartedMain] [c.u.j.EncryptablePropertySourceConverter] - Skipping PropertySource servletConfigInitParams [class org.springframework.core.env.PropertySource$StubPropertySource
2023-11-10 09:43:07.904 INFO  [restartedMain] [c.u.j.EncryptablePropertySourceConverter] - Skipping PropertySource servletContextInitParams [class org.springframework.core.env.PropertySource$StubPropertySource
2023-11-10 09:43:07.906 INFO  [restartedMain] [c.u.j.EncryptablePropertySourceConverter] - Converting PropertySource systemProperties [org.springframework.core.env.PropertiesPropertySource] to EncryptableMapPropertySourceWrapper
2023-11-10 09:43:07.907 INFO  [restartedMain] [c.u.j.EncryptablePropertySourceConverter] - Converting PropertySource systemEnvironment [org.springframework.boot.env.SystemEnvironmentPropertySourceEnvironmentPostProcessor$OriginAwareSystemEnvironmentPropertySource] to EncryptableSystemEnvironmentPropertySourceWrapper
2023-11-10 09:43:07.907 INFO  [restartedMain] [c.u.j.EncryptablePropertySourceConverter] - Converting PropertySource random [org.springframework.boot.env.RandomValuePropertySource] to EncryptablePropertySourceWrapper
2023-11-10 09:43:07.908 INFO  [restartedMain] [c.u.j.EncryptablePropertySourceConverter] - Converting PropertySource Config resource 'class path resource [application.yml]' via location 'optional:classpath:/' [org.springframework.boot.env.OriginTrackedMapPropertySource] to EncryptableMapPropertySourceWrapper
2023-11-10 09:43:07.908 INFO  [restartedMain] [c.u.j.EncryptablePropertySourceConverter] - Converting PropertySource devtools [org.springframework.core.env.MapPropertySource] to EncryptableMapPropertySourceWrapper
2023-11-10 09:43:09.062 INFO  [restartedMain] [c.u.j.filter.DefaultLazyPropertyFilter] - Property Filter custom Bean not found with name 'encryptablePropertyFilter'. Initializing Default Property Filter
2023-11-10 09:43:09.100 INFO  [restartedMain] [c.u.j.r.DefaultLazyPropertyResolver] - Property Resolver custom Bean not found with name 'encryptablePropertyResolver'. Initializing Default Property Resolver
2023-11-10 09:43:09.107 INFO  [restartedMain] [c.u.j.d.DefaultLazyPropertyDetector] - Property Detector custom Bean not found with name 'encryptablePropertyDetector'. Initializing Default Property Detector
2023-11-10 09:43:11.024 INFO  [restartedMain] [o.s.b.w.embedded.tomcat.TomcatWebServer] - Tomcat initialized with port(s): 8080 (http)
2023-11-10 09:43:11.049 INFO  [restartedMain] [o.apache.coyote.http11.Http11NioProtocol] - Initializing ProtocolHandler ["http-nio-127.0.0.1-8080"]
2023-11-10 09:43:11.054 INFO  [restartedMain] [org.apache.catalina.core.StandardService] - Starting service [Tomcat]
2023-11-10 09:43:11.055 INFO  [restartedMain] [org.apache.catalina.core.StandardEngine] - Starting Servlet engine: [Apache Tomcat/9.0.79]
2023-11-10 09:43:11.513 INFO  [restartedMain] [o.a.c.c.C.[Tomcat].[localhost].[/]] - Initializing Spring embedded WebApplicationContext
2023-11-10 09:43:11.514 INFO  [restartedMain] [o.s.b.w.s.c.ServletWebServerApplicationContext] - Root WebApplicationContext: initialization completed in 17627 ms
2023-11-10 09:43:12.589 INFO  [restartedMain] [o.hibernate.jpa.internal.util.LogHelper] - HHH000204: Processing PersistenceUnitInfo [name: default]
2023-11-10 09:43:12.738 INFO  [restartedMain] [org.hibernate.Version] - HHH000412: Hibernate ORM core version 5.6.15.Final
2023-11-10 09:43:13.260 INFO  [restartedMain] [org.hibernate.annotations.common.Version] - HCANN000001: Hibernate Commons Annotations {5.1.2.Final}
2023-11-10 09:43:13.674 INFO  [restartedMain] [com.zaxxer.hikari.HikariDataSource] - HikariPool-1 - Starting...
2023-11-10 09:43:14.314 INFO  [restartedMain] [com.zaxxer.hikari.HikariDataSource] - HikariPool-1 - Start completed.
2023-11-10 09:43:14.355 INFO  [restartedMain] [org.hibernate.dialect.Dialect] - HHH000400: Using dialect: org.hibernate.dialect.MySQL5InnoDBDialect
2023-11-10 09:43:17.010 INFO  [restartedMain] [o.h.e.t.j.p.i.JtaPlatformInitiator] - HHH000490: Using JtaPlatform implementation: [org.hibernate.engine.transaction.jta.platform.internal.NoJtaPlatform]
2023-11-10 09:43:17.030 INFO  [restartedMain] [o.s.o.j.LocalContainerEntityManagerFactoryBean] - Initialized JPA EntityManagerFactory for persistence unit 'default'
2023-11-10 09:43:23.777 INFO  [restartedMain] [o.s.b.a.e.web.EndpointLinksResolver] - Exposing 2 endpoint(s) beneath base path '/checking'
2023-11-10 09:43:24.374 INFO  [restartedMain] [o.s.b.d.a.OptionalLiveReloadServer] - LiveReload server is running on port 35729
2023-11-10 09:43:25.897 INFO  [restartedMain] [o.apache.coyote.http11.Http11NioProtocol] - Starting ProtocolHandler ["http-nio-127.0.0.1-8080"]
2023-11-10 09:43:25.951 INFO  [restartedMain] [o.s.b.w.embedded.tomcat.TomcatWebServer] - Tomcat started on port(s): 8080 (http) with context path ''
2023-11-10 09:43:25.952 INFO  [restartedMain] [c.u.j.c.RefreshScopeRefreshedEventListener] - Refreshing cached encryptable property sources on ServletWebServerInitializedEvent
2023-11-10 09:43:25.953 INFO  [restartedMain] [c.u.j.c.CachingDelegateEncryptablePropertySource] - Property Source systemProperties refreshed
2023-11-10 09:43:25.953 INFO  [restartedMain] [c.u.j.c.CachingDelegateEncryptablePropertySource] - Property Source systemEnvironment refreshed
2023-11-10 09:43:25.953 INFO  [restartedMain] [c.u.j.c.CachingDelegateEncryptablePropertySource] - Property Source random refreshed
2023-11-10 09:43:25.953 INFO  [restartedMain] [c.u.j.c.CachingDelegateEncryptablePropertySource] - Property Source Config resource 'class path resource [application.yml]' via location 'optional:classpath:/' refreshed
2023-11-10 09:43:25.954 INFO  [restartedMain] [c.u.j.c.CachingDelegateEncryptablePropertySource] - Property Source devtools refreshed
2023-11-10 09:43:25.954 INFO  [restartedMain] [c.u.j.EncryptablePropertySourceConverter] - Converting PropertySource server.ports [org.springframework.core.env.MapPropertySource] to EncryptableMapPropertySourceWrapper
2023-11-10 09:43:25.954 INFO  [restartedMain] [c.u.j.EncryptablePropertySourceConverter] - Skipping PropertySource configurationProperties [class org.springframework.boot.context.properties.source.ConfigurationPropertySourcesPropertySource
2023-11-10 09:43:25.954 INFO  [restartedMain] [c.u.j.EncryptablePropertySourceConverter] - Skipping PropertySource servletConfigInitParams [class org.springframework.core.env.PropertySource$StubPropertySource
2023-11-10 09:43:25.954 INFO  [restartedMain] [c.u.j.EncryptablePropertySourceConverter] - Converting PropertySource servletContextInitParams [org.springframework.web.context.support.ServletContextPropertySource] to EncryptableEnumerablePropertySourceWrapper
2023-11-10 09:43:25.954 INFO  [restartedMain] [c.u.j.EncryptablePropertySourceConverter] - Converting PropertySource Management Server [org.springframework.boot.actuate.autoconfigure.web.server.ManagementContextAutoConfiguration$SameManagementContextConfiguration$1] to EncryptablePropertySourceWrapper
2023-11-10 09:43:26.730 INFO  [http-nio-127.0.0.1-8080-exec-3] [o.a.c.c.C.[Tomcat].[localhost].[/]] - Initializing Spring DispatcherServlet 'dispatcherServlet'
2023-11-10 09:43:26.730 INFO  [http-nio-127.0.0.1-8080-exec-3] [o.s.web.servlet.DispatcherServlet] - Initializing Servlet 'dispatcherServlet'
2023-11-10 09:43:26.734 INFO  [http-nio-127.0.0.1-8080-exec-3] [o.s.web.servlet.DispatcherServlet] - Completed initialization in 4 ms
2023-11-10 09:43:27.618 INFO  [restartedMain] [c.b.back_bipatv.BackBipaTvApplication] - Started BackBipaTvApplication in 35.994 seconds (JVM running for 39.398)
2023-11-10 09:43:28.708 INFO  [http-nio-127.0.0.1-8080-exec-3] [c.b.back_bipatv.interceptor.Interceptor] - 사용자: 전하은 호출 url: /video/detail/aee36157-018b-1000-ffff-ce5b556e0000
2023-11-10 09:43:28.822 WARN  [http-nio-127.0.0.1-8080-exec-3] [o.a.m.c.t.i.m.jdbc.AbstractJDBCDataModel] - You are not using ConnectionPoolDataSource. Make sure your DataSource pools connections to the database itself, or database performance will be severely reduced.
2023-11-10 09:44:55.858 WARN  [HikariPool-1 housekeeper] [com.zaxxer.hikari.pool.HikariPool] - HikariPool-1 - Thread starvation or clock leap detected (housekeeper delta=1m3s753ms262µs800ns).
2023-11-10 09:44:56.025 INFO  [http-nio-127.0.0.1-8080-exec-3] [c.b.back_bipatv.interceptor.Interceptor] - afterCompletion Response status: 400
2023-11-10 09:44:56.326 INFO  [SpringApplicationShutdownHook] [o.s.o.j.LocalContainerEntityManagerFactoryBean] - Closing JPA EntityManagerFactory for persistence unit 'default'
2023-11-10 09:44:56.339 INFO  [SpringApplicationShutdownHook] [com.zaxxer.hikari.HikariDataSource] - HikariPool-1 - Shutdown initiated...
2023-11-10 09:44:56.368 INFO  [SpringApplicationShutdownHook] [com.zaxxer.hikari.HikariDataSource] - HikariPool-1 - Shutdown completed.
2023-11-10 09:48:30.201 INFO  [restartedMain] [c.b.back_bipatv.BackBipaTvApplication] - Starting BackBipaTvApplication using Java 11.0.19 on DESKTOP-D6RL7LJ with PID 25360 (C:\Users\HE-Jeon\Desktop\Bit\teamProject\api\out\production\classes started by HE-Jeon in C:\Users\HE-Jeon\Desktop\Bit\teamProject\api)
2023-11-10 09:48:30.205 INFO  [restartedMain] [c.b.back_bipatv.BackBipaTvApplication] - No active profile set, falling back to 1 default profile: "default"
2023-11-10 09:48:30.217 INFO  [background-preinit] [o.h.validator.internal.util.Version] - HV000001: Hibernate Validator 6.2.5.Final
2023-11-10 09:48:30.369 INFO  [restartedMain] [o.s.b.d.e.DevToolsPropertyDefaultsPostProcessor] - Devtools property defaults active! Set 'spring.devtools.add-properties' to 'false' to disable
2023-11-10 09:48:30.369 INFO  [restartedMain] [o.s.b.d.e.DevToolsPropertyDefaultsPostProcessor] - For additional web related logging consider setting the 'logging.level.web' property to 'DEBUG'
2023-11-10 09:48:42.403 WARN  [restartedMain] [com.amazonaws.util.EC2MetadataUtils] - Unable to retrieve the requested metadata (/latest/meta-data/instance-id). Failed to connect to service endpoint: 
com.amazonaws.SdkClientException: Failed to connect to service endpoint: 
	at com.amazonaws.internal.EC2ResourceFetcher.doReadResource(EC2ResourceFetcher.java:112)
	at com.amazonaws.internal.EC2ResourceFetcher.doReadResource(EC2ResourceFetcher.java:70)
	at com.amazonaws.internal.InstanceMetadataServiceResourceFetcher.readResource(InstanceMetadataServiceResourceFetcher.java:75)
	at com.amazonaws.internal.EC2ResourceFetcher.readResource(EC2ResourceFetcher.java:66)
	at com.amazonaws.util.EC2MetadataUtils.getItems(EC2MetadataUtils.java:407)
	at com.amazonaws.util.EC2MetadataUtils.getData(EC2MetadataUtils.java:376)
	at org.springframework.cloud.aws.context.support.env.AwsCloudEnvironmentCheckUtils.isRunningOnCloudEnvironment(AwsCloudEnvironmentCheckUtils.java:38)
	at org.springframework.cloud.aws.context.annotation.OnAwsCloudEnvironmentCondition.matches(OnAwsCloudEnvironmentCondition.java:37)
	at org.springframework.context.annotation.ConditionEvaluator.shouldSkip(ConditionEvaluator.java:108)
	at org.springframework.context.annotation.ConfigurationClassParser.processConfigurationClass(ConfigurationClassParser.java:225)
	at org.springframework.context.annotation.ConfigurationClassParser.processImports(ConfigurationClassParser.java:599)
	at org.springframework.context.annotation.ConfigurationClassParser.access$800(ConfigurationClassParser.java:110)
	at org.springframework.context.annotation.ConfigurationClassParser$DeferredImportSelectorGroupingHandler.lambda$processGroupImports$1(ConfigurationClassParser.java:812)
	at java.base/java.util.ArrayList.forEach(ArrayList.java:1541)
	at org.springframework.context.annotation.ConfigurationClassParser$DeferredImportSelectorGroupingHandler.processGroupImports(ConfigurationClassParser.java:809)
	at org.springframework.context.annotation.ConfigurationClassParser$DeferredImportSelectorHandler.process(ConfigurationClassParser.java:780)
	at org.springframework.context.annotation.ConfigurationClassParser.parse(ConfigurationClassParser.java:192)
	at org.springframework.context.annotation.ConfigurationClassPostProcessor.processConfigBeanDefinitions(ConfigurationClassPostProcessor.java:331)
	at org.springframework.context.annotation.ConfigurationClassPostProcessor.postProcessBeanDefinitionRegistry(ConfigurationClassPostProcessor.java:247)
	at org.springframework.context.support.PostProcessorRegistrationDelegate.invokeBeanDefinitionRegistryPostProcessors(PostProcessorRegistrationDelegate.java:311)
	at org.springframework.context.support.PostProcessorRegistrationDelegate.invokeBeanFactoryPostProcessors(PostProcessorRegistrationDelegate.java:112)
	at org.springframework.context.support.AbstractApplicationContext.invokeBeanFactoryPostProcessors(AbstractApplicationContext.java:748)
	at org.springframework.context.support.AbstractApplicationContext.refresh(AbstractApplicationContext.java:564)
	at org.springframework.boot.web.servlet.context.ServletWebServerApplicationContext.refresh(ServletWebServerApplicationContext.java:147)
	at org.springframework.boot.SpringApplication.refresh(SpringApplication.java:731)
	at org.springframework.boot.SpringApplication.refreshContext(SpringApplication.java:408)
	at org.springframework.boot.SpringApplication.run(SpringApplication.java:307)
	at org.springframework.boot.SpringApplication.run(SpringApplication.java:1303)
	at org.springframework.boot.SpringApplication.run(SpringApplication.java:1292)
	at com.bipa4.back_bipatv.BackBipaTvApplication.main(BackBipaTvApplication.java:16)
	at java.base/jdk.internal.reflect.NativeMethodAccessorImpl.invoke0(Native Method)
	at java.base/jdk.internal.reflect.NativeMethodAccessorImpl.invoke(NativeMethodAccessorImpl.java:62)
	at java.base/jdk.internal.reflect.DelegatingMethodAccessorImpl.invoke(DelegatingMethodAccessorImpl.java:43)
	at java.base/java.lang.reflect.Method.invoke(Method.java:566)
	at org.springframework.boot.devtools.restart.RestartLauncher.run(RestartLauncher.java:50)
Caused by: java.net.SocketTimeoutException: connect timed out
	at java.base/java.net.PlainSocketImpl.waitForConnect(Native Method)
	at java.base/java.net.PlainSocketImpl.socketConnect(PlainSocketImpl.java:107)
	at java.base/java.net.AbstractPlainSocketImpl.doConnect(AbstractPlainSocketImpl.java:412)
	at java.base/java.net.AbstractPlainSocketImpl.connectToAddress(AbstractPlainSocketImpl.java:255)
	at java.base/java.net.AbstractPlainSocketImpl.connect(AbstractPlainSocketImpl.java:237)
	at java.base/java.net.Socket.connect(Socket.java:609)
	at java.base/sun.net.NetworkClient.doConnect(NetworkClient.java:177)
	at java.base/sun.net.www.http.HttpClient.openServer(HttpClient.java:507)
	at java.base/sun.net.www.http.HttpClient.openServer(HttpClient.java:602)
	at java.base/sun.net.www.http.HttpClient.<init>(HttpClient.java:275)
	at java.base/sun.net.www.http.HttpClient.New(HttpClient.java:374)
	at java.base/sun.net.www.http.HttpClient.New(HttpClient.java:395)
	at java.base/sun.net.www.protocol.http.HttpURLConnection.getNewHttpClient(HttpURLConnection.java:1253)
	at java.base/sun.net.www.protocol.http.HttpURLConnection.plainConnect0(HttpURLConnection.java:1232)
	at java.base/sun.net.www.protocol.http.HttpURLConnection.plainConnect(HttpURLConnection.java:1081)
	at java.base/sun.net.www.protocol.http.HttpURLConnection.connect(HttpURLConnection.java:1015)
	at com.amazonaws.internal.ConnectionUtils.connectToEndpoint(ConnectionUtils.java:95)
	at com.amazonaws.internal.EC2ResourceFetcher.doReadResource(EC2ResourceFetcher.java:84)
	... 34 common frames omitted
2023-11-10 09:48:43.974 INFO  [restartedMain] [o.s.d.r.c.RepositoryConfigurationDelegate] - Multiple Spring Data modules found, entering strict repository configuration mode
2023-11-10 09:48:43.983 INFO  [restartedMain] [o.s.d.r.c.RepositoryConfigurationDelegate] - Bootstrapping Spring Data JPA repositories in DEFAULT mode.
2023-11-10 09:48:45.016 INFO  [restartedMain] [o.s.d.r.c.RepositoryConfigurationDelegate] - Finished Spring Data repository scanning in 993 ms. Found 6 JPA repository interfaces.
2023-11-10 09:48:45.072 INFO  [restartedMain] [o.s.d.r.c.RepositoryConfigurationDelegate] - Multiple Spring Data modules found, entering strict repository configuration mode
2023-11-10 09:48:45.077 INFO  [restartedMain] [o.s.d.r.c.RepositoryConfigurationDelegate] - Bootstrapping Spring Data Redis repositories in DEFAULT mode.
2023-11-10 09:48:45.196 INFO  [restartedMain] [o.s.d.r.c.RepositoryConfigurationExtensionSupport] - Spring Data Redis - Could not safely identify store assignment for repository candidate interface com.bipa4.back_bipatv.repository.AccountRepository; If you want this repository to be a Redis repository, consider annotating your entities with one of these annotations: org.springframework.data.redis.core.RedisHash (preferred), or consider extending one of the following types with your repository: org.springframework.data.keyvalue.repository.KeyValueRepository
2023-11-10 09:48:45.197 INFO  [restartedMain] [o.s.d.r.c.RepositoryConfigurationExtensionSupport] - Spring Data Redis - Could not safely identify store assignment for repository candidate interface com.bipa4.back_bipatv.repository.ChannelRepository; If you want this repository to be a Redis repository, consider annotating your entities with one of these annotations: org.springframework.data.redis.core.RedisHash (preferred), or consider extending one of the following types with your repository: org.springframework.data.keyvalue.repository.KeyValueRepository
2023-11-10 09:48:45.199 INFO  [restartedMain] [o.s.d.r.c.RepositoryConfigurationExtensionSupport] - Spring Data Redis - Could not safely identify store assignment for repository candidate interface com.bipa4.back_bipatv.repository.CommentRepository; If you want this repository to be a Redis repository, consider annotating your entities with one of these annotations: org.springframework.data.redis.core.RedisHash (preferred), or consider extending one of the following types with your repository: org.springframework.data.keyvalue.repository.KeyValueRepository
2023-11-10 09:48:45.200 INFO  [restartedMain] [o.s.d.r.c.RepositoryConfigurationExtensionSupport] - Spring Data Redis - Could not safely identify store assignment for repository candidate interface com.bipa4.back_bipatv.repository.LogRepository; If you want this repository to be a Redis repository, consider annotating your entities with one of these annotations: org.springframework.data.redis.core.RedisHash (preferred), or consider extending one of the following types with your repository: org.springframework.data.keyvalue.repository.KeyValueRepository
2023-11-10 09:48:45.203 INFO  [restartedMain] [o.s.d.r.c.RepositoryConfigurationExtensionSupport] - Spring Data Redis - Could not safely identify store assignment for repository candidate interface com.bipa4.back_bipatv.repository.VideoChannelRepository; If you want this repository to be a Redis repository, consider annotating your entities with one of these annotations: org.springframework.data.redis.core.RedisHash (preferred), or consider extending one of the following types with your repository: org.springframework.data.keyvalue.repository.KeyValueRepository
2023-11-10 09:48:45.205 INFO  [restartedMain] [o.s.d.r.c.RepositoryConfigurationExtensionSupport] - Spring Data Redis - Could not safely identify store assignment for repository candidate interface com.bipa4.back_bipatv.repository.VideoRepository; If you want this repository to be a Redis repository, consider annotating your entities with one of these annotations: org.springframework.data.redis.core.RedisHash (preferred), or consider extending one of the following types with your repository: org.springframework.data.keyvalue.repository.KeyValueRepository
2023-11-10 09:48:45.206 INFO  [restartedMain] [o.s.d.r.c.RepositoryConfigurationDelegate] - Finished Spring Data repository scanning in 91 ms. Found 0 Redis repository interfaces.
2023-11-10 09:48:46.567 INFO  [restartedMain] [c.u.j.c.EnableEncryptablePropertiesBeanFactoryPostProcessor] - Post-processing PropertySource instances
2023-11-10 09:48:46.569 INFO  [restartedMain] [c.u.j.EncryptablePropertySourceConverter] - Skipping PropertySource configurationProperties [class org.springframework.boot.context.properties.source.ConfigurationPropertySourcesPropertySource
2023-11-10 09:48:46.575 INFO  [restartedMain] [c.u.j.EncryptablePropertySourceConverter] - Skipping PropertySource servletConfigInitParams [class org.springframework.core.env.PropertySource$StubPropertySource
2023-11-10 09:48:46.575 INFO  [restartedMain] [c.u.j.EncryptablePropertySourceConverter] - Skipping PropertySource servletContextInitParams [class org.springframework.core.env.PropertySource$StubPropertySource
2023-11-10 09:48:46.578 INFO  [restartedMain] [c.u.j.EncryptablePropertySourceConverter] - Converting PropertySource systemProperties [org.springframework.core.env.PropertiesPropertySource] to EncryptableMapPropertySourceWrapper
2023-11-10 09:48:46.579 INFO  [restartedMain] [c.u.j.EncryptablePropertySourceConverter] - Converting PropertySource systemEnvironment [org.springframework.boot.env.SystemEnvironmentPropertySourceEnvironmentPostProcessor$OriginAwareSystemEnvironmentPropertySource] to EncryptableSystemEnvironmentPropertySourceWrapper
2023-11-10 09:48:46.580 INFO  [restartedMain] [c.u.j.EncryptablePropertySourceConverter] - Converting PropertySource random [org.springframework.boot.env.RandomValuePropertySource] to EncryptablePropertySourceWrapper
2023-11-10 09:48:46.580 INFO  [restartedMain] [c.u.j.EncryptablePropertySourceConverter] - Converting PropertySource Config resource 'class path resource [application.yml]' via location 'optional:classpath:/' [org.springframework.boot.env.OriginTrackedMapPropertySource] to EncryptableMapPropertySourceWrapper
2023-11-10 09:48:46.580 INFO  [restartedMain] [c.u.j.EncryptablePropertySourceConverter] - Converting PropertySource devtools [org.springframework.core.env.MapPropertySource] to EncryptableMapPropertySourceWrapper
2023-11-10 09:48:48.259 INFO  [restartedMain] [c.u.j.filter.DefaultLazyPropertyFilter] - Property Filter custom Bean not found with name 'encryptablePropertyFilter'. Initializing Default Property Filter
2023-11-10 09:48:48.291 INFO  [restartedMain] [c.u.j.r.DefaultLazyPropertyResolver] - Property Resolver custom Bean not found with name 'encryptablePropertyResolver'. Initializing Default Property Resolver
2023-11-10 09:48:48.299 INFO  [restartedMain] [c.u.j.d.DefaultLazyPropertyDetector] - Property Detector custom Bean not found with name 'encryptablePropertyDetector'. Initializing Default Property Detector
2023-11-10 09:48:51.782 INFO  [restartedMain] [o.s.b.w.embedded.tomcat.TomcatWebServer] - Tomcat initialized with port(s): 8080 (http)
2023-11-10 09:48:51.816 INFO  [restartedMain] [o.apache.coyote.http11.Http11NioProtocol] - Initializing ProtocolHandler ["http-nio-127.0.0.1-8080"]
2023-11-10 09:48:51.822 INFO  [restartedMain] [org.apache.catalina.core.StandardService] - Starting service [Tomcat]
2023-11-10 09:48:51.823 INFO  [restartedMain] [org.apache.catalina.core.StandardEngine] - Starting Servlet engine: [Apache Tomcat/9.0.79]
2023-11-10 09:48:52.517 INFO  [restartedMain] [o.a.c.c.C.[Tomcat].[localhost].[/]] - Initializing Spring embedded WebApplicationContext
2023-11-10 09:48:52.518 INFO  [restartedMain] [o.s.b.w.s.c.ServletWebServerApplicationContext] - Root WebApplicationContext: initialization completed in 22148 ms
2023-11-10 09:48:53.784 INFO  [restartedMain] [o.hibernate.jpa.internal.util.LogHelper] - HHH000204: Processing PersistenceUnitInfo [name: default]
2023-11-10 09:48:54.057 INFO  [restartedMain] [org.hibernate.Version] - HHH000412: Hibernate ORM core version 5.6.15.Final
2023-11-10 09:48:54.759 INFO  [restartedMain] [org.hibernate.annotations.common.Version] - HCANN000001: Hibernate Commons Annotations {5.1.2.Final}
2023-11-10 09:48:55.204 INFO  [restartedMain] [com.zaxxer.hikari.HikariDataSource] - HikariPool-1 - Starting...
2023-11-10 09:48:56.053 INFO  [restartedMain] [com.zaxxer.hikari.HikariDataSource] - HikariPool-1 - Start completed.
2023-11-10 09:48:56.118 INFO  [restartedMain] [org.hibernate.dialect.Dialect] - HHH000400: Using dialect: org.hibernate.dialect.MySQL5InnoDBDialect
2023-11-10 09:48:59.898 INFO  [restartedMain] [o.h.e.t.j.p.i.JtaPlatformInitiator] - HHH000490: Using JtaPlatform implementation: [org.hibernate.engine.transaction.jta.platform.internal.NoJtaPlatform]
2023-11-10 09:48:59.947 INFO  [restartedMain] [o.s.o.j.LocalContainerEntityManagerFactoryBean] - Initialized JPA EntityManagerFactory for persistence unit 'default'
2023-11-10 09:49:09.828 INFO  [restartedMain] [o.s.b.a.e.web.EndpointLinksResolver] - Exposing 2 endpoint(s) beneath base path '/checking'
2023-11-10 09:49:10.779 INFO  [restartedMain] [o.s.b.d.a.OptionalLiveReloadServer] - LiveReload server is running on port 35729
2023-11-10 09:49:13.499 INFO  [restartedMain] [o.apache.coyote.http11.Http11NioProtocol] - Starting ProtocolHandler ["http-nio-127.0.0.1-8080"]
2023-11-10 09:49:13.566 INFO  [restartedMain] [o.s.b.w.embedded.tomcat.TomcatWebServer] - Tomcat started on port(s): 8080 (http) with context path ''
2023-11-10 09:49:13.569 INFO  [restartedMain] [c.u.j.c.RefreshScopeRefreshedEventListener] - Refreshing cached encryptable property sources on ServletWebServerInitializedEvent
2023-11-10 09:49:13.570 INFO  [restartedMain] [c.u.j.c.CachingDelegateEncryptablePropertySource] - Property Source systemProperties refreshed
2023-11-10 09:49:13.571 INFO  [restartedMain] [c.u.j.c.CachingDelegateEncryptablePropertySource] - Property Source systemEnvironment refreshed
2023-11-10 09:49:13.571 INFO  [restartedMain] [c.u.j.c.CachingDelegateEncryptablePropertySource] - Property Source random refreshed
2023-11-10 09:49:13.572 INFO  [restartedMain] [c.u.j.c.CachingDelegateEncryptablePropertySource] - Property Source Config resource 'class path resource [application.yml]' via location 'optional:classpath:/' refreshed
2023-11-10 09:49:13.572 INFO  [restartedMain] [c.u.j.c.CachingDelegateEncryptablePropertySource] - Property Source devtools refreshed
2023-11-10 09:49:13.572 INFO  [restartedMain] [c.u.j.EncryptablePropertySourceConverter] - Converting PropertySource server.ports [org.springframework.core.env.MapPropertySource] to EncryptableMapPropertySourceWrapper
2023-11-10 09:49:13.573 INFO  [restartedMain] [c.u.j.EncryptablePropertySourceConverter] - Skipping PropertySource configurationProperties [class org.springframework.boot.context.properties.source.ConfigurationPropertySourcesPropertySource
2023-11-10 09:49:13.573 INFO  [restartedMain] [c.u.j.EncryptablePropertySourceConverter] - Skipping PropertySource servletConfigInitParams [class org.springframework.core.env.PropertySource$StubPropertySource
2023-11-10 09:49:13.573 INFO  [restartedMain] [c.u.j.EncryptablePropertySourceConverter] - Converting PropertySource servletContextInitParams [org.springframework.web.context.support.ServletContextPropertySource] to EncryptableEnumerablePropertySourceWrapper
2023-11-10 09:49:13.574 INFO  [restartedMain] [c.u.j.EncryptablePropertySourceConverter] - Converting PropertySource Management Server [org.springframework.boot.actuate.autoconfigure.web.server.ManagementContextAutoConfiguration$SameManagementContextConfiguration$1] to EncryptablePropertySourceWrapper
2023-11-10 09:49:14.557 INFO  [http-nio-127.0.0.1-8080-exec-1] [o.a.c.c.C.[Tomcat].[localhost].[/]] - Initializing Spring DispatcherServlet 'dispatcherServlet'
2023-11-10 09:49:14.558 INFO  [http-nio-127.0.0.1-8080-exec-1] [o.s.web.servlet.DispatcherServlet] - Initializing Servlet 'dispatcherServlet'
2023-11-10 09:49:14.563 INFO  [http-nio-127.0.0.1-8080-exec-1] [o.s.web.servlet.DispatcherServlet] - Completed initialization in 5 ms
2023-11-10 09:49:15.829 INFO  [restartedMain] [c.b.back_bipatv.BackBipaTvApplication] - Started BackBipaTvApplication in 47.413 seconds (JVM running for 50.277)
2023-11-10 09:49:17.007 INFO  [http-nio-127.0.0.1-8080-exec-1] [c.b.back_bipatv.interceptor.Interceptor] - 사용자: 전하은 호출 url: /video/detail/aee36157-018b-1000-ffff-ce5b556e0000
2023-11-10 09:49:17.132 WARN  [http-nio-127.0.0.1-8080-exec-1] [o.a.m.c.t.i.m.jdbc.AbstractJDBCDataModel] - You are not using ConnectionPoolDataSource. Make sure your DataSource pools connections to the database itself, or database performance will be severely reduced.
2023-11-10 09:49:17.745 INFO  [http-nio-127.0.0.1-8080-exec-1] [c.b.back_bipatv.interceptor.Interceptor] - afterCompletion Response status: 400
2023-11-10 09:50:17.240 INFO  [SpringApplicationShutdownHook] [o.s.o.j.LocalContainerEntityManagerFactoryBean] - Closing JPA EntityManagerFactory for persistence unit 'default'
2023-11-10 09:50:17.247 INFO  [SpringApplicationShutdownHook] [com.zaxxer.hikari.HikariDataSource] - HikariPool-1 - Shutdown initiated...
2023-11-10 09:50:17.286 INFO  [SpringApplicationShutdownHook] [com.zaxxer.hikari.HikariDataSource] - HikariPool-1 - Shutdown completed.
2023-11-10 09:50:39.801 INFO  [background-preinit] [o.h.validator.internal.util.Version] - HV000001: Hibernate Validator 6.2.5.Final
2023-11-10 09:50:39.806 INFO  [restartedMain] [c.b.back_bipatv.BackBipaTvApplication] - Starting BackBipaTvApplication using Java 11.0.19 on DESKTOP-D6RL7LJ with PID 23668 (C:\Users\HE-Jeon\Desktop\Bit\teamProject\api\out\production\classes started by HE-Jeon in C:\Users\HE-Jeon\Desktop\Bit\teamProject\api)
2023-11-10 09:50:39.811 INFO  [restartedMain] [c.b.back_bipatv.BackBipaTvApplication] - No active profile set, falling back to 1 default profile: "default"
2023-11-10 09:50:40.017 INFO  [restartedMain] [o.s.b.d.e.DevToolsPropertyDefaultsPostProcessor] - Devtools property defaults active! Set 'spring.devtools.add-properties' to 'false' to disable
2023-11-10 09:50:40.019 INFO  [restartedMain] [o.s.b.d.e.DevToolsPropertyDefaultsPostProcessor] - For additional web related logging consider setting the 'logging.level.web' property to 'DEBUG'
2023-11-10 09:50:52.487 WARN  [restartedMain] [com.amazonaws.util.EC2MetadataUtils] - Unable to retrieve the requested metadata (/latest/meta-data/instance-id). Failed to connect to service endpoint: 
com.amazonaws.SdkClientException: Failed to connect to service endpoint: 
	at com.amazonaws.internal.EC2ResourceFetcher.doReadResource(EC2ResourceFetcher.java:112)
	at com.amazonaws.internal.EC2ResourceFetcher.doReadResource(EC2ResourceFetcher.java:70)
	at com.amazonaws.internal.InstanceMetadataServiceResourceFetcher.readResource(InstanceMetadataServiceResourceFetcher.java:75)
	at com.amazonaws.internal.EC2ResourceFetcher.readResource(EC2ResourceFetcher.java:66)
	at com.amazonaws.util.EC2MetadataUtils.getItems(EC2MetadataUtils.java:407)
	at com.amazonaws.util.EC2MetadataUtils.getData(EC2MetadataUtils.java:376)
	at org.springframework.cloud.aws.context.support.env.AwsCloudEnvironmentCheckUtils.isRunningOnCloudEnvironment(AwsCloudEnvironmentCheckUtils.java:38)
	at org.springframework.cloud.aws.context.annotation.OnAwsCloudEnvironmentCondition.matches(OnAwsCloudEnvironmentCondition.java:37)
	at org.springframework.context.annotation.ConditionEvaluator.shouldSkip(ConditionEvaluator.java:108)
	at org.springframework.context.annotation.ConfigurationClassParser.processConfigurationClass(ConfigurationClassParser.java:225)
	at org.springframework.context.annotation.ConfigurationClassParser.processImports(ConfigurationClassParser.java:599)
	at org.springframework.context.annotation.ConfigurationClassParser.access$800(ConfigurationClassParser.java:110)
	at org.springframework.context.annotation.ConfigurationClassParser$DeferredImportSelectorGroupingHandler.lambda$processGroupImports$1(ConfigurationClassParser.java:812)
	at java.base/java.util.ArrayList.forEach(ArrayList.java:1541)
	at org.springframework.context.annotation.ConfigurationClassParser$DeferredImportSelectorGroupingHandler.processGroupImports(ConfigurationClassParser.java:809)
	at org.springframework.context.annotation.ConfigurationClassParser$DeferredImportSelectorHandler.process(ConfigurationClassParser.java:780)
	at org.springframework.context.annotation.ConfigurationClassParser.parse(ConfigurationClassParser.java:192)
	at org.springframework.context.annotation.ConfigurationClassPostProcessor.processConfigBeanDefinitions(ConfigurationClassPostProcessor.java:331)
	at org.springframework.context.annotation.ConfigurationClassPostProcessor.postProcessBeanDefinitionRegistry(ConfigurationClassPostProcessor.java:247)
	at org.springframework.context.support.PostProcessorRegistrationDelegate.invokeBeanDefinitionRegistryPostProcessors(PostProcessorRegistrationDelegate.java:311)
	at org.springframework.context.support.PostProcessorRegistrationDelegate.invokeBeanFactoryPostProcessors(PostProcessorRegistrationDelegate.java:112)
	at org.springframework.context.support.AbstractApplicationContext.invokeBeanFactoryPostProcessors(AbstractApplicationContext.java:748)
	at org.springframework.context.support.AbstractApplicationContext.refresh(AbstractApplicationContext.java:564)
	at org.springframework.boot.web.servlet.context.ServletWebServerApplicationContext.refresh(ServletWebServerApplicationContext.java:147)
	at org.springframework.boot.SpringApplication.refresh(SpringApplication.java:731)
	at org.springframework.boot.SpringApplication.refreshContext(SpringApplication.java:408)
	at org.springframework.boot.SpringApplication.run(SpringApplication.java:307)
	at org.springframework.boot.SpringApplication.run(SpringApplication.java:1303)
	at org.springframework.boot.SpringApplication.run(SpringApplication.java:1292)
	at com.bipa4.back_bipatv.BackBipaTvApplication.main(BackBipaTvApplication.java:16)
	at java.base/jdk.internal.reflect.NativeMethodAccessorImpl.invoke0(Native Method)
	at java.base/jdk.internal.reflect.NativeMethodAccessorImpl.invoke(NativeMethodAccessorImpl.java:62)
	at java.base/jdk.internal.reflect.DelegatingMethodAccessorImpl.invoke(DelegatingMethodAccessorImpl.java:43)
	at java.base/java.lang.reflect.Method.invoke(Method.java:566)
	at org.springframework.boot.devtools.restart.RestartLauncher.run(RestartLauncher.java:50)
Caused by: java.net.SocketTimeoutException: connect timed out
	at java.base/java.net.PlainSocketImpl.waitForConnect(Native Method)
	at java.base/java.net.PlainSocketImpl.socketConnect(PlainSocketImpl.java:107)
	at java.base/java.net.AbstractPlainSocketImpl.doConnect(AbstractPlainSocketImpl.java:412)
	at java.base/java.net.AbstractPlainSocketImpl.connectToAddress(AbstractPlainSocketImpl.java:255)
	at java.base/java.net.AbstractPlainSocketImpl.connect(AbstractPlainSocketImpl.java:237)
	at java.base/java.net.Socket.connect(Socket.java:609)
	at java.base/sun.net.NetworkClient.doConnect(NetworkClient.java:177)
	at java.base/sun.net.www.http.HttpClient.openServer(HttpClient.java:507)
	at java.base/sun.net.www.http.HttpClient.openServer(HttpClient.java:602)
	at java.base/sun.net.www.http.HttpClient.<init>(HttpClient.java:275)
	at java.base/sun.net.www.http.HttpClient.New(HttpClient.java:374)
	at java.base/sun.net.www.http.HttpClient.New(HttpClient.java:395)
	at java.base/sun.net.www.protocol.http.HttpURLConnection.getNewHttpClient(HttpURLConnection.java:1253)
	at java.base/sun.net.www.protocol.http.HttpURLConnection.plainConnect0(HttpURLConnection.java:1232)
	at java.base/sun.net.www.protocol.http.HttpURLConnection.plainConnect(HttpURLConnection.java:1081)
	at java.base/sun.net.www.protocol.http.HttpURLConnection.connect(HttpURLConnection.java:1015)
	at com.amazonaws.internal.ConnectionUtils.connectToEndpoint(ConnectionUtils.java:95)
	at com.amazonaws.internal.EC2ResourceFetcher.doReadResource(EC2ResourceFetcher.java:84)
	... 34 common frames omitted
2023-11-10 09:50:54.246 INFO  [restartedMain] [o.s.d.r.c.RepositoryConfigurationDelegate] - Multiple Spring Data modules found, entering strict repository configuration mode
2023-11-10 09:50:54.252 INFO  [restartedMain] [o.s.d.r.c.RepositoryConfigurationDelegate] - Bootstrapping Spring Data JPA repositories in DEFAULT mode.
2023-11-10 09:50:55.159 INFO  [restartedMain] [o.s.d.r.c.RepositoryConfigurationDelegate] - Finished Spring Data repository scanning in 871 ms. Found 6 JPA repository interfaces.
2023-11-10 09:50:55.210 INFO  [restartedMain] [o.s.d.r.c.RepositoryConfigurationDelegate] - Multiple Spring Data modules found, entering strict repository configuration mode
2023-11-10 09:50:55.216 INFO  [restartedMain] [o.s.d.r.c.RepositoryConfigurationDelegate] - Bootstrapping Spring Data Redis repositories in DEFAULT mode.
2023-11-10 09:50:55.341 INFO  [restartedMain] [o.s.d.r.c.RepositoryConfigurationExtensionSupport] - Spring Data Redis - Could not safely identify store assignment for repository candidate interface com.bipa4.back_bipatv.repository.AccountRepository; If you want this repository to be a Redis repository, consider annotating your entities with one of these annotations: org.springframework.data.redis.core.RedisHash (preferred), or consider extending one of the following types with your repository: org.springframework.data.keyvalue.repository.KeyValueRepository
2023-11-10 09:50:55.343 INFO  [restartedMain] [o.s.d.r.c.RepositoryConfigurationExtensionSupport] - Spring Data Redis - Could not safely identify store assignment for repository candidate interface com.bipa4.back_bipatv.repository.ChannelRepository; If you want this repository to be a Redis repository, consider annotating your entities with one of these annotations: org.springframework.data.redis.core.RedisHash (preferred), or consider extending one of the following types with your repository: org.springframework.data.keyvalue.repository.KeyValueRepository
2023-11-10 09:50:55.344 INFO  [restartedMain] [o.s.d.r.c.RepositoryConfigurationExtensionSupport] - Spring Data Redis - Could not safely identify store assignment for repository candidate interface com.bipa4.back_bipatv.repository.CommentRepository; If you want this repository to be a Redis repository, consider annotating your entities with one of these annotations: org.springframework.data.redis.core.RedisHash (preferred), or consider extending one of the following types with your repository: org.springframework.data.keyvalue.repository.KeyValueRepository
2023-11-10 09:50:55.346 INFO  [restartedMain] [o.s.d.r.c.RepositoryConfigurationExtensionSupport] - Spring Data Redis - Could not safely identify store assignment for repository candidate interface com.bipa4.back_bipatv.repository.LogRepository; If you want this repository to be a Redis repository, consider annotating your entities with one of these annotations: org.springframework.data.redis.core.RedisHash (preferred), or consider extending one of the following types with your repository: org.springframework.data.keyvalue.repository.KeyValueRepository
2023-11-10 09:50:55.351 INFO  [restartedMain] [o.s.d.r.c.RepositoryConfigurationExtensionSupport] - Spring Data Redis - Could not safely identify store assignment for repository candidate interface com.bipa4.back_bipatv.repository.VideoChannelRepository; If you want this repository to be a Redis repository, consider annotating your entities with one of these annotations: org.springframework.data.redis.core.RedisHash (preferred), or consider extending one of the following types with your repository: org.springframework.data.keyvalue.repository.KeyValueRepository
2023-11-10 09:50:55.353 INFO  [restartedMain] [o.s.d.r.c.RepositoryConfigurationExtensionSupport] - Spring Data Redis - Could not safely identify store assignment for repository candidate interface com.bipa4.back_bipatv.repository.VideoRepository; If you want this repository to be a Redis repository, consider annotating your entities with one of these annotations: org.springframework.data.redis.core.RedisHash (preferred), or consider extending one of the following types with your repository: org.springframework.data.keyvalue.repository.KeyValueRepository
2023-11-10 09:50:55.354 INFO  [restartedMain] [o.s.d.r.c.RepositoryConfigurationDelegate] - Finished Spring Data repository scanning in 108 ms. Found 0 Redis repository interfaces.
2023-11-10 09:50:56.843 INFO  [restartedMain] [c.u.j.c.EnableEncryptablePropertiesBeanFactoryPostProcessor] - Post-processing PropertySource instances
2023-11-10 09:50:56.847 INFO  [restartedMain] [c.u.j.EncryptablePropertySourceConverter] - Skipping PropertySource configurationProperties [class org.springframework.boot.context.properties.source.ConfigurationPropertySourcesPropertySource
2023-11-10 09:50:56.852 INFO  [restartedMain] [c.u.j.EncryptablePropertySourceConverter] - Skipping PropertySource servletConfigInitParams [class org.springframework.core.env.PropertySource$StubPropertySource
2023-11-10 09:50:56.853 INFO  [restartedMain] [c.u.j.EncryptablePropertySourceConverter] - Skipping PropertySource servletContextInitParams [class org.springframework.core.env.PropertySource$StubPropertySource
2023-11-10 09:50:56.856 INFO  [restartedMain] [c.u.j.EncryptablePropertySourceConverter] - Converting PropertySource systemProperties [org.springframework.core.env.PropertiesPropertySource] to EncryptableMapPropertySourceWrapper
2023-11-10 09:50:56.857 INFO  [restartedMain] [c.u.j.EncryptablePropertySourceConverter] - Converting PropertySource systemEnvironment [org.springframework.boot.env.SystemEnvironmentPropertySourceEnvironmentPostProcessor$OriginAwareSystemEnvironmentPropertySource] to EncryptableSystemEnvironmentPropertySourceWrapper
2023-11-10 09:50:56.858 INFO  [restartedMain] [c.u.j.EncryptablePropertySourceConverter] - Converting PropertySource random [org.springframework.boot.env.RandomValuePropertySource] to EncryptablePropertySourceWrapper
2023-11-10 09:50:56.859 INFO  [restartedMain] [c.u.j.EncryptablePropertySourceConverter] - Converting PropertySource Config resource 'class path resource [application.yml]' via location 'optional:classpath:/' [org.springframework.boot.env.OriginTrackedMapPropertySource] to EncryptableMapPropertySourceWrapper
2023-11-10 09:50:56.860 INFO  [restartedMain] [c.u.j.EncryptablePropertySourceConverter] - Converting PropertySource devtools [org.springframework.core.env.MapPropertySource] to EncryptableMapPropertySourceWrapper
2023-11-10 09:50:58.716 INFO  [restartedMain] [c.u.j.filter.DefaultLazyPropertyFilter] - Property Filter custom Bean not found with name 'encryptablePropertyFilter'. Initializing Default Property Filter
2023-11-10 09:50:58.750 INFO  [restartedMain] [c.u.j.r.DefaultLazyPropertyResolver] - Property Resolver custom Bean not found with name 'encryptablePropertyResolver'. Initializing Default Property Resolver
2023-11-10 09:50:58.758 INFO  [restartedMain] [c.u.j.d.DefaultLazyPropertyDetector] - Property Detector custom Bean not found with name 'encryptablePropertyDetector'. Initializing Default Property Detector
2023-11-10 09:51:02.527 INFO  [restartedMain] [o.s.b.w.embedded.tomcat.TomcatWebServer] - Tomcat initialized with port(s): 8080 (http)
2023-11-10 09:51:02.563 INFO  [restartedMain] [o.apache.coyote.http11.Http11NioProtocol] - Initializing ProtocolHandler ["http-nio-127.0.0.1-8080"]
2023-11-10 09:51:02.571 INFO  [restartedMain] [org.apache.catalina.core.StandardService] - Starting service [Tomcat]
2023-11-10 09:51:02.572 INFO  [restartedMain] [org.apache.catalina.core.StandardEngine] - Starting Servlet engine: [Apache Tomcat/9.0.79]
2023-11-10 09:51:03.198 INFO  [restartedMain] [o.a.c.c.C.[Tomcat].[localhost].[/]] - Initializing Spring embedded WebApplicationContext
2023-11-10 09:51:03.198 INFO  [restartedMain] [o.s.b.w.s.c.ServletWebServerApplicationContext] - Root WebApplicationContext: initialization completed in 23176 ms
2023-11-10 09:51:04.748 INFO  [restartedMain] [o.hibernate.jpa.internal.util.LogHelper] - HHH000204: Processing PersistenceUnitInfo [name: default]
2023-11-10 09:51:04.967 INFO  [restartedMain] [org.hibernate.Version] - HHH000412: Hibernate ORM core version 5.6.15.Final
2023-11-10 09:51:05.837 INFO  [restartedMain] [org.hibernate.annotations.common.Version] - HCANN000001: Hibernate Commons Annotations {5.1.2.Final}
2023-11-10 09:51:06.374 INFO  [restartedMain] [com.zaxxer.hikari.HikariDataSource] - HikariPool-1 - Starting...
2023-11-10 09:51:07.383 INFO  [restartedMain] [com.zaxxer.hikari.HikariDataSource] - HikariPool-1 - Start completed.
2023-11-10 09:51:07.471 INFO  [restartedMain] [org.hibernate.dialect.Dialect] - HHH000400: Using dialect: org.hibernate.dialect.MySQL5InnoDBDialect
2023-11-10 09:51:12.018 INFO  [restartedMain] [o.h.e.t.j.p.i.JtaPlatformInitiator] - HHH000490: Using JtaPlatform implementation: [org.hibernate.engine.transaction.jta.platform.internal.NoJtaPlatform]
2023-11-10 09:51:12.086 INFO  [restartedMain] [o.s.o.j.LocalContainerEntityManagerFactoryBean] - Initialized JPA EntityManagerFactory for persistence unit 'default'
2023-11-10 09:51:23.068 INFO  [restartedMain] [o.s.b.a.e.web.EndpointLinksResolver] - Exposing 2 endpoint(s) beneath base path '/checking'
2023-11-10 09:51:23.970 INFO  [restartedMain] [o.s.b.d.a.OptionalLiveReloadServer] - LiveReload server is running on port 35729
2023-11-10 09:51:26.327 INFO  [restartedMain] [o.apache.coyote.http11.Http11NioProtocol] - Starting ProtocolHandler ["http-nio-127.0.0.1-8080"]
2023-11-10 09:51:26.414 INFO  [restartedMain] [o.s.b.w.embedded.tomcat.TomcatWebServer] - Tomcat started on port(s): 8080 (http) with context path ''
2023-11-10 09:51:26.416 INFO  [restartedMain] [c.u.j.c.RefreshScopeRefreshedEventListener] - Refreshing cached encryptable property sources on ServletWebServerInitializedEvent
2023-11-10 09:51:26.417 INFO  [restartedMain] [c.u.j.c.CachingDelegateEncryptablePropertySource] - Property Source systemProperties refreshed
2023-11-10 09:51:26.418 INFO  [restartedMain] [c.u.j.c.CachingDelegateEncryptablePropertySource] - Property Source systemEnvironment refreshed
2023-11-10 09:51:26.418 INFO  [restartedMain] [c.u.j.c.CachingDelegateEncryptablePropertySource] - Property Source random refreshed
2023-11-10 09:51:26.418 INFO  [restartedMain] [c.u.j.c.CachingDelegateEncryptablePropertySource] - Property Source Config resource 'class path resource [application.yml]' via location 'optional:classpath:/' refreshed
2023-11-10 09:51:26.419 INFO  [restartedMain] [c.u.j.c.CachingDelegateEncryptablePropertySource] - Property Source devtools refreshed
2023-11-10 09:51:26.419 INFO  [restartedMain] [c.u.j.EncryptablePropertySourceConverter] - Converting PropertySource server.ports [org.springframework.core.env.MapPropertySource] to EncryptableMapPropertySourceWrapper
2023-11-10 09:51:26.419 INFO  [restartedMain] [c.u.j.EncryptablePropertySourceConverter] - Skipping PropertySource configurationProperties [class org.springframework.boot.context.properties.source.ConfigurationPropertySourcesPropertySource
2023-11-10 09:51:26.420 INFO  [restartedMain] [c.u.j.EncryptablePropertySourceConverter] - Skipping PropertySource servletConfigInitParams [class org.springframework.core.env.PropertySource$StubPropertySource
2023-11-10 09:51:26.420 INFO  [restartedMain] [c.u.j.EncryptablePropertySourceConverter] - Converting PropertySource servletContextInitParams [org.springframework.web.context.support.ServletContextPropertySource] to EncryptableEnumerablePropertySourceWrapper
2023-11-10 09:51:26.420 INFO  [restartedMain] [c.u.j.EncryptablePropertySourceConverter] - Converting PropertySource Management Server [org.springframework.boot.actuate.autoconfigure.web.server.ManagementContextAutoConfiguration$SameManagementContextConfiguration$1] to EncryptablePropertySourceWrapper
2023-11-10 09:51:28.215 INFO  [http-nio-127.0.0.1-8080-exec-1] [o.a.c.c.C.[Tomcat].[localhost].[/]] - Initializing Spring DispatcherServlet 'dispatcherServlet'
2023-11-10 09:51:28.216 INFO  [http-nio-127.0.0.1-8080-exec-1] [o.s.web.servlet.DispatcherServlet] - Initializing Servlet 'dispatcherServlet'
2023-11-10 09:51:28.222 INFO  [http-nio-127.0.0.1-8080-exec-1] [o.s.web.servlet.DispatcherServlet] - Completed initialization in 6 ms
2023-11-10 09:51:28.329 INFO  [restartedMain] [c.b.back_bipatv.BackBipaTvApplication] - Started BackBipaTvApplication in 50.689 seconds (JVM running for 54.202)
2023-11-10 09:51:31.271 INFO  [http-nio-127.0.0.1-8080-exec-1] [c.b.back_bipatv.interceptor.Interceptor] - 사용자: 전하은 호출 url: /video/detail/aee36157-018b-1000-ffff-ce5b556e0000
2023-11-10 09:51:31.475 WARN  [http-nio-127.0.0.1-8080-exec-1] [o.a.m.c.t.i.m.jdbc.AbstractJDBCDataModel] - You are not using ConnectionPoolDataSource. Make sure your DataSource pools connections to the database itself, or database performance will be severely reduced.
2023-11-10 09:52:10.934 WARN  [HikariPool-1 housekeeper] [com.zaxxer.hikari.pool.HikariPool] - HikariPool-1 - Thread starvation or clock leap detected (housekeeper delta=1m3s448ms606µs).
2023-11-10 09:52:32.469 INFO  [http-nio-127.0.0.1-8080-exec-1] [c.b.back_bipatv.interceptor.Interceptor] - afterCompletion Response status: 400
2023-11-10 09:52:33.344 INFO  [SpringApplicationShutdownHook] [o.s.o.j.LocalContainerEntityManagerFactoryBean] - Closing JPA EntityManagerFactory for persistence unit 'default'
2023-11-10 09:52:33.354 INFO  [SpringApplicationShutdownHook] [com.zaxxer.hikari.HikariDataSource] - HikariPool-1 - Shutdown initiated...
2023-11-10 09:52:33.391 INFO  [SpringApplicationShutdownHook] [com.zaxxer.hikari.HikariDataSource] - HikariPool-1 - Shutdown completed.
2023-11-10 09:52:48.049 INFO  [background-preinit] [o.h.validator.internal.util.Version] - HV000001: Hibernate Validator 6.2.5.Final
2023-11-10 09:52:48.057 INFO  [restartedMain] [c.b.back_bipatv.BackBipaTvApplication] - Starting BackBipaTvApplication using Java 11.0.19 on DESKTOP-D6RL7LJ with PID 12584 (C:\Users\HE-Jeon\Desktop\Bit\teamProject\api\out\production\classes started by HE-Jeon in C:\Users\HE-Jeon\Desktop\Bit\teamProject\api)
2023-11-10 09:52:48.064 INFO  [restartedMain] [c.b.back_bipatv.BackBipaTvApplication] - No active profile set, falling back to 1 default profile: "default"
2023-11-10 09:52:48.260 INFO  [restartedMain] [o.s.b.d.e.DevToolsPropertyDefaultsPostProcessor] - Devtools property defaults active! Set 'spring.devtools.add-properties' to 'false' to disable
2023-11-10 09:52:48.261 INFO  [restartedMain] [o.s.b.d.e.DevToolsPropertyDefaultsPostProcessor] - For additional web related logging consider setting the 'logging.level.web' property to 'DEBUG'
2023-11-10 09:53:00.204 WARN  [restartedMain] [com.amazonaws.util.EC2MetadataUtils] - Unable to retrieve the requested metadata (/latest/meta-data/instance-id). Failed to connect to service endpoint: 
com.amazonaws.SdkClientException: Failed to connect to service endpoint: 
	at com.amazonaws.internal.EC2ResourceFetcher.doReadResource(EC2ResourceFetcher.java:112)
	at com.amazonaws.internal.EC2ResourceFetcher.doReadResource(EC2ResourceFetcher.java:70)
	at com.amazonaws.internal.InstanceMetadataServiceResourceFetcher.readResource(InstanceMetadataServiceResourceFetcher.java:75)
	at com.amazonaws.internal.EC2ResourceFetcher.readResource(EC2ResourceFetcher.java:66)
	at com.amazonaws.util.EC2MetadataUtils.getItems(EC2MetadataUtils.java:407)
	at com.amazonaws.util.EC2MetadataUtils.getData(EC2MetadataUtils.java:376)
	at org.springframework.cloud.aws.context.support.env.AwsCloudEnvironmentCheckUtils.isRunningOnCloudEnvironment(AwsCloudEnvironmentCheckUtils.java:38)
	at org.springframework.cloud.aws.context.annotation.OnAwsCloudEnvironmentCondition.matches(OnAwsCloudEnvironmentCondition.java:37)
	at org.springframework.context.annotation.ConditionEvaluator.shouldSkip(ConditionEvaluator.java:108)
	at org.springframework.context.annotation.ConfigurationClassParser.processConfigurationClass(ConfigurationClassParser.java:225)
	at org.springframework.context.annotation.ConfigurationClassParser.processImports(ConfigurationClassParser.java:599)
	at org.springframework.context.annotation.ConfigurationClassParser.access$800(ConfigurationClassParser.java:110)
	at org.springframework.context.annotation.ConfigurationClassParser$DeferredImportSelectorGroupingHandler.lambda$processGroupImports$1(ConfigurationClassParser.java:812)
	at java.base/java.util.ArrayList.forEach(ArrayList.java:1541)
	at org.springframework.context.annotation.ConfigurationClassParser$DeferredImportSelectorGroupingHandler.processGroupImports(ConfigurationClassParser.java:809)
	at org.springframework.context.annotation.ConfigurationClassParser$DeferredImportSelectorHandler.process(ConfigurationClassParser.java:780)
	at org.springframework.context.annotation.ConfigurationClassParser.parse(ConfigurationClassParser.java:192)
	at org.springframework.context.annotation.ConfigurationClassPostProcessor.processConfigBeanDefinitions(ConfigurationClassPostProcessor.java:331)
	at org.springframework.context.annotation.ConfigurationClassPostProcessor.postProcessBeanDefinitionRegistry(ConfigurationClassPostProcessor.java:247)
	at org.springframework.context.support.PostProcessorRegistrationDelegate.invokeBeanDefinitionRegistryPostProcessors(PostProcessorRegistrationDelegate.java:311)
	at org.springframework.context.support.PostProcessorRegistrationDelegate.invokeBeanFactoryPostProcessors(PostProcessorRegistrationDelegate.java:112)
	at org.springframework.context.support.AbstractApplicationContext.invokeBeanFactoryPostProcessors(AbstractApplicationContext.java:748)
	at org.springframework.context.support.AbstractApplicationContext.refresh(AbstractApplicationContext.java:564)
	at org.springframework.boot.web.servlet.context.ServletWebServerApplicationContext.refresh(ServletWebServerApplicationContext.java:147)
	at org.springframework.boot.SpringApplication.refresh(SpringApplication.java:731)
	at org.springframework.boot.SpringApplication.refreshContext(SpringApplication.java:408)
	at org.springframework.boot.SpringApplication.run(SpringApplication.java:307)
	at org.springframework.boot.SpringApplication.run(SpringApplication.java:1303)
	at org.springframework.boot.SpringApplication.run(SpringApplication.java:1292)
	at com.bipa4.back_bipatv.BackBipaTvApplication.main(BackBipaTvApplication.java:16)
	at java.base/jdk.internal.reflect.NativeMethodAccessorImpl.invoke0(Native Method)
	at java.base/jdk.internal.reflect.NativeMethodAccessorImpl.invoke(NativeMethodAccessorImpl.java:62)
	at java.base/jdk.internal.reflect.DelegatingMethodAccessorImpl.invoke(DelegatingMethodAccessorImpl.java:43)
	at java.base/java.lang.reflect.Method.invoke(Method.java:566)
	at org.springframework.boot.devtools.restart.RestartLauncher.run(RestartLauncher.java:50)
Caused by: java.net.SocketTimeoutException: connect timed out
	at java.base/java.net.PlainSocketImpl.waitForConnect(Native Method)
	at java.base/java.net.PlainSocketImpl.socketConnect(PlainSocketImpl.java:107)
	at java.base/java.net.AbstractPlainSocketImpl.doConnect(AbstractPlainSocketImpl.java:412)
	at java.base/java.net.AbstractPlainSocketImpl.connectToAddress(AbstractPlainSocketImpl.java:255)
	at java.base/java.net.AbstractPlainSocketImpl.connect(AbstractPlainSocketImpl.java:237)
	at java.base/java.net.Socket.connect(Socket.java:609)
	at java.base/sun.net.NetworkClient.doConnect(NetworkClient.java:177)
	at java.base/sun.net.www.http.HttpClient.openServer(HttpClient.java:507)
	at java.base/sun.net.www.http.HttpClient.openServer(HttpClient.java:602)
	at java.base/sun.net.www.http.HttpClient.<init>(HttpClient.java:275)
	at java.base/sun.net.www.http.HttpClient.New(HttpClient.java:374)
	at java.base/sun.net.www.http.HttpClient.New(HttpClient.java:395)
	at java.base/sun.net.www.protocol.http.HttpURLConnection.getNewHttpClient(HttpURLConnection.java:1253)
	at java.base/sun.net.www.protocol.http.HttpURLConnection.plainConnect0(HttpURLConnection.java:1232)
	at java.base/sun.net.www.protocol.http.HttpURLConnection.plainConnect(HttpURLConnection.java:1081)
	at java.base/sun.net.www.protocol.http.HttpURLConnection.connect(HttpURLConnection.java:1015)
	at com.amazonaws.internal.ConnectionUtils.connectToEndpoint(ConnectionUtils.java:95)
	at com.amazonaws.internal.EC2ResourceFetcher.doReadResource(EC2ResourceFetcher.java:84)
	... 34 common frames omitted
2023-11-10 09:53:01.702 INFO  [restartedMain] [o.s.d.r.c.RepositoryConfigurationDelegate] - Multiple Spring Data modules found, entering strict repository configuration mode
2023-11-10 09:53:01.706 INFO  [restartedMain] [o.s.d.r.c.RepositoryConfigurationDelegate] - Bootstrapping Spring Data JPA repositories in DEFAULT mode.
2023-11-10 09:53:02.393 INFO  [restartedMain] [o.s.d.r.c.RepositoryConfigurationDelegate] - Finished Spring Data repository scanning in 663 ms. Found 6 JPA repository interfaces.
2023-11-10 09:53:02.450 INFO  [restartedMain] [o.s.d.r.c.RepositoryConfigurationDelegate] - Multiple Spring Data modules found, entering strict repository configuration mode
2023-11-10 09:53:02.455 INFO  [restartedMain] [o.s.d.r.c.RepositoryConfigurationDelegate] - Bootstrapping Spring Data Redis repositories in DEFAULT mode.
2023-11-10 09:53:02.526 INFO  [restartedMain] [o.s.d.r.c.RepositoryConfigurationExtensionSupport] - Spring Data Redis - Could not safely identify store assignment for repository candidate interface com.bipa4.back_bipatv.repository.AccountRepository; If you want this repository to be a Redis repository, consider annotating your entities with one of these annotations: org.springframework.data.redis.core.RedisHash (preferred), or consider extending one of the following types with your repository: org.springframework.data.keyvalue.repository.KeyValueRepository
2023-11-10 09:53:02.526 INFO  [restartedMain] [o.s.d.r.c.RepositoryConfigurationExtensionSupport] - Spring Data Redis - Could not safely identify store assignment for repository candidate interface com.bipa4.back_bipatv.repository.ChannelRepository; If you want this repository to be a Redis repository, consider annotating your entities with one of these annotations: org.springframework.data.redis.core.RedisHash (preferred), or consider extending one of the following types with your repository: org.springframework.data.keyvalue.repository.KeyValueRepository
2023-11-10 09:53:02.527 INFO  [restartedMain] [o.s.d.r.c.RepositoryConfigurationExtensionSupport] - Spring Data Redis - Could not safely identify store assignment for repository candidate interface com.bipa4.back_bipatv.repository.CommentRepository; If you want this repository to be a Redis repository, consider annotating your entities with one of these annotations: org.springframework.data.redis.core.RedisHash (preferred), or consider extending one of the following types with your repository: org.springframework.data.keyvalue.repository.KeyValueRepository
2023-11-10 09:53:02.528 INFO  [restartedMain] [o.s.d.r.c.RepositoryConfigurationExtensionSupport] - Spring Data Redis - Could not safely identify store assignment for repository candidate interface com.bipa4.back_bipatv.repository.LogRepository; If you want this repository to be a Redis repository, consider annotating your entities with one of these annotations: org.springframework.data.redis.core.RedisHash (preferred), or consider extending one of the following types with your repository: org.springframework.data.keyvalue.repository.KeyValueRepository
2023-11-10 09:53:02.530 INFO  [restartedMain] [o.s.d.r.c.RepositoryConfigurationExtensionSupport] - Spring Data Redis - Could not safely identify store assignment for repository candidate interface com.bipa4.back_bipatv.repository.VideoChannelRepository; If you want this repository to be a Redis repository, consider annotating your entities with one of these annotations: org.springframework.data.redis.core.RedisHash (preferred), or consider extending one of the following types with your repository: org.springframework.data.keyvalue.repository.KeyValueRepository
2023-11-10 09:53:02.531 INFO  [restartedMain] [o.s.d.r.c.RepositoryConfigurationExtensionSupport] - Spring Data Redis - Could not safely identify store assignment for repository candidate interface com.bipa4.back_bipatv.repository.VideoRepository; If you want this repository to be a Redis repository, consider annotating your entities with one of these annotations: org.springframework.data.redis.core.RedisHash (preferred), or consider extending one of the following types with your repository: org.springframework.data.keyvalue.repository.KeyValueRepository
2023-11-10 09:53:02.531 INFO  [restartedMain] [o.s.d.r.c.RepositoryConfigurationDelegate] - Finished Spring Data repository scanning in 47 ms. Found 0 Redis repository interfaces.
2023-11-10 09:53:03.483 INFO  [restartedMain] [c.u.j.c.EnableEncryptablePropertiesBeanFactoryPostProcessor] - Post-processing PropertySource instances
2023-11-10 09:53:03.484 INFO  [restartedMain] [c.u.j.EncryptablePropertySourceConverter] - Skipping PropertySource configurationProperties [class org.springframework.boot.context.properties.source.ConfigurationPropertySourcesPropertySource
2023-11-10 09:53:03.489 INFO  [restartedMain] [c.u.j.EncryptablePropertySourceConverter] - Skipping PropertySource servletConfigInitParams [class org.springframework.core.env.PropertySource$StubPropertySource
2023-11-10 09:53:03.490 INFO  [restartedMain] [c.u.j.EncryptablePropertySourceConverter] - Skipping PropertySource servletContextInitParams [class org.springframework.core.env.PropertySource$StubPropertySource
2023-11-10 09:53:03.492 INFO  [restartedMain] [c.u.j.EncryptablePropertySourceConverter] - Converting PropertySource systemProperties [org.springframework.core.env.PropertiesPropertySource] to EncryptableMapPropertySourceWrapper
2023-11-10 09:53:03.493 INFO  [restartedMain] [c.u.j.EncryptablePropertySourceConverter] - Converting PropertySource systemEnvironment [org.springframework.boot.env.SystemEnvironmentPropertySourceEnvironmentPostProcessor$OriginAwareSystemEnvironmentPropertySource] to EncryptableSystemEnvironmentPropertySourceWrapper
2023-11-10 09:53:03.494 INFO  [restartedMain] [c.u.j.EncryptablePropertySourceConverter] - Converting PropertySource random [org.springframework.boot.env.RandomValuePropertySource] to EncryptablePropertySourceWrapper
2023-11-10 09:53:03.495 INFO  [restartedMain] [c.u.j.EncryptablePropertySourceConverter] - Converting PropertySource Config resource 'class path resource [application.yml]' via location 'optional:classpath:/' [org.springframework.boot.env.OriginTrackedMapPropertySource] to EncryptableMapPropertySourceWrapper
2023-11-10 09:53:03.495 INFO  [restartedMain] [c.u.j.EncryptablePropertySourceConverter] - Converting PropertySource devtools [org.springframework.core.env.MapPropertySource] to EncryptableMapPropertySourceWrapper
2023-11-10 09:53:05.357 INFO  [restartedMain] [c.u.j.filter.DefaultLazyPropertyFilter] - Property Filter custom Bean not found with name 'encryptablePropertyFilter'. Initializing Default Property Filter
2023-11-10 09:53:05.393 INFO  [restartedMain] [c.u.j.r.DefaultLazyPropertyResolver] - Property Resolver custom Bean not found with name 'encryptablePropertyResolver'. Initializing Default Property Resolver
2023-11-10 09:53:05.405 INFO  [restartedMain] [c.u.j.d.DefaultLazyPropertyDetector] - Property Detector custom Bean not found with name 'encryptablePropertyDetector'. Initializing Default Property Detector
2023-11-10 09:53:08.914 INFO  [restartedMain] [o.s.b.w.embedded.tomcat.TomcatWebServer] - Tomcat initialized with port(s): 8080 (http)
2023-11-10 09:53:08.942 INFO  [restartedMain] [o.apache.coyote.http11.Http11NioProtocol] - Initializing ProtocolHandler ["http-nio-127.0.0.1-8080"]
2023-11-10 09:53:08.947 INFO  [restartedMain] [org.apache.catalina.core.StandardService] - Starting service [Tomcat]
2023-11-10 09:53:08.947 INFO  [restartedMain] [org.apache.catalina.core.StandardEngine] - Starting Servlet engine: [Apache Tomcat/9.0.79]
2023-11-10 09:53:09.684 INFO  [restartedMain] [o.a.c.c.C.[Tomcat].[localhost].[/]] - Initializing Spring embedded WebApplicationContext
2023-11-10 09:53:09.685 INFO  [restartedMain] [o.s.b.w.s.c.ServletWebServerApplicationContext] - Root WebApplicationContext: initialization completed in 21420 ms
2023-11-10 09:53:11.321 INFO  [restartedMain] [o.hibernate.jpa.internal.util.LogHelper] - HHH000204: Processing PersistenceUnitInfo [name: default]
2023-11-10 09:53:11.576 INFO  [restartedMain] [org.hibernate.Version] - HHH000412: Hibernate ORM core version 5.6.15.Final
2023-11-10 09:53:12.469 INFO  [restartedMain] [org.hibernate.annotations.common.Version] - HCANN000001: Hibernate Commons Annotations {5.1.2.Final}
2023-11-10 09:53:12.967 INFO  [restartedMain] [com.zaxxer.hikari.HikariDataSource] - HikariPool-1 - Starting...
2023-11-10 09:53:14.046 INFO  [restartedMain] [com.zaxxer.hikari.HikariDataSource] - HikariPool-1 - Start completed.
2023-11-10 09:53:14.193 INFO  [restartedMain] [org.hibernate.dialect.Dialect] - HHH000400: Using dialect: org.hibernate.dialect.MySQL5InnoDBDialect
2023-11-10 09:53:18.465 INFO  [restartedMain] [o.h.e.t.j.p.i.JtaPlatformInitiator] - HHH000490: Using JtaPlatform implementation: [org.hibernate.engine.transaction.jta.platform.internal.NoJtaPlatform]
2023-11-10 09:53:18.519 INFO  [restartedMain] [o.s.o.j.LocalContainerEntityManagerFactoryBean] - Initialized JPA EntityManagerFactory for persistence unit 'default'
2023-11-10 09:53:29.329 INFO  [restartedMain] [o.s.b.a.e.web.EndpointLinksResolver] - Exposing 2 endpoint(s) beneath base path '/checking'
2023-11-10 09:53:30.294 INFO  [restartedMain] [o.s.b.d.a.OptionalLiveReloadServer] - LiveReload server is running on port 35729
2023-11-10 09:53:32.740 INFO  [restartedMain] [o.apache.coyote.http11.Http11NioProtocol] - Starting ProtocolHandler ["http-nio-127.0.0.1-8080"]
2023-11-10 09:53:32.782 INFO  [restartedMain] [o.s.b.w.embedded.tomcat.TomcatWebServer] - Tomcat started on port(s): 8080 (http) with context path ''
2023-11-10 09:53:32.784 INFO  [restartedMain] [c.u.j.c.RefreshScopeRefreshedEventListener] - Refreshing cached encryptable property sources on ServletWebServerInitializedEvent
2023-11-10 09:53:32.786 INFO  [restartedMain] [c.u.j.c.CachingDelegateEncryptablePropertySource] - Property Source systemProperties refreshed
2023-11-10 09:53:32.787 INFO  [restartedMain] [c.u.j.c.CachingDelegateEncryptablePropertySource] - Property Source systemEnvironment refreshed
2023-11-10 09:53:32.787 INFO  [restartedMain] [c.u.j.c.CachingDelegateEncryptablePropertySource] - Property Source random refreshed
2023-11-10 09:53:32.787 INFO  [restartedMain] [c.u.j.c.CachingDelegateEncryptablePropertySource] - Property Source Config resource 'class path resource [application.yml]' via location 'optional:classpath:/' refreshed
2023-11-10 09:53:32.788 INFO  [restartedMain] [c.u.j.c.CachingDelegateEncryptablePropertySource] - Property Source devtools refreshed
2023-11-10 09:53:32.788 INFO  [restartedMain] [c.u.j.EncryptablePropertySourceConverter] - Converting PropertySource server.ports [org.springframework.core.env.MapPropertySource] to EncryptableMapPropertySourceWrapper
2023-11-10 09:53:32.788 INFO  [restartedMain] [c.u.j.EncryptablePropertySourceConverter] - Skipping PropertySource configurationProperties [class org.springframework.boot.context.properties.source.ConfigurationPropertySourcesPropertySource
2023-11-10 09:53:32.789 INFO  [restartedMain] [c.u.j.EncryptablePropertySourceConverter] - Skipping PropertySource servletConfigInitParams [class org.springframework.core.env.PropertySource$StubPropertySource
2023-11-10 09:53:32.790 INFO  [restartedMain] [c.u.j.EncryptablePropertySourceConverter] - Converting PropertySource servletContextInitParams [org.springframework.web.context.support.ServletContextPropertySource] to EncryptableEnumerablePropertySourceWrapper
2023-11-10 09:53:32.790 INFO  [restartedMain] [c.u.j.EncryptablePropertySourceConverter] - Converting PropertySource Management Server [org.springframework.boot.actuate.autoconfigure.web.server.ManagementContextAutoConfiguration$SameManagementContextConfiguration$1] to EncryptablePropertySourceWrapper
2023-11-10 09:53:34.543 INFO  [http-nio-127.0.0.1-8080-exec-1] [o.a.c.c.C.[Tomcat].[localhost].[/]] - Initializing Spring DispatcherServlet 'dispatcherServlet'
2023-11-10 09:53:34.544 INFO  [http-nio-127.0.0.1-8080-exec-1] [o.s.web.servlet.DispatcherServlet] - Initializing Servlet 'dispatcherServlet'
2023-11-10 09:53:34.552 INFO  [http-nio-127.0.0.1-8080-exec-1] [o.s.web.servlet.DispatcherServlet] - Completed initialization in 8 ms
2023-11-10 09:53:34.587 INFO  [restartedMain] [c.b.back_bipatv.BackBipaTvApplication] - Started BackBipaTvApplication in 48.378 seconds (JVM running for 50.823)
2023-11-10 09:53:37.698 INFO  [http-nio-127.0.0.1-8080-exec-1] [c.b.back_bipatv.interceptor.Interceptor] - 사용자: 전하은 호출 url: /video/detail/aee36157-018b-1000-ffff-ce5b556e0000
2023-11-10 09:53:37.870 WARN  [http-nio-127.0.0.1-8080-exec-1] [o.a.m.c.t.i.m.jdbc.AbstractJDBCDataModel] - You are not using ConnectionPoolDataSource. Make sure your DataSource pools connections to the database itself, or database performance will be severely reduced.
2023-11-10 09:55:16.703 WARN  [HikariPool-1 housekeeper] [com.zaxxer.hikari.pool.HikariPool] - HikariPool-1 - Thread starvation or clock leap detected (housekeeper delta=1m30s897ms).
2023-11-10 09:55:16.875 INFO  [http-nio-127.0.0.1-8080-exec-1] [c.b.back_bipatv.interceptor.Interceptor] - afterCompletion Response status: 401
2023-11-10 09:55:17.226 INFO  [SpringApplicationShutdownHook] [o.s.o.j.LocalContainerEntityManagerFactoryBean] - Closing JPA EntityManagerFactory for persistence unit 'default'
2023-11-10 09:55:17.237 INFO  [SpringApplicationShutdownHook] [com.zaxxer.hikari.HikariDataSource] - HikariPool-1 - Shutdown initiated...
2023-11-10 09:55:17.268 INFO  [SpringApplicationShutdownHook] [com.zaxxer.hikari.HikariDataSource] - HikariPool-1 - Shutdown completed.
2023-11-10 09:55:33.814 INFO  [restartedMain] [c.b.back_bipatv.BackBipaTvApplication] - Starting BackBipaTvApplication using Java 11.0.19 on DESKTOP-D6RL7LJ with PID 20472 (C:\Users\HE-Jeon\Desktop\Bit\teamProject\api\out\production\classes started by HE-Jeon in C:\Users\HE-Jeon\Desktop\Bit\teamProject\api)
2023-11-10 09:55:33.820 INFO  [restartedMain] [c.b.back_bipatv.BackBipaTvApplication] - No active profile set, falling back to 1 default profile: "default"
2023-11-10 09:55:33.824 INFO  [background-preinit] [o.h.validator.internal.util.Version] - HV000001: Hibernate Validator 6.2.5.Final
2023-11-10 09:55:34.034 INFO  [restartedMain] [o.s.b.d.e.DevToolsPropertyDefaultsPostProcessor] - Devtools property defaults active! Set 'spring.devtools.add-properties' to 'false' to disable
2023-11-10 09:55:34.036 INFO  [restartedMain] [o.s.b.d.e.DevToolsPropertyDefaultsPostProcessor] - For additional web related logging consider setting the 'logging.level.web' property to 'DEBUG'
2023-11-10 09:55:46.502 WARN  [restartedMain] [com.amazonaws.util.EC2MetadataUtils] - Unable to retrieve the requested metadata (/latest/meta-data/instance-id). Failed to connect to service endpoint: 
com.amazonaws.SdkClientException: Failed to connect to service endpoint: 
	at com.amazonaws.internal.EC2ResourceFetcher.doReadResource(EC2ResourceFetcher.java:112)
	at com.amazonaws.internal.EC2ResourceFetcher.doReadResource(EC2ResourceFetcher.java:70)
	at com.amazonaws.internal.InstanceMetadataServiceResourceFetcher.readResource(InstanceMetadataServiceResourceFetcher.java:75)
	at com.amazonaws.internal.EC2ResourceFetcher.readResource(EC2ResourceFetcher.java:66)
	at com.amazonaws.util.EC2MetadataUtils.getItems(EC2MetadataUtils.java:407)
	at com.amazonaws.util.EC2MetadataUtils.getData(EC2MetadataUtils.java:376)
	at org.springframework.cloud.aws.context.support.env.AwsCloudEnvironmentCheckUtils.isRunningOnCloudEnvironment(AwsCloudEnvironmentCheckUtils.java:38)
	at org.springframework.cloud.aws.context.annotation.OnAwsCloudEnvironmentCondition.matches(OnAwsCloudEnvironmentCondition.java:37)
	at org.springframework.context.annotation.ConditionEvaluator.shouldSkip(ConditionEvaluator.java:108)
	at org.springframework.context.annotation.ConfigurationClassParser.processConfigurationClass(ConfigurationClassParser.java:225)
	at org.springframework.context.annotation.ConfigurationClassParser.processImports(ConfigurationClassParser.java:599)
	at org.springframework.context.annotation.ConfigurationClassParser.access$800(ConfigurationClassParser.java:110)
	at org.springframework.context.annotation.ConfigurationClassParser$DeferredImportSelectorGroupingHandler.lambda$processGroupImports$1(ConfigurationClassParser.java:812)
	at java.base/java.util.ArrayList.forEach(ArrayList.java:1541)
	at org.springframework.context.annotation.ConfigurationClassParser$DeferredImportSelectorGroupingHandler.processGroupImports(ConfigurationClassParser.java:809)
	at org.springframework.context.annotation.ConfigurationClassParser$DeferredImportSelectorHandler.process(ConfigurationClassParser.java:780)
	at org.springframework.context.annotation.ConfigurationClassParser.parse(ConfigurationClassParser.java:192)
	at org.springframework.context.annotation.ConfigurationClassPostProcessor.processConfigBeanDefinitions(ConfigurationClassPostProcessor.java:331)
	at org.springframework.context.annotation.ConfigurationClassPostProcessor.postProcessBeanDefinitionRegistry(ConfigurationClassPostProcessor.java:247)
	at org.springframework.context.support.PostProcessorRegistrationDelegate.invokeBeanDefinitionRegistryPostProcessors(PostProcessorRegistrationDelegate.java:311)
	at org.springframework.context.support.PostProcessorRegistrationDelegate.invokeBeanFactoryPostProcessors(PostProcessorRegistrationDelegate.java:112)
	at org.springframework.context.support.AbstractApplicationContext.invokeBeanFactoryPostProcessors(AbstractApplicationContext.java:748)
	at org.springframework.context.support.AbstractApplicationContext.refresh(AbstractApplicationContext.java:564)
	at org.springframework.boot.web.servlet.context.ServletWebServerApplicationContext.refresh(ServletWebServerApplicationContext.java:147)
	at org.springframework.boot.SpringApplication.refresh(SpringApplication.java:731)
	at org.springframework.boot.SpringApplication.refreshContext(SpringApplication.java:408)
	at org.springframework.boot.SpringApplication.run(SpringApplication.java:307)
	at org.springframework.boot.SpringApplication.run(SpringApplication.java:1303)
	at org.springframework.boot.SpringApplication.run(SpringApplication.java:1292)
	at com.bipa4.back_bipatv.BackBipaTvApplication.main(BackBipaTvApplication.java:16)
	at java.base/jdk.internal.reflect.NativeMethodAccessorImpl.invoke0(Native Method)
	at java.base/jdk.internal.reflect.NativeMethodAccessorImpl.invoke(NativeMethodAccessorImpl.java:62)
	at java.base/jdk.internal.reflect.DelegatingMethodAccessorImpl.invoke(DelegatingMethodAccessorImpl.java:43)
	at java.base/java.lang.reflect.Method.invoke(Method.java:566)
	at org.springframework.boot.devtools.restart.RestartLauncher.run(RestartLauncher.java:50)
Caused by: java.net.SocketTimeoutException: connect timed out
	at java.base/java.net.PlainSocketImpl.waitForConnect(Native Method)
	at java.base/java.net.PlainSocketImpl.socketConnect(PlainSocketImpl.java:107)
	at java.base/java.net.AbstractPlainSocketImpl.doConnect(AbstractPlainSocketImpl.java:412)
	at java.base/java.net.AbstractPlainSocketImpl.connectToAddress(AbstractPlainSocketImpl.java:255)
	at java.base/java.net.AbstractPlainSocketImpl.connect(AbstractPlainSocketImpl.java:237)
	at java.base/java.net.Socket.connect(Socket.java:609)
	at java.base/sun.net.NetworkClient.doConnect(NetworkClient.java:177)
	at java.base/sun.net.www.http.HttpClient.openServer(HttpClient.java:507)
	at java.base/sun.net.www.http.HttpClient.openServer(HttpClient.java:602)
	at java.base/sun.net.www.http.HttpClient.<init>(HttpClient.java:275)
	at java.base/sun.net.www.http.HttpClient.New(HttpClient.java:374)
	at java.base/sun.net.www.http.HttpClient.New(HttpClient.java:395)
	at java.base/sun.net.www.protocol.http.HttpURLConnection.getNewHttpClient(HttpURLConnection.java:1253)
	at java.base/sun.net.www.protocol.http.HttpURLConnection.plainConnect0(HttpURLConnection.java:1232)
	at java.base/sun.net.www.protocol.http.HttpURLConnection.plainConnect(HttpURLConnection.java:1081)
	at java.base/sun.net.www.protocol.http.HttpURLConnection.connect(HttpURLConnection.java:1015)
	at com.amazonaws.internal.ConnectionUtils.connectToEndpoint(ConnectionUtils.java:95)
	at com.amazonaws.internal.EC2ResourceFetcher.doReadResource(EC2ResourceFetcher.java:84)
	... 34 common frames omitted
2023-11-10 09:55:48.302 INFO  [restartedMain] [o.s.d.r.c.RepositoryConfigurationDelegate] - Multiple Spring Data modules found, entering strict repository configuration mode
2023-11-10 09:55:48.311 INFO  [restartedMain] [o.s.d.r.c.RepositoryConfigurationDelegate] - Bootstrapping Spring Data JPA repositories in DEFAULT mode.
2023-11-10 09:55:49.258 INFO  [restartedMain] [o.s.d.r.c.RepositoryConfigurationDelegate] - Finished Spring Data repository scanning in 907 ms. Found 6 JPA repository interfaces.
2023-11-10 09:55:49.311 INFO  [restartedMain] [o.s.d.r.c.RepositoryConfigurationDelegate] - Multiple Spring Data modules found, entering strict repository configuration mode
2023-11-10 09:55:49.316 INFO  [restartedMain] [o.s.d.r.c.RepositoryConfigurationDelegate] - Bootstrapping Spring Data Redis repositories in DEFAULT mode.
2023-11-10 09:55:49.430 INFO  [restartedMain] [o.s.d.r.c.RepositoryConfigurationExtensionSupport] - Spring Data Redis - Could not safely identify store assignment for repository candidate interface com.bipa4.back_bipatv.repository.AccountRepository; If you want this repository to be a Redis repository, consider annotating your entities with one of these annotations: org.springframework.data.redis.core.RedisHash (preferred), or consider extending one of the following types with your repository: org.springframework.data.keyvalue.repository.KeyValueRepository
2023-11-10 09:55:49.432 INFO  [restartedMain] [o.s.d.r.c.RepositoryConfigurationExtensionSupport] - Spring Data Redis - Could not safely identify store assignment for repository candidate interface com.bipa4.back_bipatv.repository.ChannelRepository; If you want this repository to be a Redis repository, consider annotating your entities with one of these annotations: org.springframework.data.redis.core.RedisHash (preferred), or consider extending one of the following types with your repository: org.springframework.data.keyvalue.repository.KeyValueRepository
2023-11-10 09:55:49.433 INFO  [restartedMain] [o.s.d.r.c.RepositoryConfigurationExtensionSupport] - Spring Data Redis - Could not safely identify store assignment for repository candidate interface com.bipa4.back_bipatv.repository.CommentRepository; If you want this repository to be a Redis repository, consider annotating your entities with one of these annotations: org.springframework.data.redis.core.RedisHash (preferred), or consider extending one of the following types with your repository: org.springframework.data.keyvalue.repository.KeyValueRepository
2023-11-10 09:55:49.434 INFO  [restartedMain] [o.s.d.r.c.RepositoryConfigurationExtensionSupport] - Spring Data Redis - Could not safely identify store assignment for repository candidate interface com.bipa4.back_bipatv.repository.LogRepository; If you want this repository to be a Redis repository, consider annotating your entities with one of these annotations: org.springframework.data.redis.core.RedisHash (preferred), or consider extending one of the following types with your repository: org.springframework.data.keyvalue.repository.KeyValueRepository
2023-11-10 09:55:49.438 INFO  [restartedMain] [o.s.d.r.c.RepositoryConfigurationExtensionSupport] - Spring Data Redis - Could not safely identify store assignment for repository candidate interface com.bipa4.back_bipatv.repository.VideoChannelRepository; If you want this repository to be a Redis repository, consider annotating your entities with one of these annotations: org.springframework.data.redis.core.RedisHash (preferred), or consider extending one of the following types with your repository: org.springframework.data.keyvalue.repository.KeyValueRepository
2023-11-10 09:55:49.439 INFO  [restartedMain] [o.s.d.r.c.RepositoryConfigurationExtensionSupport] - Spring Data Redis - Could not safely identify store assignment for repository candidate interface com.bipa4.back_bipatv.repository.VideoRepository; If you want this repository to be a Redis repository, consider annotating your entities with one of these annotations: org.springframework.data.redis.core.RedisHash (preferred), or consider extending one of the following types with your repository: org.springframework.data.keyvalue.repository.KeyValueRepository
2023-11-10 09:55:49.440 INFO  [restartedMain] [o.s.d.r.c.RepositoryConfigurationDelegate] - Finished Spring Data repository scanning in 89 ms. Found 0 Redis repository interfaces.
2023-11-10 09:55:50.915 INFO  [restartedMain] [c.u.j.c.EnableEncryptablePropertiesBeanFactoryPostProcessor] - Post-processing PropertySource instances
2023-11-10 09:55:50.917 INFO  [restartedMain] [c.u.j.EncryptablePropertySourceConverter] - Skipping PropertySource configurationProperties [class org.springframework.boot.context.properties.source.ConfigurationPropertySourcesPropertySource
2023-11-10 09:55:50.925 INFO  [restartedMain] [c.u.j.EncryptablePropertySourceConverter] - Skipping PropertySource servletConfigInitParams [class org.springframework.core.env.PropertySource$StubPropertySource
2023-11-10 09:55:50.926 INFO  [restartedMain] [c.u.j.EncryptablePropertySourceConverter] - Skipping PropertySource servletContextInitParams [class org.springframework.core.env.PropertySource$StubPropertySource
2023-11-10 09:55:50.929 INFO  [restartedMain] [c.u.j.EncryptablePropertySourceConverter] - Converting PropertySource systemProperties [org.springframework.core.env.PropertiesPropertySource] to EncryptableMapPropertySourceWrapper
2023-11-10 09:55:50.930 INFO  [restartedMain] [c.u.j.EncryptablePropertySourceConverter] - Converting PropertySource systemEnvironment [org.springframework.boot.env.SystemEnvironmentPropertySourceEnvironmentPostProcessor$OriginAwareSystemEnvironmentPropertySource] to EncryptableSystemEnvironmentPropertySourceWrapper
2023-11-10 09:55:50.931 INFO  [restartedMain] [c.u.j.EncryptablePropertySourceConverter] - Converting PropertySource random [org.springframework.boot.env.RandomValuePropertySource] to EncryptablePropertySourceWrapper
2023-11-10 09:55:50.932 INFO  [restartedMain] [c.u.j.EncryptablePropertySourceConverter] - Converting PropertySource Config resource 'class path resource [application.yml]' via location 'optional:classpath:/' [org.springframework.boot.env.OriginTrackedMapPropertySource] to EncryptableMapPropertySourceWrapper
2023-11-10 09:55:50.932 INFO  [restartedMain] [c.u.j.EncryptablePropertySourceConverter] - Converting PropertySource devtools [org.springframework.core.env.MapPropertySource] to EncryptableMapPropertySourceWrapper
2023-11-10 09:55:52.940 INFO  [restartedMain] [c.u.j.filter.DefaultLazyPropertyFilter] - Property Filter custom Bean not found with name 'encryptablePropertyFilter'. Initializing Default Property Filter
2023-11-10 09:55:52.973 INFO  [restartedMain] [c.u.j.r.DefaultLazyPropertyResolver] - Property Resolver custom Bean not found with name 'encryptablePropertyResolver'. Initializing Default Property Resolver
2023-11-10 09:55:52.981 INFO  [restartedMain] [c.u.j.d.DefaultLazyPropertyDetector] - Property Detector custom Bean not found with name 'encryptablePropertyDetector'. Initializing Default Property Detector
2023-11-10 09:55:56.715 INFO  [restartedMain] [o.s.b.w.embedded.tomcat.TomcatWebServer] - Tomcat initialized with port(s): 8080 (http)
2023-11-10 09:55:56.753 INFO  [restartedMain] [o.apache.coyote.http11.Http11NioProtocol] - Initializing ProtocolHandler ["http-nio-127.0.0.1-8080"]
2023-11-10 09:55:56.759 INFO  [restartedMain] [org.apache.catalina.core.StandardService] - Starting service [Tomcat]
2023-11-10 09:55:56.760 INFO  [restartedMain] [org.apache.catalina.core.StandardEngine] - Starting Servlet engine: [Apache Tomcat/9.0.79]
2023-11-10 09:55:57.505 INFO  [restartedMain] [o.a.c.c.C.[Tomcat].[localhost].[/]] - Initializing Spring embedded WebApplicationContext
2023-11-10 09:55:57.505 INFO  [restartedMain] [o.s.b.w.s.c.ServletWebServerApplicationContext] - Root WebApplicationContext: initialization completed in 23468 ms
2023-11-10 09:55:59.181 INFO  [restartedMain] [o.hibernate.jpa.internal.util.LogHelper] - HHH000204: Processing PersistenceUnitInfo [name: default]
2023-11-10 09:55:59.514 INFO  [restartedMain] [org.hibernate.Version] - HHH000412: Hibernate ORM core version 5.6.15.Final
2023-11-10 09:56:00.443 INFO  [restartedMain] [org.hibernate.annotations.common.Version] - HCANN000001: Hibernate Commons Annotations {5.1.2.Final}
2023-11-10 09:56:00.929 INFO  [restartedMain] [com.zaxxer.hikari.HikariDataSource] - HikariPool-1 - Starting...
2023-11-10 09:56:01.908 INFO  [restartedMain] [com.zaxxer.hikari.HikariDataSource] - HikariPool-1 - Start completed.
2023-11-10 09:56:01.982 INFO  [restartedMain] [org.hibernate.dialect.Dialect] - HHH000400: Using dialect: org.hibernate.dialect.MySQL5InnoDBDialect
2023-11-10 09:56:06.088 INFO  [restartedMain] [o.h.e.t.j.p.i.JtaPlatformInitiator] - HHH000490: Using JtaPlatform implementation: [org.hibernate.engine.transaction.jta.platform.internal.NoJtaPlatform]
2023-11-10 09:56:06.137 INFO  [restartedMain] [o.s.o.j.LocalContainerEntityManagerFactoryBean] - Initialized JPA EntityManagerFactory for persistence unit 'default'
2023-11-10 09:56:17.610 INFO  [restartedMain] [o.s.b.a.e.web.EndpointLinksResolver] - Exposing 2 endpoint(s) beneath base path '/checking'
2023-11-10 09:56:18.670 INFO  [restartedMain] [o.s.b.d.a.OptionalLiveReloadServer] - LiveReload server is running on port 35729
2023-11-10 09:56:21.129 INFO  [restartedMain] [o.apache.coyote.http11.Http11NioProtocol] - Starting ProtocolHandler ["http-nio-127.0.0.1-8080"]
2023-11-10 09:56:21.177 INFO  [restartedMain] [o.s.b.w.embedded.tomcat.TomcatWebServer] - Tomcat started on port(s): 8080 (http) with context path ''
2023-11-10 09:56:21.179 INFO  [restartedMain] [c.u.j.c.RefreshScopeRefreshedEventListener] - Refreshing cached encryptable property sources on ServletWebServerInitializedEvent
2023-11-10 09:56:21.180 INFO  [restartedMain] [c.u.j.c.CachingDelegateEncryptablePropertySource] - Property Source systemProperties refreshed
2023-11-10 09:56:21.181 INFO  [restartedMain] [c.u.j.c.CachingDelegateEncryptablePropertySource] - Property Source systemEnvironment refreshed
2023-11-10 09:56:21.181 INFO  [restartedMain] [c.u.j.c.CachingDelegateEncryptablePropertySource] - Property Source random refreshed
2023-11-10 09:56:21.181 INFO  [restartedMain] [c.u.j.c.CachingDelegateEncryptablePropertySource] - Property Source Config resource 'class path resource [application.yml]' via location 'optional:classpath:/' refreshed
2023-11-10 09:56:21.181 INFO  [restartedMain] [c.u.j.c.CachingDelegateEncryptablePropertySource] - Property Source devtools refreshed
2023-11-10 09:56:21.182 INFO  [restartedMain] [c.u.j.EncryptablePropertySourceConverter] - Converting PropertySource server.ports [org.springframework.core.env.MapPropertySource] to EncryptableMapPropertySourceWrapper
2023-11-10 09:56:21.182 INFO  [restartedMain] [c.u.j.EncryptablePropertySourceConverter] - Skipping PropertySource configurationProperties [class org.springframework.boot.context.properties.source.ConfigurationPropertySourcesPropertySource
2023-11-10 09:56:21.182 INFO  [restartedMain] [c.u.j.EncryptablePropertySourceConverter] - Skipping PropertySource servletConfigInitParams [class org.springframework.core.env.PropertySource$StubPropertySource
2023-11-10 09:56:21.183 INFO  [restartedMain] [c.u.j.EncryptablePropertySourceConverter] - Converting PropertySource servletContextInitParams [org.springframework.web.context.support.ServletContextPropertySource] to EncryptableEnumerablePropertySourceWrapper
2023-11-10 09:56:21.183 INFO  [restartedMain] [c.u.j.EncryptablePropertySourceConverter] - Converting PropertySource Management Server [org.springframework.boot.actuate.autoconfigure.web.server.ManagementContextAutoConfiguration$SameManagementContextConfiguration$1] to EncryptablePropertySourceWrapper
2023-11-10 09:56:22.929 INFO  [restartedMain] [c.b.back_bipatv.BackBipaTvApplication] - Started BackBipaTvApplication in 51.431 seconds (JVM running for 54.825)
2023-11-10 09:56:25.396 INFO  [http-nio-127.0.0.1-8080-exec-1] [o.a.c.c.C.[Tomcat].[localhost].[/]] - Initializing Spring DispatcherServlet 'dispatcherServlet'
2023-11-10 09:56:25.397 INFO  [http-nio-127.0.0.1-8080-exec-1] [o.s.web.servlet.DispatcherServlet] - Initializing Servlet 'dispatcherServlet'
2023-11-10 09:56:25.405 INFO  [http-nio-127.0.0.1-8080-exec-1] [o.s.web.servlet.DispatcherServlet] - Completed initialization in 6 ms
2023-11-10 09:56:28.718 INFO  [http-nio-127.0.0.1-8080-exec-1] [c.b.back_bipatv.interceptor.Interceptor] - 사용자: 전하은 호출 url: /video/detail/aee36157-018b-1000-ffff-ce5b556e0000
2023-11-10 09:56:28.895 WARN  [http-nio-127.0.0.1-8080-exec-1] [o.a.m.c.t.i.m.jdbc.AbstractJDBCDataModel] - You are not using ConnectionPoolDataSource. Make sure your DataSource pools connections to the database itself, or database performance will be severely reduced.
2023-11-10 09:56:53.775 INFO  [http-nio-127.0.0.1-8080-exec-1] [c.b.back_bipatv.interceptor.Interceptor] - afterCompletion Response status: 400
2023-11-10 09:56:54.056 INFO  [SpringApplicationShutdownHook] [o.s.o.j.LocalContainerEntityManagerFactoryBean] - Closing JPA EntityManagerFactory for persistence unit 'default'
2023-11-10 09:56:54.069 INFO  [SpringApplicationShutdownHook] [com.zaxxer.hikari.HikariDataSource] - HikariPool-1 - Shutdown initiated...
2023-11-10 09:56:54.099 INFO  [SpringApplicationShutdownHook] [com.zaxxer.hikari.HikariDataSource] - HikariPool-1 - Shutdown completed.
2023-11-10 09:57:02.276 INFO  [restartedMain] [c.b.back_bipatv.BackBipaTvApplication] - Starting BackBipaTvApplication using Java 11.0.19 on DESKTOP-D6RL7LJ with PID 5472 (C:\Users\HE-Jeon\Desktop\Bit\teamProject\api\out\production\classes started by HE-Jeon in C:\Users\HE-Jeon\Desktop\Bit\teamProject\api)
2023-11-10 09:57:02.280 INFO  [restartedMain] [c.b.back_bipatv.BackBipaTvApplication] - No active profile set, falling back to 1 default profile: "default"
2023-11-10 09:57:02.289 INFO  [background-preinit] [o.h.validator.internal.util.Version] - HV000001: Hibernate Validator 6.2.5.Final
2023-11-10 09:57:02.420 INFO  [restartedMain] [o.s.b.d.e.DevToolsPropertyDefaultsPostProcessor] - Devtools property defaults active! Set 'spring.devtools.add-properties' to 'false' to disable
2023-11-10 09:57:02.420 INFO  [restartedMain] [o.s.b.d.e.DevToolsPropertyDefaultsPostProcessor] - For additional web related logging consider setting the 'logging.level.web' property to 'DEBUG'
2023-11-10 09:57:13.841 WARN  [restartedMain] [com.amazonaws.util.EC2MetadataUtils] - Unable to retrieve the requested metadata (/latest/meta-data/instance-id). Failed to connect to service endpoint: 
com.amazonaws.SdkClientException: Failed to connect to service endpoint: 
	at com.amazonaws.internal.EC2ResourceFetcher.doReadResource(EC2ResourceFetcher.java:112)
	at com.amazonaws.internal.EC2ResourceFetcher.doReadResource(EC2ResourceFetcher.java:70)
	at com.amazonaws.internal.InstanceMetadataServiceResourceFetcher.readResource(InstanceMetadataServiceResourceFetcher.java:75)
	at com.amazonaws.internal.EC2ResourceFetcher.readResource(EC2ResourceFetcher.java:66)
	at com.amazonaws.util.EC2MetadataUtils.getItems(EC2MetadataUtils.java:407)
	at com.amazonaws.util.EC2MetadataUtils.getData(EC2MetadataUtils.java:376)
	at org.springframework.cloud.aws.context.support.env.AwsCloudEnvironmentCheckUtils.isRunningOnCloudEnvironment(AwsCloudEnvironmentCheckUtils.java:38)
	at org.springframework.cloud.aws.context.annotation.OnAwsCloudEnvironmentCondition.matches(OnAwsCloudEnvironmentCondition.java:37)
	at org.springframework.context.annotation.ConditionEvaluator.shouldSkip(ConditionEvaluator.java:108)
	at org.springframework.context.annotation.ConfigurationClassParser.processConfigurationClass(ConfigurationClassParser.java:225)
	at org.springframework.context.annotation.ConfigurationClassParser.processImports(ConfigurationClassParser.java:599)
	at org.springframework.context.annotation.ConfigurationClassParser.access$800(ConfigurationClassParser.java:110)
	at org.springframework.context.annotation.ConfigurationClassParser$DeferredImportSelectorGroupingHandler.lambda$processGroupImports$1(ConfigurationClassParser.java:812)
	at java.base/java.util.ArrayList.forEach(ArrayList.java:1541)
	at org.springframework.context.annotation.ConfigurationClassParser$DeferredImportSelectorGroupingHandler.processGroupImports(ConfigurationClassParser.java:809)
	at org.springframework.context.annotation.ConfigurationClassParser$DeferredImportSelectorHandler.process(ConfigurationClassParser.java:780)
	at org.springframework.context.annotation.ConfigurationClassParser.parse(ConfigurationClassParser.java:192)
	at org.springframework.context.annotation.ConfigurationClassPostProcessor.processConfigBeanDefinitions(ConfigurationClassPostProcessor.java:331)
	at org.springframework.context.annotation.ConfigurationClassPostProcessor.postProcessBeanDefinitionRegistry(ConfigurationClassPostProcessor.java:247)
	at org.springframework.context.support.PostProcessorRegistrationDelegate.invokeBeanDefinitionRegistryPostProcessors(PostProcessorRegistrationDelegate.java:311)
	at org.springframework.context.support.PostProcessorRegistrationDelegate.invokeBeanFactoryPostProcessors(PostProcessorRegistrationDelegate.java:112)
	at org.springframework.context.support.AbstractApplicationContext.invokeBeanFactoryPostProcessors(AbstractApplicationContext.java:748)
	at org.springframework.context.support.AbstractApplicationContext.refresh(AbstractApplicationContext.java:564)
	at org.springframework.boot.web.servlet.context.ServletWebServerApplicationContext.refresh(ServletWebServerApplicationContext.java:147)
	at org.springframework.boot.SpringApplication.refresh(SpringApplication.java:731)
	at org.springframework.boot.SpringApplication.refreshContext(SpringApplication.java:408)
	at org.springframework.boot.SpringApplication.run(SpringApplication.java:307)
	at org.springframework.boot.SpringApplication.run(SpringApplication.java:1303)
	at org.springframework.boot.SpringApplication.run(SpringApplication.java:1292)
	at com.bipa4.back_bipatv.BackBipaTvApplication.main(BackBipaTvApplication.java:16)
	at java.base/jdk.internal.reflect.NativeMethodAccessorImpl.invoke0(Native Method)
	at java.base/jdk.internal.reflect.NativeMethodAccessorImpl.invoke(NativeMethodAccessorImpl.java:62)
	at java.base/jdk.internal.reflect.DelegatingMethodAccessorImpl.invoke(DelegatingMethodAccessorImpl.java:43)
	at java.base/java.lang.reflect.Method.invoke(Method.java:566)
	at org.springframework.boot.devtools.restart.RestartLauncher.run(RestartLauncher.java:50)
Caused by: java.net.SocketTimeoutException: connect timed out
	at java.base/java.net.PlainSocketImpl.waitForConnect(Native Method)
	at java.base/java.net.PlainSocketImpl.socketConnect(PlainSocketImpl.java:107)
	at java.base/java.net.AbstractPlainSocketImpl.doConnect(AbstractPlainSocketImpl.java:412)
	at java.base/java.net.AbstractPlainSocketImpl.connectToAddress(AbstractPlainSocketImpl.java:255)
	at java.base/java.net.AbstractPlainSocketImpl.connect(AbstractPlainSocketImpl.java:237)
	at java.base/java.net.Socket.connect(Socket.java:609)
	at java.base/sun.net.NetworkClient.doConnect(NetworkClient.java:177)
	at java.base/sun.net.www.http.HttpClient.openServer(HttpClient.java:507)
	at java.base/sun.net.www.http.HttpClient.openServer(HttpClient.java:602)
	at java.base/sun.net.www.http.HttpClient.<init>(HttpClient.java:275)
	at java.base/sun.net.www.http.HttpClient.New(HttpClient.java:374)
	at java.base/sun.net.www.http.HttpClient.New(HttpClient.java:395)
	at java.base/sun.net.www.protocol.http.HttpURLConnection.getNewHttpClient(HttpURLConnection.java:1253)
	at java.base/sun.net.www.protocol.http.HttpURLConnection.plainConnect0(HttpURLConnection.java:1232)
	at java.base/sun.net.www.protocol.http.HttpURLConnection.plainConnect(HttpURLConnection.java:1081)
	at java.base/sun.net.www.protocol.http.HttpURLConnection.connect(HttpURLConnection.java:1015)
	at com.amazonaws.internal.ConnectionUtils.connectToEndpoint(ConnectionUtils.java:95)
	at com.amazonaws.internal.EC2ResourceFetcher.doReadResource(EC2ResourceFetcher.java:84)
	... 34 common frames omitted
2023-11-10 09:57:15.327 INFO  [restartedMain] [o.s.d.r.c.RepositoryConfigurationDelegate] - Multiple Spring Data modules found, entering strict repository configuration mode
2023-11-10 09:57:15.336 INFO  [restartedMain] [o.s.d.r.c.RepositoryConfigurationDelegate] - Bootstrapping Spring Data JPA repositories in DEFAULT mode.
2023-11-10 09:57:16.336 INFO  [restartedMain] [o.s.d.r.c.RepositoryConfigurationDelegate] - Finished Spring Data repository scanning in 959 ms. Found 6 JPA repository interfaces.
2023-11-10 09:57:16.385 INFO  [restartedMain] [o.s.d.r.c.RepositoryConfigurationDelegate] - Multiple Spring Data modules found, entering strict repository configuration mode
2023-11-10 09:57:16.389 INFO  [restartedMain] [o.s.d.r.c.RepositoryConfigurationDelegate] - Bootstrapping Spring Data Redis repositories in DEFAULT mode.
2023-11-10 09:57:16.493 INFO  [restartedMain] [o.s.d.r.c.RepositoryConfigurationExtensionSupport] - Spring Data Redis - Could not safely identify store assignment for repository candidate interface com.bipa4.back_bipatv.repository.AccountRepository; If you want this repository to be a Redis repository, consider annotating your entities with one of these annotations: org.springframework.data.redis.core.RedisHash (preferred), or consider extending one of the following types with your repository: org.springframework.data.keyvalue.repository.KeyValueRepository
2023-11-10 09:57:16.496 INFO  [restartedMain] [o.s.d.r.c.RepositoryConfigurationExtensionSupport] - Spring Data Redis - Could not safely identify store assignment for repository candidate interface com.bipa4.back_bipatv.repository.ChannelRepository; If you want this repository to be a Redis repository, consider annotating your entities with one of these annotations: org.springframework.data.redis.core.RedisHash (preferred), or consider extending one of the following types with your repository: org.springframework.data.keyvalue.repository.KeyValueRepository
2023-11-10 09:57:16.498 INFO  [restartedMain] [o.s.d.r.c.RepositoryConfigurationExtensionSupport] - Spring Data Redis - Could not safely identify store assignment for repository candidate interface com.bipa4.back_bipatv.repository.CommentRepository; If you want this repository to be a Redis repository, consider annotating your entities with one of these annotations: org.springframework.data.redis.core.RedisHash (preferred), or consider extending one of the following types with your repository: org.springframework.data.keyvalue.repository.KeyValueRepository
2023-11-10 09:57:16.499 INFO  [restartedMain] [o.s.d.r.c.RepositoryConfigurationExtensionSupport] - Spring Data Redis - Could not safely identify store assignment for repository candidate interface com.bipa4.back_bipatv.repository.LogRepository; If you want this repository to be a Redis repository, consider annotating your entities with one of these annotations: org.springframework.data.redis.core.RedisHash (preferred), or consider extending one of the following types with your repository: org.springframework.data.keyvalue.repository.KeyValueRepository
2023-11-10 09:57:16.502 INFO  [restartedMain] [o.s.d.r.c.RepositoryConfigurationExtensionSupport] - Spring Data Redis - Could not safely identify store assignment for repository candidate interface com.bipa4.back_bipatv.repository.VideoChannelRepository; If you want this repository to be a Redis repository, consider annotating your entities with one of these annotations: org.springframework.data.redis.core.RedisHash (preferred), or consider extending one of the following types with your repository: org.springframework.data.keyvalue.repository.KeyValueRepository
2023-11-10 09:57:16.503 INFO  [restartedMain] [o.s.d.r.c.RepositoryConfigurationExtensionSupport] - Spring Data Redis - Could not safely identify store assignment for repository candidate interface com.bipa4.back_bipatv.repository.VideoRepository; If you want this repository to be a Redis repository, consider annotating your entities with one of these annotations: org.springframework.data.redis.core.RedisHash (preferred), or consider extending one of the following types with your repository: org.springframework.data.keyvalue.repository.KeyValueRepository
2023-11-10 09:57:16.504 INFO  [restartedMain] [o.s.d.r.c.RepositoryConfigurationDelegate] - Finished Spring Data repository scanning in 82 ms. Found 0 Redis repository interfaces.
2023-11-10 09:57:17.882 INFO  [restartedMain] [c.u.j.c.EnableEncryptablePropertiesBeanFactoryPostProcessor] - Post-processing PropertySource instances
2023-11-10 09:57:17.884 INFO  [restartedMain] [c.u.j.EncryptablePropertySourceConverter] - Skipping PropertySource configurationProperties [class org.springframework.boot.context.properties.source.ConfigurationPropertySourcesPropertySource
2023-11-10 09:57:17.889 INFO  [restartedMain] [c.u.j.EncryptablePropertySourceConverter] - Skipping PropertySource servletConfigInitParams [class org.springframework.core.env.PropertySource$StubPropertySource
2023-11-10 09:57:17.890 INFO  [restartedMain] [c.u.j.EncryptablePropertySourceConverter] - Skipping PropertySource servletContextInitParams [class org.springframework.core.env.PropertySource$StubPropertySource
2023-11-10 09:57:17.895 INFO  [restartedMain] [c.u.j.EncryptablePropertySourceConverter] - Converting PropertySource systemProperties [org.springframework.core.env.PropertiesPropertySource] to EncryptableMapPropertySourceWrapper
2023-11-10 09:57:17.896 INFO  [restartedMain] [c.u.j.EncryptablePropertySourceConverter] - Converting PropertySource systemEnvironment [org.springframework.boot.env.SystemEnvironmentPropertySourceEnvironmentPostProcessor$OriginAwareSystemEnvironmentPropertySource] to EncryptableSystemEnvironmentPropertySourceWrapper
2023-11-10 09:57:17.897 INFO  [restartedMain] [c.u.j.EncryptablePropertySourceConverter] - Converting PropertySource random [org.springframework.boot.env.RandomValuePropertySource] to EncryptablePropertySourceWrapper
2023-11-10 09:57:17.897 INFO  [restartedMain] [c.u.j.EncryptablePropertySourceConverter] - Converting PropertySource Config resource 'class path resource [application.yml]' via location 'optional:classpath:/' [org.springframework.boot.env.OriginTrackedMapPropertySource] to EncryptableMapPropertySourceWrapper
2023-11-10 09:57:17.898 INFO  [restartedMain] [c.u.j.EncryptablePropertySourceConverter] - Converting PropertySource devtools [org.springframework.core.env.MapPropertySource] to EncryptableMapPropertySourceWrapper
2023-11-10 09:57:19.583 INFO  [restartedMain] [c.u.j.filter.DefaultLazyPropertyFilter] - Property Filter custom Bean not found with name 'encryptablePropertyFilter'. Initializing Default Property Filter
2023-11-10 09:57:19.630 INFO  [restartedMain] [c.u.j.r.DefaultLazyPropertyResolver] - Property Resolver custom Bean not found with name 'encryptablePropertyResolver'. Initializing Default Property Resolver
2023-11-10 09:57:19.643 INFO  [restartedMain] [c.u.j.d.DefaultLazyPropertyDetector] - Property Detector custom Bean not found with name 'encryptablePropertyDetector'. Initializing Default Property Detector
2023-11-10 09:57:23.199 INFO  [restartedMain] [o.s.b.w.embedded.tomcat.TomcatWebServer] - Tomcat initialized with port(s): 8080 (http)
2023-11-10 09:57:23.236 INFO  [restartedMain] [o.apache.coyote.http11.Http11NioProtocol] - Initializing ProtocolHandler ["http-nio-127.0.0.1-8080"]
2023-11-10 09:57:23.242 INFO  [restartedMain] [org.apache.catalina.core.StandardService] - Starting service [Tomcat]
2023-11-10 09:57:23.243 INFO  [restartedMain] [org.apache.catalina.core.StandardEngine] - Starting Servlet engine: [Apache Tomcat/9.0.79]
2023-11-10 09:57:23.974 INFO  [restartedMain] [o.a.c.c.C.[Tomcat].[localhost].[/]] - Initializing Spring embedded WebApplicationContext
2023-11-10 09:57:23.974 INFO  [restartedMain] [o.s.b.w.s.c.ServletWebServerApplicationContext] - Root WebApplicationContext: initialization completed in 21553 ms
2023-11-10 09:57:25.391 INFO  [restartedMain] [o.hibernate.jpa.internal.util.LogHelper] - HHH000204: Processing PersistenceUnitInfo [name: default]
2023-11-10 09:57:25.658 INFO  [restartedMain] [org.hibernate.Version] - HHH000412: Hibernate ORM core version 5.6.15.Final
2023-11-10 09:57:26.473 INFO  [restartedMain] [org.hibernate.annotations.common.Version] - HCANN000001: Hibernate Commons Annotations {5.1.2.Final}
2023-11-10 09:57:26.975 INFO  [restartedMain] [com.zaxxer.hikari.HikariDataSource] - HikariPool-1 - Starting...
2023-11-10 09:57:27.937 INFO  [restartedMain] [com.zaxxer.hikari.HikariDataSource] - HikariPool-1 - Start completed.
2023-11-10 09:57:28.017 INFO  [restartedMain] [org.hibernate.dialect.Dialect] - HHH000400: Using dialect: org.hibernate.dialect.MySQL5InnoDBDialect
2023-11-10 09:57:31.861 INFO  [restartedMain] [o.h.e.t.j.p.i.JtaPlatformInitiator] - HHH000490: Using JtaPlatform implementation: [org.hibernate.engine.transaction.jta.platform.internal.NoJtaPlatform]
2023-11-10 09:57:31.898 INFO  [restartedMain] [o.s.o.j.LocalContainerEntityManagerFactoryBean] - Initialized JPA EntityManagerFactory for persistence unit 'default'
2023-11-10 09:57:42.247 INFO  [restartedMain] [o.s.b.a.e.web.EndpointLinksResolver] - Exposing 2 endpoint(s) beneath base path '/checking'
2023-11-10 09:57:43.101 INFO  [restartedMain] [o.s.b.d.a.OptionalLiveReloadServer] - LiveReload server is running on port 35729
2023-11-10 09:57:45.316 INFO  [restartedMain] [o.apache.coyote.http11.Http11NioProtocol] - Starting ProtocolHandler ["http-nio-127.0.0.1-8080"]
2023-11-10 09:57:45.357 INFO  [restartedMain] [o.s.b.w.embedded.tomcat.TomcatWebServer] - Tomcat started on port(s): 8080 (http) with context path ''
2023-11-10 09:57:45.359 INFO  [restartedMain] [c.u.j.c.RefreshScopeRefreshedEventListener] - Refreshing cached encryptable property sources on ServletWebServerInitializedEvent
2023-11-10 09:57:45.359 INFO  [restartedMain] [c.u.j.c.CachingDelegateEncryptablePropertySource] - Property Source systemProperties refreshed
2023-11-10 09:57:45.359 INFO  [restartedMain] [c.u.j.c.CachingDelegateEncryptablePropertySource] - Property Source systemEnvironment refreshed
2023-11-10 09:57:45.359 INFO  [restartedMain] [c.u.j.c.CachingDelegateEncryptablePropertySource] - Property Source random refreshed
2023-11-10 09:57:45.359 INFO  [restartedMain] [c.u.j.c.CachingDelegateEncryptablePropertySource] - Property Source Config resource 'class path resource [application.yml]' via location 'optional:classpath:/' refreshed
2023-11-10 09:57:45.360 INFO  [restartedMain] [c.u.j.c.CachingDelegateEncryptablePropertySource] - Property Source devtools refreshed
2023-11-10 09:57:45.360 INFO  [restartedMain] [c.u.j.EncryptablePropertySourceConverter] - Converting PropertySource server.ports [org.springframework.core.env.MapPropertySource] to EncryptableMapPropertySourceWrapper
2023-11-10 09:57:45.360 INFO  [restartedMain] [c.u.j.EncryptablePropertySourceConverter] - Skipping PropertySource configurationProperties [class org.springframework.boot.context.properties.source.ConfigurationPropertySourcesPropertySource
2023-11-10 09:57:45.360 INFO  [restartedMain] [c.u.j.EncryptablePropertySourceConverter] - Skipping PropertySource servletConfigInitParams [class org.springframework.core.env.PropertySource$StubPropertySource
2023-11-10 09:57:45.360 INFO  [restartedMain] [c.u.j.EncryptablePropertySourceConverter] - Converting PropertySource servletContextInitParams [org.springframework.web.context.support.ServletContextPropertySource] to EncryptableEnumerablePropertySourceWrapper
2023-11-10 09:57:45.361 INFO  [restartedMain] [c.u.j.EncryptablePropertySourceConverter] - Converting PropertySource Management Server [org.springframework.boot.actuate.autoconfigure.web.server.ManagementContextAutoConfiguration$SameManagementContextConfiguration$1] to EncryptablePropertySourceWrapper
2023-11-10 09:57:45.748 INFO  [http-nio-127.0.0.1-8080-exec-1] [o.a.c.c.C.[Tomcat].[localhost].[/]] - Initializing Spring DispatcherServlet 'dispatcherServlet'
2023-11-10 09:57:45.748 INFO  [http-nio-127.0.0.1-8080-exec-1] [o.s.web.servlet.DispatcherServlet] - Initializing Servlet 'dispatcherServlet'
2023-11-10 09:57:45.755 INFO  [http-nio-127.0.0.1-8080-exec-1] [o.s.web.servlet.DispatcherServlet] - Completed initialization in 7 ms
2023-11-10 09:57:47.298 INFO  [restartedMain] [c.b.back_bipatv.BackBipaTvApplication] - Started BackBipaTvApplication in 46.622 seconds (JVM running for 48.704)
2023-11-10 09:57:48.580 INFO  [http-nio-127.0.0.1-8080-exec-1] [c.b.back_bipatv.interceptor.Interceptor] - 사용자: 전하은 호출 url: /video/detail/aee36157-018b-1000-ffff-ce5b556e0000
2023-11-10 09:57:48.754 WARN  [http-nio-127.0.0.1-8080-exec-1] [o.a.m.c.t.i.m.jdbc.AbstractJDBCDataModel] - You are not using ConnectionPoolDataSource. Make sure your DataSource pools connections to the database itself, or database performance will be severely reduced.
2023-11-10 09:57:49.928 INFO  [http-nio-127.0.0.1-8080-exec-1] [c.b.back_bipatv.interceptor.Interceptor] - afterCompletion Response status: 400
2023-11-10 09:58:43.322 INFO  [SpringApplicationShutdownHook] [o.s.o.j.LocalContainerEntityManagerFactoryBean] - Closing JPA EntityManagerFactory for persistence unit 'default'
2023-11-10 09:58:43.330 INFO  [SpringApplicationShutdownHook] [com.zaxxer.hikari.HikariDataSource] - HikariPool-1 - Shutdown initiated...
2023-11-10 09:58:43.357 INFO  [SpringApplicationShutdownHook] [com.zaxxer.hikari.HikariDataSource] - HikariPool-1 - Shutdown completed.
2023-11-10 09:58:53.999 INFO  [restartedMain] [c.b.back_bipatv.BackBipaTvApplication] - Starting BackBipaTvApplication using Java 11.0.19 on DESKTOP-D6RL7LJ with PID 14940 (C:\Users\HE-Jeon\Desktop\Bit\teamProject\api\out\production\classes started by HE-Jeon in C:\Users\HE-Jeon\Desktop\Bit\teamProject\api)
2023-11-10 09:58:54.006 INFO  [restartedMain] [c.b.back_bipatv.BackBipaTvApplication] - No active profile set, falling back to 1 default profile: "default"
2023-11-10 09:58:54.015 INFO  [background-preinit] [o.h.validator.internal.util.Version] - HV000001: Hibernate Validator 6.2.5.Final
2023-11-10 09:58:54.209 INFO  [restartedMain] [o.s.b.d.e.DevToolsPropertyDefaultsPostProcessor] - Devtools property defaults active! Set 'spring.devtools.add-properties' to 'false' to disable
2023-11-10 09:58:54.210 INFO  [restartedMain] [o.s.b.d.e.DevToolsPropertyDefaultsPostProcessor] - For additional web related logging consider setting the 'logging.level.web' property to 'DEBUG'
2023-11-10 09:59:06.670 WARN  [restartedMain] [com.amazonaws.util.EC2MetadataUtils] - Unable to retrieve the requested metadata (/latest/meta-data/instance-id). Failed to connect to service endpoint: 
com.amazonaws.SdkClientException: Failed to connect to service endpoint: 
	at com.amazonaws.internal.EC2ResourceFetcher.doReadResource(EC2ResourceFetcher.java:112)
	at com.amazonaws.internal.EC2ResourceFetcher.doReadResource(EC2ResourceFetcher.java:70)
	at com.amazonaws.internal.InstanceMetadataServiceResourceFetcher.readResource(InstanceMetadataServiceResourceFetcher.java:75)
	at com.amazonaws.internal.EC2ResourceFetcher.readResource(EC2ResourceFetcher.java:66)
	at com.amazonaws.util.EC2MetadataUtils.getItems(EC2MetadataUtils.java:407)
	at com.amazonaws.util.EC2MetadataUtils.getData(EC2MetadataUtils.java:376)
	at org.springframework.cloud.aws.context.support.env.AwsCloudEnvironmentCheckUtils.isRunningOnCloudEnvironment(AwsCloudEnvironmentCheckUtils.java:38)
	at org.springframework.cloud.aws.context.annotation.OnAwsCloudEnvironmentCondition.matches(OnAwsCloudEnvironmentCondition.java:37)
	at org.springframework.context.annotation.ConditionEvaluator.shouldSkip(ConditionEvaluator.java:108)
	at org.springframework.context.annotation.ConfigurationClassParser.processConfigurationClass(ConfigurationClassParser.java:225)
	at org.springframework.context.annotation.ConfigurationClassParser.processImports(ConfigurationClassParser.java:599)
	at org.springframework.context.annotation.ConfigurationClassParser.access$800(ConfigurationClassParser.java:110)
	at org.springframework.context.annotation.ConfigurationClassParser$DeferredImportSelectorGroupingHandler.lambda$processGroupImports$1(ConfigurationClassParser.java:812)
	at java.base/java.util.ArrayList.forEach(ArrayList.java:1541)
	at org.springframework.context.annotation.ConfigurationClassParser$DeferredImportSelectorGroupingHandler.processGroupImports(ConfigurationClassParser.java:809)
	at org.springframework.context.annotation.ConfigurationClassParser$DeferredImportSelectorHandler.process(ConfigurationClassParser.java:780)
	at org.springframework.context.annotation.ConfigurationClassParser.parse(ConfigurationClassParser.java:192)
	at org.springframework.context.annotation.ConfigurationClassPostProcessor.processConfigBeanDefinitions(ConfigurationClassPostProcessor.java:331)
	at org.springframework.context.annotation.ConfigurationClassPostProcessor.postProcessBeanDefinitionRegistry(ConfigurationClassPostProcessor.java:247)
	at org.springframework.context.support.PostProcessorRegistrationDelegate.invokeBeanDefinitionRegistryPostProcessors(PostProcessorRegistrationDelegate.java:311)
	at org.springframework.context.support.PostProcessorRegistrationDelegate.invokeBeanFactoryPostProcessors(PostProcessorRegistrationDelegate.java:112)
	at org.springframework.context.support.AbstractApplicationContext.invokeBeanFactoryPostProcessors(AbstractApplicationContext.java:748)
	at org.springframework.context.support.AbstractApplicationContext.refresh(AbstractApplicationContext.java:564)
	at org.springframework.boot.web.servlet.context.ServletWebServerApplicationContext.refresh(ServletWebServerApplicationContext.java:147)
	at org.springframework.boot.SpringApplication.refresh(SpringApplication.java:731)
	at org.springframework.boot.SpringApplication.refreshContext(SpringApplication.java:408)
	at org.springframework.boot.SpringApplication.run(SpringApplication.java:307)
	at org.springframework.boot.SpringApplication.run(SpringApplication.java:1303)
	at org.springframework.boot.SpringApplication.run(SpringApplication.java:1292)
	at com.bipa4.back_bipatv.BackBipaTvApplication.main(BackBipaTvApplication.java:16)
	at java.base/jdk.internal.reflect.NativeMethodAccessorImpl.invoke0(Native Method)
	at java.base/jdk.internal.reflect.NativeMethodAccessorImpl.invoke(NativeMethodAccessorImpl.java:62)
	at java.base/jdk.internal.reflect.DelegatingMethodAccessorImpl.invoke(DelegatingMethodAccessorImpl.java:43)
	at java.base/java.lang.reflect.Method.invoke(Method.java:566)
	at org.springframework.boot.devtools.restart.RestartLauncher.run(RestartLauncher.java:50)
Caused by: java.net.SocketTimeoutException: connect timed out
	at java.base/java.net.PlainSocketImpl.waitForConnect(Native Method)
	at java.base/java.net.PlainSocketImpl.socketConnect(PlainSocketImpl.java:107)
	at java.base/java.net.AbstractPlainSocketImpl.doConnect(AbstractPlainSocketImpl.java:412)
	at java.base/java.net.AbstractPlainSocketImpl.connectToAddress(AbstractPlainSocketImpl.java:255)
	at java.base/java.net.AbstractPlainSocketImpl.connect(AbstractPlainSocketImpl.java:237)
	at java.base/java.net.Socket.connect(Socket.java:609)
	at java.base/sun.net.NetworkClient.doConnect(NetworkClient.java:177)
	at java.base/sun.net.www.http.HttpClient.openServer(HttpClient.java:507)
	at java.base/sun.net.www.http.HttpClient.openServer(HttpClient.java:602)
	at java.base/sun.net.www.http.HttpClient.<init>(HttpClient.java:275)
	at java.base/sun.net.www.http.HttpClient.New(HttpClient.java:374)
	at java.base/sun.net.www.http.HttpClient.New(HttpClient.java:395)
	at java.base/sun.net.www.protocol.http.HttpURLConnection.getNewHttpClient(HttpURLConnection.java:1253)
	at java.base/sun.net.www.protocol.http.HttpURLConnection.plainConnect0(HttpURLConnection.java:1232)
	at java.base/sun.net.www.protocol.http.HttpURLConnection.plainConnect(HttpURLConnection.java:1081)
	at java.base/sun.net.www.protocol.http.HttpURLConnection.connect(HttpURLConnection.java:1015)
	at com.amazonaws.internal.ConnectionUtils.connectToEndpoint(ConnectionUtils.java:95)
	at com.amazonaws.internal.EC2ResourceFetcher.doReadResource(EC2ResourceFetcher.java:84)
	... 34 common frames omitted
2023-11-10 09:59:07.999 INFO  [restartedMain] [o.s.d.r.c.RepositoryConfigurationDelegate] - Multiple Spring Data modules found, entering strict repository configuration mode
2023-11-10 09:59:08.004 INFO  [restartedMain] [o.s.d.r.c.RepositoryConfigurationDelegate] - Bootstrapping Spring Data JPA repositories in DEFAULT mode.
2023-11-10 09:59:08.837 INFO  [restartedMain] [o.s.d.r.c.RepositoryConfigurationDelegate] - Finished Spring Data repository scanning in 807 ms. Found 6 JPA repository interfaces.
2023-11-10 09:59:08.874 INFO  [restartedMain] [o.s.d.r.c.RepositoryConfigurationDelegate] - Multiple Spring Data modules found, entering strict repository configuration mode
2023-11-10 09:59:08.877 INFO  [restartedMain] [o.s.d.r.c.RepositoryConfigurationDelegate] - Bootstrapping Spring Data Redis repositories in DEFAULT mode.
2023-11-10 09:59:08.945 INFO  [restartedMain] [o.s.d.r.c.RepositoryConfigurationExtensionSupport] - Spring Data Redis - Could not safely identify store assignment for repository candidate interface com.bipa4.back_bipatv.repository.AccountRepository; If you want this repository to be a Redis repository, consider annotating your entities with one of these annotations: org.springframework.data.redis.core.RedisHash (preferred), or consider extending one of the following types with your repository: org.springframework.data.keyvalue.repository.KeyValueRepository
2023-11-10 09:59:08.947 INFO  [restartedMain] [o.s.d.r.c.RepositoryConfigurationExtensionSupport] - Spring Data Redis - Could not safely identify store assignment for repository candidate interface com.bipa4.back_bipatv.repository.ChannelRepository; If you want this repository to be a Redis repository, consider annotating your entities with one of these annotations: org.springframework.data.redis.core.RedisHash (preferred), or consider extending one of the following types with your repository: org.springframework.data.keyvalue.repository.KeyValueRepository
2023-11-10 09:59:08.947 INFO  [restartedMain] [o.s.d.r.c.RepositoryConfigurationExtensionSupport] - Spring Data Redis - Could not safely identify store assignment for repository candidate interface com.bipa4.back_bipatv.repository.CommentRepository; If you want this repository to be a Redis repository, consider annotating your entities with one of these annotations: org.springframework.data.redis.core.RedisHash (preferred), or consider extending one of the following types with your repository: org.springframework.data.keyvalue.repository.KeyValueRepository
2023-11-10 09:59:08.948 INFO  [restartedMain] [o.s.d.r.c.RepositoryConfigurationExtensionSupport] - Spring Data Redis - Could not safely identify store assignment for repository candidate interface com.bipa4.back_bipatv.repository.LogRepository; If you want this repository to be a Redis repository, consider annotating your entities with one of these annotations: org.springframework.data.redis.core.RedisHash (preferred), or consider extending one of the following types with your repository: org.springframework.data.keyvalue.repository.KeyValueRepository
2023-11-10 09:59:08.950 INFO  [restartedMain] [o.s.d.r.c.RepositoryConfigurationExtensionSupport] - Spring Data Redis - Could not safely identify store assignment for repository candidate interface com.bipa4.back_bipatv.repository.VideoChannelRepository; If you want this repository to be a Redis repository, consider annotating your entities with one of these annotations: org.springframework.data.redis.core.RedisHash (preferred), or consider extending one of the following types with your repository: org.springframework.data.keyvalue.repository.KeyValueRepository
2023-11-10 09:59:08.951 INFO  [restartedMain] [o.s.d.r.c.RepositoryConfigurationExtensionSupport] - Spring Data Redis - Could not safely identify store assignment for repository candidate interface com.bipa4.back_bipatv.repository.VideoRepository; If you want this repository to be a Redis repository, consider annotating your entities with one of these annotations: org.springframework.data.redis.core.RedisHash (preferred), or consider extending one of the following types with your repository: org.springframework.data.keyvalue.repository.KeyValueRepository
2023-11-10 09:59:08.951 INFO  [restartedMain] [o.s.d.r.c.RepositoryConfigurationDelegate] - Finished Spring Data repository scanning in 46 ms. Found 0 Redis repository interfaces.
2023-11-10 09:59:10.121 INFO  [restartedMain] [c.u.j.c.EnableEncryptablePropertiesBeanFactoryPostProcessor] - Post-processing PropertySource instances
2023-11-10 09:59:10.124 INFO  [restartedMain] [c.u.j.EncryptablePropertySourceConverter] - Skipping PropertySource configurationProperties [class org.springframework.boot.context.properties.source.ConfigurationPropertySourcesPropertySource
2023-11-10 09:59:10.130 INFO  [restartedMain] [c.u.j.EncryptablePropertySourceConverter] - Skipping PropertySource servletConfigInitParams [class org.springframework.core.env.PropertySource$StubPropertySource
2023-11-10 09:59:10.130 INFO  [restartedMain] [c.u.j.EncryptablePropertySourceConverter] - Skipping PropertySource servletContextInitParams [class org.springframework.core.env.PropertySource$StubPropertySource
2023-11-10 09:59:10.133 INFO  [restartedMain] [c.u.j.EncryptablePropertySourceConverter] - Converting PropertySource systemProperties [org.springframework.core.env.PropertiesPropertySource] to EncryptableMapPropertySourceWrapper
2023-11-10 09:59:10.134 INFO  [restartedMain] [c.u.j.EncryptablePropertySourceConverter] - Converting PropertySource systemEnvironment [org.springframework.boot.env.SystemEnvironmentPropertySourceEnvironmentPostProcessor$OriginAwareSystemEnvironmentPropertySource] to EncryptableSystemEnvironmentPropertySourceWrapper
2023-11-10 09:59:10.135 INFO  [restartedMain] [c.u.j.EncryptablePropertySourceConverter] - Converting PropertySource random [org.springframework.boot.env.RandomValuePropertySource] to EncryptablePropertySourceWrapper
2023-11-10 09:59:10.135 INFO  [restartedMain] [c.u.j.EncryptablePropertySourceConverter] - Converting PropertySource Config resource 'class path resource [application.yml]' via location 'optional:classpath:/' [org.springframework.boot.env.OriginTrackedMapPropertySource] to EncryptableMapPropertySourceWrapper
2023-11-10 09:59:10.135 INFO  [restartedMain] [c.u.j.EncryptablePropertySourceConverter] - Converting PropertySource devtools [org.springframework.core.env.MapPropertySource] to EncryptableMapPropertySourceWrapper
2023-11-10 09:59:11.508 INFO  [restartedMain] [c.u.j.filter.DefaultLazyPropertyFilter] - Property Filter custom Bean not found with name 'encryptablePropertyFilter'. Initializing Default Property Filter
2023-11-10 09:59:11.526 INFO  [restartedMain] [c.u.j.r.DefaultLazyPropertyResolver] - Property Resolver custom Bean not found with name 'encryptablePropertyResolver'. Initializing Default Property Resolver
2023-11-10 09:59:11.530 INFO  [restartedMain] [c.u.j.d.DefaultLazyPropertyDetector] - Property Detector custom Bean not found with name 'encryptablePropertyDetector'. Initializing Default Property Detector
2023-11-10 09:59:15.065 INFO  [restartedMain] [o.s.b.w.embedded.tomcat.TomcatWebServer] - Tomcat initialized with port(s): 8080 (http)
2023-11-10 09:59:15.088 INFO  [restartedMain] [o.apache.coyote.http11.Http11NioProtocol] - Initializing ProtocolHandler ["http-nio-127.0.0.1-8080"]
2023-11-10 09:59:15.093 INFO  [restartedMain] [org.apache.catalina.core.StandardService] - Starting service [Tomcat]
2023-11-10 09:59:15.093 INFO  [restartedMain] [org.apache.catalina.core.StandardEngine] - Starting Servlet engine: [Apache Tomcat/9.0.79]
2023-11-10 09:59:15.631 INFO  [restartedMain] [o.a.c.c.C.[Tomcat].[localhost].[/]] - Initializing Spring embedded WebApplicationContext
2023-11-10 09:59:15.631 INFO  [restartedMain] [o.s.b.w.s.c.ServletWebServerApplicationContext] - Root WebApplicationContext: initialization completed in 21419 ms
2023-11-10 09:59:16.871 INFO  [restartedMain] [o.hibernate.jpa.internal.util.LogHelper] - HHH000204: Processing PersistenceUnitInfo [name: default]
2023-11-10 09:59:17.088 INFO  [restartedMain] [org.hibernate.Version] - HHH000412: Hibernate ORM core version 5.6.15.Final
2023-11-10 09:59:17.852 INFO  [restartedMain] [org.hibernate.annotations.common.Version] - HCANN000001: Hibernate Commons Annotations {5.1.2.Final}
2023-11-10 09:59:18.313 INFO  [restartedMain] [com.zaxxer.hikari.HikariDataSource] - HikariPool-1 - Starting...
2023-11-10 09:59:19.151 INFO  [restartedMain] [com.zaxxer.hikari.HikariDataSource] - HikariPool-1 - Start completed.
2023-11-10 09:59:19.229 INFO  [restartedMain] [org.hibernate.dialect.Dialect] - HHH000400: Using dialect: org.hibernate.dialect.MySQL5InnoDBDialect
2023-11-10 09:59:23.448 INFO  [restartedMain] [o.h.e.t.j.p.i.JtaPlatformInitiator] - HHH000490: Using JtaPlatform implementation: [org.hibernate.engine.transaction.jta.platform.internal.NoJtaPlatform]
2023-11-10 09:59:23.523 INFO  [restartedMain] [o.s.o.j.LocalContainerEntityManagerFactoryBean] - Initialized JPA EntityManagerFactory for persistence unit 'default'
2023-11-10 09:59:34.870 INFO  [restartedMain] [o.s.b.a.e.web.EndpointLinksResolver] - Exposing 2 endpoint(s) beneath base path '/checking'
2023-11-10 09:59:35.873 INFO  [restartedMain] [o.s.b.d.a.OptionalLiveReloadServer] - LiveReload server is running on port 35729
2023-11-10 09:59:38.207 INFO  [restartedMain] [o.apache.coyote.http11.Http11NioProtocol] - Starting ProtocolHandler ["http-nio-127.0.0.1-8080"]
2023-11-10 09:59:38.250 INFO  [restartedMain] [o.s.b.w.embedded.tomcat.TomcatWebServer] - Tomcat started on port(s): 8080 (http) with context path ''
2023-11-10 09:59:38.252 INFO  [restartedMain] [c.u.j.c.RefreshScopeRefreshedEventListener] - Refreshing cached encryptable property sources on ServletWebServerInitializedEvent
2023-11-10 09:59:38.253 INFO  [restartedMain] [c.u.j.c.CachingDelegateEncryptablePropertySource] - Property Source systemProperties refreshed
2023-11-10 09:59:38.253 INFO  [restartedMain] [c.u.j.c.CachingDelegateEncryptablePropertySource] - Property Source systemEnvironment refreshed
2023-11-10 09:59:38.254 INFO  [restartedMain] [c.u.j.c.CachingDelegateEncryptablePropertySource] - Property Source random refreshed
2023-11-10 09:59:38.254 INFO  [restartedMain] [c.u.j.c.CachingDelegateEncryptablePropertySource] - Property Source Config resource 'class path resource [application.yml]' via location 'optional:classpath:/' refreshed
2023-11-10 09:59:38.254 INFO  [restartedMain] [c.u.j.c.CachingDelegateEncryptablePropertySource] - Property Source devtools refreshed
2023-11-10 09:59:38.255 INFO  [restartedMain] [c.u.j.EncryptablePropertySourceConverter] - Converting PropertySource server.ports [org.springframework.core.env.MapPropertySource] to EncryptableMapPropertySourceWrapper
2023-11-10 09:59:38.255 INFO  [restartedMain] [c.u.j.EncryptablePropertySourceConverter] - Skipping PropertySource configurationProperties [class org.springframework.boot.context.properties.source.ConfigurationPropertySourcesPropertySource
2023-11-10 09:59:38.255 INFO  [restartedMain] [c.u.j.EncryptablePropertySourceConverter] - Skipping PropertySource servletConfigInitParams [class org.springframework.core.env.PropertySource$StubPropertySource
2023-11-10 09:59:38.256 INFO  [restartedMain] [c.u.j.EncryptablePropertySourceConverter] - Converting PropertySource servletContextInitParams [org.springframework.web.context.support.ServletContextPropertySource] to EncryptableEnumerablePropertySourceWrapper
2023-11-10 09:59:38.256 INFO  [restartedMain] [c.u.j.EncryptablePropertySourceConverter] - Converting PropertySource Management Server [org.springframework.boot.actuate.autoconfigure.web.server.ManagementContextAutoConfiguration$SameManagementContextConfiguration$1] to EncryptablePropertySourceWrapper
2023-11-10 09:59:39.936 INFO  [restartedMain] [c.b.back_bipatv.BackBipaTvApplication] - Started BackBipaTvApplication in 48.196 seconds (JVM running for 50.847)
2023-11-10 09:59:40.778 INFO  [http-nio-127.0.0.1-8080-exec-1] [o.a.c.c.C.[Tomcat].[localhost].[/]] - Initializing Spring DispatcherServlet 'dispatcherServlet'
2023-11-10 09:59:40.779 INFO  [http-nio-127.0.0.1-8080-exec-1] [o.s.web.servlet.DispatcherServlet] - Initializing Servlet 'dispatcherServlet'
2023-11-10 09:59:40.785 INFO  [http-nio-127.0.0.1-8080-exec-1] [o.s.web.servlet.DispatcherServlet] - Completed initialization in 6 ms
2023-11-10 09:59:43.892 INFO  [http-nio-127.0.0.1-8080-exec-1] [c.b.back_bipatv.interceptor.Interceptor] - 사용자: 전하은 호출 url: /video/detail/aee36157-018b-1000-ffff-ce5b556e0000
2023-11-10 09:59:44.176 WARN  [http-nio-127.0.0.1-8080-exec-1] [o.a.m.c.t.i.m.jdbc.AbstractJDBCDataModel] - You are not using ConnectionPoolDataSource. Make sure your DataSource pools connections to the database itself, or database performance will be severely reduced.
2023-11-10 10:15:27.251 WARN  [HikariPool-1 housekeeper] [com.zaxxer.hikari.pool.HikariPool] - HikariPool-1 - Thread starvation or clock leap detected (housekeeper delta=15m4s211ms705µs200ns).
2023-11-10 10:15:27.432 INFO  [http-nio-127.0.0.1-8080-exec-1] [c.b.back_bipatv.interceptor.Interceptor] - afterCompletion Response status: 400
2023-11-10 10:15:27.868 INFO  [SpringApplicationShutdownHook] [o.s.o.j.LocalContainerEntityManagerFactoryBean] - Closing JPA EntityManagerFactory for persistence unit 'default'
2023-11-10 10:15:27.879 INFO  [SpringApplicationShutdownHook] [com.zaxxer.hikari.HikariDataSource] - HikariPool-1 - Shutdown initiated...
2023-11-10 10:15:28.041 INFO  [SpringApplicationShutdownHook] [com.zaxxer.hikari.HikariDataSource] - HikariPool-1 - Shutdown completed.
2023-11-10 10:15:44.090 INFO  [restartedMain] [c.b.back_bipatv.BackBipaTvApplication] - Starting BackBipaTvApplication using Java 11.0.19 on DESKTOP-D6RL7LJ with PID 19204 (C:\Users\HE-Jeon\Desktop\Bit\teamProject\api\out\production\classes started by HE-Jeon in C:\Users\HE-Jeon\Desktop\Bit\teamProject\api)
2023-11-10 10:15:44.095 INFO  [restartedMain] [c.b.back_bipatv.BackBipaTvApplication] - No active profile set, falling back to 1 default profile: "default"
2023-11-10 10:15:44.102 INFO  [background-preinit] [o.h.validator.internal.util.Version] - HV000001: Hibernate Validator 6.2.5.Final
2023-11-10 10:15:44.290 INFO  [restartedMain] [o.s.b.d.e.DevToolsPropertyDefaultsPostProcessor] - Devtools property defaults active! Set 'spring.devtools.add-properties' to 'false' to disable
2023-11-10 10:15:44.291 INFO  [restartedMain] [o.s.b.d.e.DevToolsPropertyDefaultsPostProcessor] - For additional web related logging consider setting the 'logging.level.web' property to 'DEBUG'
2023-11-10 10:15:56.101 WARN  [restartedMain] [com.amazonaws.util.EC2MetadataUtils] - Unable to retrieve the requested metadata (/latest/meta-data/instance-id). Failed to connect to service endpoint: 
com.amazonaws.SdkClientException: Failed to connect to service endpoint: 
	at com.amazonaws.internal.EC2ResourceFetcher.doReadResource(EC2ResourceFetcher.java:112)
	at com.amazonaws.internal.EC2ResourceFetcher.doReadResource(EC2ResourceFetcher.java:70)
	at com.amazonaws.internal.InstanceMetadataServiceResourceFetcher.readResource(InstanceMetadataServiceResourceFetcher.java:75)
	at com.amazonaws.internal.EC2ResourceFetcher.readResource(EC2ResourceFetcher.java:66)
	at com.amazonaws.util.EC2MetadataUtils.getItems(EC2MetadataUtils.java:407)
	at com.amazonaws.util.EC2MetadataUtils.getData(EC2MetadataUtils.java:376)
	at org.springframework.cloud.aws.context.support.env.AwsCloudEnvironmentCheckUtils.isRunningOnCloudEnvironment(AwsCloudEnvironmentCheckUtils.java:38)
	at org.springframework.cloud.aws.context.annotation.OnAwsCloudEnvironmentCondition.matches(OnAwsCloudEnvironmentCondition.java:37)
	at org.springframework.context.annotation.ConditionEvaluator.shouldSkip(ConditionEvaluator.java:108)
	at org.springframework.context.annotation.ConfigurationClassParser.processConfigurationClass(ConfigurationClassParser.java:225)
	at org.springframework.context.annotation.ConfigurationClassParser.processImports(ConfigurationClassParser.java:599)
	at org.springframework.context.annotation.ConfigurationClassParser.access$800(ConfigurationClassParser.java:110)
	at org.springframework.context.annotation.ConfigurationClassParser$DeferredImportSelectorGroupingHandler.lambda$processGroupImports$1(ConfigurationClassParser.java:812)
	at java.base/java.util.ArrayList.forEach(ArrayList.java:1541)
	at org.springframework.context.annotation.ConfigurationClassParser$DeferredImportSelectorGroupingHandler.processGroupImports(ConfigurationClassParser.java:809)
	at org.springframework.context.annotation.ConfigurationClassParser$DeferredImportSelectorHandler.process(ConfigurationClassParser.java:780)
	at org.springframework.context.annotation.ConfigurationClassParser.parse(ConfigurationClassParser.java:192)
	at org.springframework.context.annotation.ConfigurationClassPostProcessor.processConfigBeanDefinitions(ConfigurationClassPostProcessor.java:331)
	at org.springframework.context.annotation.ConfigurationClassPostProcessor.postProcessBeanDefinitionRegistry(ConfigurationClassPostProcessor.java:247)
	at org.springframework.context.support.PostProcessorRegistrationDelegate.invokeBeanDefinitionRegistryPostProcessors(PostProcessorRegistrationDelegate.java:311)
	at org.springframework.context.support.PostProcessorRegistrationDelegate.invokeBeanFactoryPostProcessors(PostProcessorRegistrationDelegate.java:112)
	at org.springframework.context.support.AbstractApplicationContext.invokeBeanFactoryPostProcessors(AbstractApplicationContext.java:748)
	at org.springframework.context.support.AbstractApplicationContext.refresh(AbstractApplicationContext.java:564)
	at org.springframework.boot.web.servlet.context.ServletWebServerApplicationContext.refresh(ServletWebServerApplicationContext.java:147)
	at org.springframework.boot.SpringApplication.refresh(SpringApplication.java:731)
	at org.springframework.boot.SpringApplication.refreshContext(SpringApplication.java:408)
	at org.springframework.boot.SpringApplication.run(SpringApplication.java:307)
	at org.springframework.boot.SpringApplication.run(SpringApplication.java:1303)
	at org.springframework.boot.SpringApplication.run(SpringApplication.java:1292)
	at com.bipa4.back_bipatv.BackBipaTvApplication.main(BackBipaTvApplication.java:16)
	at java.base/jdk.internal.reflect.NativeMethodAccessorImpl.invoke0(Native Method)
	at java.base/jdk.internal.reflect.NativeMethodAccessorImpl.invoke(NativeMethodAccessorImpl.java:62)
	at java.base/jdk.internal.reflect.DelegatingMethodAccessorImpl.invoke(DelegatingMethodAccessorImpl.java:43)
	at java.base/java.lang.reflect.Method.invoke(Method.java:566)
	at org.springframework.boot.devtools.restart.RestartLauncher.run(RestartLauncher.java:50)
Caused by: java.net.SocketTimeoutException: connect timed out
	at java.base/java.net.PlainSocketImpl.waitForConnect(Native Method)
	at java.base/java.net.PlainSocketImpl.socketConnect(PlainSocketImpl.java:107)
	at java.base/java.net.AbstractPlainSocketImpl.doConnect(AbstractPlainSocketImpl.java:412)
	at java.base/java.net.AbstractPlainSocketImpl.connectToAddress(AbstractPlainSocketImpl.java:255)
	at java.base/java.net.AbstractPlainSocketImpl.connect(AbstractPlainSocketImpl.java:237)
	at java.base/java.net.Socket.connect(Socket.java:609)
	at java.base/sun.net.NetworkClient.doConnect(NetworkClient.java:177)
	at java.base/sun.net.www.http.HttpClient.openServer(HttpClient.java:507)
	at java.base/sun.net.www.http.HttpClient.openServer(HttpClient.java:602)
	at java.base/sun.net.www.http.HttpClient.<init>(HttpClient.java:275)
	at java.base/sun.net.www.http.HttpClient.New(HttpClient.java:374)
	at java.base/sun.net.www.http.HttpClient.New(HttpClient.java:395)
	at java.base/sun.net.www.protocol.http.HttpURLConnection.getNewHttpClient(HttpURLConnection.java:1253)
	at java.base/sun.net.www.protocol.http.HttpURLConnection.plainConnect0(HttpURLConnection.java:1232)
	at java.base/sun.net.www.protocol.http.HttpURLConnection.plainConnect(HttpURLConnection.java:1081)
	at java.base/sun.net.www.protocol.http.HttpURLConnection.connect(HttpURLConnection.java:1015)
	at com.amazonaws.internal.ConnectionUtils.connectToEndpoint(ConnectionUtils.java:95)
	at com.amazonaws.internal.EC2ResourceFetcher.doReadResource(EC2ResourceFetcher.java:84)
	... 34 common frames omitted
2023-11-10 10:15:57.891 INFO  [restartedMain] [o.s.d.r.c.RepositoryConfigurationDelegate] - Multiple Spring Data modules found, entering strict repository configuration mode
2023-11-10 10:15:57.901 INFO  [restartedMain] [o.s.d.r.c.RepositoryConfigurationDelegate] - Bootstrapping Spring Data JPA repositories in DEFAULT mode.
2023-11-10 10:15:58.945 INFO  [restartedMain] [o.s.d.r.c.RepositoryConfigurationDelegate] - Finished Spring Data repository scanning in 1001 ms. Found 6 JPA repository interfaces.
2023-11-10 10:15:59.006 INFO  [restartedMain] [o.s.d.r.c.RepositoryConfigurationDelegate] - Multiple Spring Data modules found, entering strict repository configuration mode
2023-11-10 10:15:59.010 INFO  [restartedMain] [o.s.d.r.c.RepositoryConfigurationDelegate] - Bootstrapping Spring Data Redis repositories in DEFAULT mode.
2023-11-10 10:15:59.131 INFO  [restartedMain] [o.s.d.r.c.RepositoryConfigurationExtensionSupport] - Spring Data Redis - Could not safely identify store assignment for repository candidate interface com.bipa4.back_bipatv.repository.AccountRepository; If you want this repository to be a Redis repository, consider annotating your entities with one of these annotations: org.springframework.data.redis.core.RedisHash (preferred), or consider extending one of the following types with your repository: org.springframework.data.keyvalue.repository.KeyValueRepository
2023-11-10 10:15:59.132 INFO  [restartedMain] [o.s.d.r.c.RepositoryConfigurationExtensionSupport] - Spring Data Redis - Could not safely identify store assignment for repository candidate interface com.bipa4.back_bipatv.repository.ChannelRepository; If you want this repository to be a Redis repository, consider annotating your entities with one of these annotations: org.springframework.data.redis.core.RedisHash (preferred), or consider extending one of the following types with your repository: org.springframework.data.keyvalue.repository.KeyValueRepository
2023-11-10 10:15:59.134 INFO  [restartedMain] [o.s.d.r.c.RepositoryConfigurationExtensionSupport] - Spring Data Redis - Could not safely identify store assignment for repository candidate interface com.bipa4.back_bipatv.repository.CommentRepository; If you want this repository to be a Redis repository, consider annotating your entities with one of these annotations: org.springframework.data.redis.core.RedisHash (preferred), or consider extending one of the following types with your repository: org.springframework.data.keyvalue.repository.KeyValueRepository
2023-11-10 10:15:59.136 INFO  [restartedMain] [o.s.d.r.c.RepositoryConfigurationExtensionSupport] - Spring Data Redis - Could not safely identify store assignment for repository candidate interface com.bipa4.back_bipatv.repository.LogRepository; If you want this repository to be a Redis repository, consider annotating your entities with one of these annotations: org.springframework.data.redis.core.RedisHash (preferred), or consider extending one of the following types with your repository: org.springframework.data.keyvalue.repository.KeyValueRepository
2023-11-10 10:15:59.139 INFO  [restartedMain] [o.s.d.r.c.RepositoryConfigurationExtensionSupport] - Spring Data Redis - Could not safely identify store assignment for repository candidate interface com.bipa4.back_bipatv.repository.VideoChannelRepository; If you want this repository to be a Redis repository, consider annotating your entities with one of these annotations: org.springframework.data.redis.core.RedisHash (preferred), or consider extending one of the following types with your repository: org.springframework.data.keyvalue.repository.KeyValueRepository
2023-11-10 10:15:59.140 INFO  [restartedMain] [o.s.d.r.c.RepositoryConfigurationExtensionSupport] - Spring Data Redis - Could not safely identify store assignment for repository candidate interface com.bipa4.back_bipatv.repository.VideoRepository; If you want this repository to be a Redis repository, consider annotating your entities with one of these annotations: org.springframework.data.redis.core.RedisHash (preferred), or consider extending one of the following types with your repository: org.springframework.data.keyvalue.repository.KeyValueRepository
2023-11-10 10:15:59.140 INFO  [restartedMain] [o.s.d.r.c.RepositoryConfigurationDelegate] - Finished Spring Data repository scanning in 97 ms. Found 0 Redis repository interfaces.
2023-11-10 10:16:00.578 INFO  [restartedMain] [c.u.j.c.EnableEncryptablePropertiesBeanFactoryPostProcessor] - Post-processing PropertySource instances
2023-11-10 10:16:00.582 INFO  [restartedMain] [c.u.j.EncryptablePropertySourceConverter] - Skipping PropertySource configurationProperties [class org.springframework.boot.context.properties.source.ConfigurationPropertySourcesPropertySource
2023-11-10 10:16:00.588 INFO  [restartedMain] [c.u.j.EncryptablePropertySourceConverter] - Skipping PropertySource servletConfigInitParams [class org.springframework.core.env.PropertySource$StubPropertySource
2023-11-10 10:16:00.588 INFO  [restartedMain] [c.u.j.EncryptablePropertySourceConverter] - Skipping PropertySource servletContextInitParams [class org.springframework.core.env.PropertySource$StubPropertySource
2023-11-10 10:16:00.592 INFO  [restartedMain] [c.u.j.EncryptablePropertySourceConverter] - Converting PropertySource systemProperties [org.springframework.core.env.PropertiesPropertySource] to EncryptableMapPropertySourceWrapper
2023-11-10 10:16:00.593 INFO  [restartedMain] [c.u.j.EncryptablePropertySourceConverter] - Converting PropertySource systemEnvironment [org.springframework.boot.env.SystemEnvironmentPropertySourceEnvironmentPostProcessor$OriginAwareSystemEnvironmentPropertySource] to EncryptableSystemEnvironmentPropertySourceWrapper
2023-11-10 10:16:00.593 INFO  [restartedMain] [c.u.j.EncryptablePropertySourceConverter] - Converting PropertySource random [org.springframework.boot.env.RandomValuePropertySource] to EncryptablePropertySourceWrapper
2023-11-10 10:16:00.594 INFO  [restartedMain] [c.u.j.EncryptablePropertySourceConverter] - Converting PropertySource Config resource 'class path resource [application.yml]' via location 'optional:classpath:/' [org.springframework.boot.env.OriginTrackedMapPropertySource] to EncryptableMapPropertySourceWrapper
2023-11-10 10:16:00.594 INFO  [restartedMain] [c.u.j.EncryptablePropertySourceConverter] - Converting PropertySource devtools [org.springframework.core.env.MapPropertySource] to EncryptableMapPropertySourceWrapper
2023-11-10 10:16:02.426 INFO  [restartedMain] [c.u.j.filter.DefaultLazyPropertyFilter] - Property Filter custom Bean not found with name 'encryptablePropertyFilter'. Initializing Default Property Filter
2023-11-10 10:16:02.481 INFO  [restartedMain] [c.u.j.r.DefaultLazyPropertyResolver] - Property Resolver custom Bean not found with name 'encryptablePropertyResolver'. Initializing Default Property Resolver
2023-11-10 10:16:02.494 INFO  [restartedMain] [c.u.j.d.DefaultLazyPropertyDetector] - Property Detector custom Bean not found with name 'encryptablePropertyDetector'. Initializing Default Property Detector
2023-11-10 10:16:06.471 INFO  [restartedMain] [o.s.b.w.embedded.tomcat.TomcatWebServer] - Tomcat initialized with port(s): 8080 (http)
2023-11-10 10:16:06.505 INFO  [restartedMain] [o.apache.coyote.http11.Http11NioProtocol] - Initializing ProtocolHandler ["http-nio-127.0.0.1-8080"]
2023-11-10 10:16:06.535 INFO  [restartedMain] [org.apache.catalina.core.StandardService] - Starting service [Tomcat]
2023-11-10 10:16:06.536 INFO  [restartedMain] [org.apache.catalina.core.StandardEngine] - Starting Servlet engine: [Apache Tomcat/9.0.79]
2023-11-10 10:16:07.303 INFO  [restartedMain] [o.a.c.c.C.[Tomcat].[localhost].[/]] - Initializing Spring embedded WebApplicationContext
2023-11-10 10:16:07.304 INFO  [restartedMain] [o.s.b.w.s.c.ServletWebServerApplicationContext] - Root WebApplicationContext: initialization completed in 23012 ms
2023-11-10 10:16:08.744 INFO  [restartedMain] [o.hibernate.jpa.internal.util.LogHelper] - HHH000204: Processing PersistenceUnitInfo [name: default]
2023-11-10 10:16:09.031 INFO  [restartedMain] [org.hibernate.Version] - HHH000412: Hibernate ORM core version 5.6.15.Final
2023-11-10 10:16:09.858 INFO  [restartedMain] [org.hibernate.annotations.common.Version] - HCANN000001: Hibernate Commons Annotations {5.1.2.Final}
2023-11-10 10:16:10.290 INFO  [restartedMain] [com.zaxxer.hikari.HikariDataSource] - HikariPool-1 - Starting...
2023-11-10 10:16:11.143 INFO  [restartedMain] [com.zaxxer.hikari.HikariDataSource] - HikariPool-1 - Start completed.
2023-11-10 10:16:11.246 INFO  [restartedMain] [org.hibernate.dialect.Dialect] - HHH000400: Using dialect: org.hibernate.dialect.MySQL5InnoDBDialect
2023-11-10 10:16:15.146 INFO  [restartedMain] [o.h.e.t.j.p.i.JtaPlatformInitiator] - HHH000490: Using JtaPlatform implementation: [org.hibernate.engine.transaction.jta.platform.internal.NoJtaPlatform]
2023-11-10 10:16:15.189 INFO  [restartedMain] [o.s.o.j.LocalContainerEntityManagerFactoryBean] - Initialized JPA EntityManagerFactory for persistence unit 'default'
2023-11-10 10:16:25.721 INFO  [restartedMain] [o.s.b.a.e.web.EndpointLinksResolver] - Exposing 2 endpoint(s) beneath base path '/checking'
2023-11-10 10:16:26.543 INFO  [restartedMain] [o.s.b.d.a.OptionalLiveReloadServer] - LiveReload server is running on port 35729
2023-11-10 10:16:28.791 INFO  [restartedMain] [o.apache.coyote.http11.Http11NioProtocol] - Starting ProtocolHandler ["http-nio-127.0.0.1-8080"]
2023-11-10 10:16:28.844 INFO  [restartedMain] [o.s.b.w.embedded.tomcat.TomcatWebServer] - Tomcat started on port(s): 8080 (http) with context path ''
2023-11-10 10:16:28.845 INFO  [restartedMain] [c.u.j.c.RefreshScopeRefreshedEventListener] - Refreshing cached encryptable property sources on ServletWebServerInitializedEvent
2023-11-10 10:16:28.846 INFO  [restartedMain] [c.u.j.c.CachingDelegateEncryptablePropertySource] - Property Source systemProperties refreshed
2023-11-10 10:16:28.847 INFO  [restartedMain] [c.u.j.c.CachingDelegateEncryptablePropertySource] - Property Source systemEnvironment refreshed
2023-11-10 10:16:28.847 INFO  [restartedMain] [c.u.j.c.CachingDelegateEncryptablePropertySource] - Property Source random refreshed
2023-11-10 10:16:28.847 INFO  [restartedMain] [c.u.j.c.CachingDelegateEncryptablePropertySource] - Property Source Config resource 'class path resource [application.yml]' via location 'optional:classpath:/' refreshed
2023-11-10 10:16:28.847 INFO  [restartedMain] [c.u.j.c.CachingDelegateEncryptablePropertySource] - Property Source devtools refreshed
2023-11-10 10:16:28.847 INFO  [restartedMain] [c.u.j.EncryptablePropertySourceConverter] - Converting PropertySource server.ports [org.springframework.core.env.MapPropertySource] to EncryptableMapPropertySourceWrapper
2023-11-10 10:16:28.847 INFO  [restartedMain] [c.u.j.EncryptablePropertySourceConverter] - Skipping PropertySource configurationProperties [class org.springframework.boot.context.properties.source.ConfigurationPropertySourcesPropertySource
2023-11-10 10:16:28.848 INFO  [restartedMain] [c.u.j.EncryptablePropertySourceConverter] - Skipping PropertySource servletConfigInitParams [class org.springframework.core.env.PropertySource$StubPropertySource
2023-11-10 10:16:28.848 INFO  [restartedMain] [c.u.j.EncryptablePropertySourceConverter] - Converting PropertySource servletContextInitParams [org.springframework.web.context.support.ServletContextPropertySource] to EncryptableEnumerablePropertySourceWrapper
2023-11-10 10:16:28.848 INFO  [restartedMain] [c.u.j.EncryptablePropertySourceConverter] - Converting PropertySource Management Server [org.springframework.boot.actuate.autoconfigure.web.server.ManagementContextAutoConfiguration$SameManagementContextConfiguration$1] to EncryptablePropertySourceWrapper
2023-11-10 10:16:29.430 INFO  [http-nio-127.0.0.1-8080-exec-1] [o.a.c.c.C.[Tomcat].[localhost].[/]] - Initializing Spring DispatcherServlet 'dispatcherServlet'
2023-11-10 10:16:29.430 INFO  [http-nio-127.0.0.1-8080-exec-1] [o.s.web.servlet.DispatcherServlet] - Initializing Servlet 'dispatcherServlet'
2023-11-10 10:16:29.436 INFO  [http-nio-127.0.0.1-8080-exec-1] [o.s.web.servlet.DispatcherServlet] - Completed initialization in 5 ms
2023-11-10 10:16:30.892 INFO  [restartedMain] [c.b.back_bipatv.BackBipaTvApplication] - Started BackBipaTvApplication in 48.456 seconds (JVM running for 51.202)
2023-11-10 10:16:33.024 INFO  [http-nio-127.0.0.1-8080-exec-1] [c.b.back_bipatv.interceptor.Interceptor] - 사용자: 전하은 호출 url: /video/detail/aee36157-018b-1000-ffff-ce5b556e0000
2023-11-10 10:16:33.174 WARN  [http-nio-127.0.0.1-8080-exec-1] [o.a.m.c.t.i.m.jdbc.AbstractJDBCDataModel] - You are not using ConnectionPoolDataSource. Make sure your DataSource pools connections to the database itself, or database performance will be severely reduced.
2023-11-10 10:16:34.183 INFO  [http-nio-127.0.0.1-8080-exec-1] [c.b.back_bipatv.interceptor.Interceptor] - afterCompletion Response status: 400
2023-11-10 10:19:27.138 INFO  [SpringApplicationShutdownHook] [o.s.o.j.LocalContainerEntityManagerFactoryBean] - Closing JPA EntityManagerFactory for persistence unit 'default'
2023-11-10 10:19:27.145 INFO  [SpringApplicationShutdownHook] [com.zaxxer.hikari.HikariDataSource] - HikariPool-1 - Shutdown initiated...
2023-11-10 10:19:27.170 INFO  [SpringApplicationShutdownHook] [com.zaxxer.hikari.HikariDataSource] - HikariPool-1 - Shutdown completed.
2023-11-10 10:19:42.281 INFO  [restartedMain] [c.b.back_bipatv.BackBipaTvApplication] - Starting BackBipaTvApplication using Java 11.0.19 on DESKTOP-D6RL7LJ with PID 21664 (C:\Users\HE-Jeon\Desktop\Bit\teamProject\api\out\production\classes started by HE-Jeon in C:\Users\HE-Jeon\Desktop\Bit\teamProject\api)
2023-11-10 10:19:42.291 INFO  [restartedMain] [c.b.back_bipatv.BackBipaTvApplication] - No active profile set, falling back to 1 default profile: "default"
2023-11-10 10:19:42.311 INFO  [background-preinit] [o.h.validator.internal.util.Version] - HV000001: Hibernate Validator 6.2.5.Final
2023-11-10 10:19:42.473 INFO  [restartedMain] [o.s.b.d.e.DevToolsPropertyDefaultsPostProcessor] - Devtools property defaults active! Set 'spring.devtools.add-properties' to 'false' to disable
2023-11-10 10:19:42.473 INFO  [restartedMain] [o.s.b.d.e.DevToolsPropertyDefaultsPostProcessor] - For additional web related logging consider setting the 'logging.level.web' property to 'DEBUG'
2023-11-10 10:19:54.556 WARN  [restartedMain] [com.amazonaws.util.EC2MetadataUtils] - Unable to retrieve the requested metadata (/latest/meta-data/instance-id). Failed to connect to service endpoint: 
com.amazonaws.SdkClientException: Failed to connect to service endpoint: 
	at com.amazonaws.internal.EC2ResourceFetcher.doReadResource(EC2ResourceFetcher.java:112)
	at com.amazonaws.internal.EC2ResourceFetcher.doReadResource(EC2ResourceFetcher.java:70)
	at com.amazonaws.internal.InstanceMetadataServiceResourceFetcher.readResource(InstanceMetadataServiceResourceFetcher.java:75)
	at com.amazonaws.internal.EC2ResourceFetcher.readResource(EC2ResourceFetcher.java:66)
	at com.amazonaws.util.EC2MetadataUtils.getItems(EC2MetadataUtils.java:407)
	at com.amazonaws.util.EC2MetadataUtils.getData(EC2MetadataUtils.java:376)
	at org.springframework.cloud.aws.context.support.env.AwsCloudEnvironmentCheckUtils.isRunningOnCloudEnvironment(AwsCloudEnvironmentCheckUtils.java:38)
	at org.springframework.cloud.aws.context.annotation.OnAwsCloudEnvironmentCondition.matches(OnAwsCloudEnvironmentCondition.java:37)
	at org.springframework.context.annotation.ConditionEvaluator.shouldSkip(ConditionEvaluator.java:108)
	at org.springframework.context.annotation.ConfigurationClassParser.processConfigurationClass(ConfigurationClassParser.java:225)
	at org.springframework.context.annotation.ConfigurationClassParser.processImports(ConfigurationClassParser.java:599)
	at org.springframework.context.annotation.ConfigurationClassParser.access$800(ConfigurationClassParser.java:110)
	at org.springframework.context.annotation.ConfigurationClassParser$DeferredImportSelectorGroupingHandler.lambda$processGroupImports$1(ConfigurationClassParser.java:812)
	at java.base/java.util.ArrayList.forEach(ArrayList.java:1541)
	at org.springframework.context.annotation.ConfigurationClassParser$DeferredImportSelectorGroupingHandler.processGroupImports(ConfigurationClassParser.java:809)
	at org.springframework.context.annotation.ConfigurationClassParser$DeferredImportSelectorHandler.process(ConfigurationClassParser.java:780)
	at org.springframework.context.annotation.ConfigurationClassParser.parse(ConfigurationClassParser.java:192)
	at org.springframework.context.annotation.ConfigurationClassPostProcessor.processConfigBeanDefinitions(ConfigurationClassPostProcessor.java:331)
	at org.springframework.context.annotation.ConfigurationClassPostProcessor.postProcessBeanDefinitionRegistry(ConfigurationClassPostProcessor.java:247)
	at org.springframework.context.support.PostProcessorRegistrationDelegate.invokeBeanDefinitionRegistryPostProcessors(PostProcessorRegistrationDelegate.java:311)
	at org.springframework.context.support.PostProcessorRegistrationDelegate.invokeBeanFactoryPostProcessors(PostProcessorRegistrationDelegate.java:112)
	at org.springframework.context.support.AbstractApplicationContext.invokeBeanFactoryPostProcessors(AbstractApplicationContext.java:748)
	at org.springframework.context.support.AbstractApplicationContext.refresh(AbstractApplicationContext.java:564)
	at org.springframework.boot.web.servlet.context.ServletWebServerApplicationContext.refresh(ServletWebServerApplicationContext.java:147)
	at org.springframework.boot.SpringApplication.refresh(SpringApplication.java:731)
	at org.springframework.boot.SpringApplication.refreshContext(SpringApplication.java:408)
	at org.springframework.boot.SpringApplication.run(SpringApplication.java:307)
	at org.springframework.boot.SpringApplication.run(SpringApplication.java:1303)
	at org.springframework.boot.SpringApplication.run(SpringApplication.java:1292)
	at com.bipa4.back_bipatv.BackBipaTvApplication.main(BackBipaTvApplication.java:16)
	at java.base/jdk.internal.reflect.NativeMethodAccessorImpl.invoke0(Native Method)
	at java.base/jdk.internal.reflect.NativeMethodAccessorImpl.invoke(NativeMethodAccessorImpl.java:62)
	at java.base/jdk.internal.reflect.DelegatingMethodAccessorImpl.invoke(DelegatingMethodAccessorImpl.java:43)
	at java.base/java.lang.reflect.Method.invoke(Method.java:566)
	at org.springframework.boot.devtools.restart.RestartLauncher.run(RestartLauncher.java:50)
Caused by: java.net.SocketTimeoutException: connect timed out
	at java.base/java.net.PlainSocketImpl.waitForConnect(Native Method)
	at java.base/java.net.PlainSocketImpl.socketConnect(PlainSocketImpl.java:107)
	at java.base/java.net.AbstractPlainSocketImpl.doConnect(AbstractPlainSocketImpl.java:412)
	at java.base/java.net.AbstractPlainSocketImpl.connectToAddress(AbstractPlainSocketImpl.java:255)
	at java.base/java.net.AbstractPlainSocketImpl.connect(AbstractPlainSocketImpl.java:237)
	at java.base/java.net.Socket.connect(Socket.java:609)
	at java.base/sun.net.NetworkClient.doConnect(NetworkClient.java:177)
	at java.base/sun.net.www.http.HttpClient.openServer(HttpClient.java:507)
	at java.base/sun.net.www.http.HttpClient.openServer(HttpClient.java:602)
	at java.base/sun.net.www.http.HttpClient.<init>(HttpClient.java:275)
	at java.base/sun.net.www.http.HttpClient.New(HttpClient.java:374)
	at java.base/sun.net.www.http.HttpClient.New(HttpClient.java:395)
	at java.base/sun.net.www.protocol.http.HttpURLConnection.getNewHttpClient(HttpURLConnection.java:1253)
	at java.base/sun.net.www.protocol.http.HttpURLConnection.plainConnect0(HttpURLConnection.java:1232)
	at java.base/sun.net.www.protocol.http.HttpURLConnection.plainConnect(HttpURLConnection.java:1081)
	at java.base/sun.net.www.protocol.http.HttpURLConnection.connect(HttpURLConnection.java:1015)
	at com.amazonaws.internal.ConnectionUtils.connectToEndpoint(ConnectionUtils.java:95)
	at com.amazonaws.internal.EC2ResourceFetcher.doReadResource(EC2ResourceFetcher.java:84)
	... 34 common frames omitted
2023-11-10 10:19:56.108 INFO  [restartedMain] [o.s.d.r.c.RepositoryConfigurationDelegate] - Multiple Spring Data modules found, entering strict repository configuration mode
2023-11-10 10:19:56.117 INFO  [restartedMain] [o.s.d.r.c.RepositoryConfigurationDelegate] - Bootstrapping Spring Data JPA repositories in DEFAULT mode.
2023-11-10 10:19:57.081 INFO  [restartedMain] [o.s.d.r.c.RepositoryConfigurationDelegate] - Finished Spring Data repository scanning in 923 ms. Found 6 JPA repository interfaces.
2023-11-10 10:19:57.130 INFO  [restartedMain] [o.s.d.r.c.RepositoryConfigurationDelegate] - Multiple Spring Data modules found, entering strict repository configuration mode
2023-11-10 10:19:57.134 INFO  [restartedMain] [o.s.d.r.c.RepositoryConfigurationDelegate] - Bootstrapping Spring Data Redis repositories in DEFAULT mode.
2023-11-10 10:19:57.230 INFO  [restartedMain] [o.s.d.r.c.RepositoryConfigurationExtensionSupport] - Spring Data Redis - Could not safely identify store assignment for repository candidate interface com.bipa4.back_bipatv.repository.AccountRepository; If you want this repository to be a Redis repository, consider annotating your entities with one of these annotations: org.springframework.data.redis.core.RedisHash (preferred), or consider extending one of the following types with your repository: org.springframework.data.keyvalue.repository.KeyValueRepository
2023-11-10 10:19:57.232 INFO  [restartedMain] [o.s.d.r.c.RepositoryConfigurationExtensionSupport] - Spring Data Redis - Could not safely identify store assignment for repository candidate interface com.bipa4.back_bipatv.repository.ChannelRepository; If you want this repository to be a Redis repository, consider annotating your entities with one of these annotations: org.springframework.data.redis.core.RedisHash (preferred), or consider extending one of the following types with your repository: org.springframework.data.keyvalue.repository.KeyValueRepository
2023-11-10 10:19:57.233 INFO  [restartedMain] [o.s.d.r.c.RepositoryConfigurationExtensionSupport] - Spring Data Redis - Could not safely identify store assignment for repository candidate interface com.bipa4.back_bipatv.repository.CommentRepository; If you want this repository to be a Redis repository, consider annotating your entities with one of these annotations: org.springframework.data.redis.core.RedisHash (preferred), or consider extending one of the following types with your repository: org.springframework.data.keyvalue.repository.KeyValueRepository
2023-11-10 10:19:57.234 INFO  [restartedMain] [o.s.d.r.c.RepositoryConfigurationExtensionSupport] - Spring Data Redis - Could not safely identify store assignment for repository candidate interface com.bipa4.back_bipatv.repository.LogRepository; If you want this repository to be a Redis repository, consider annotating your entities with one of these annotations: org.springframework.data.redis.core.RedisHash (preferred), or consider extending one of the following types with your repository: org.springframework.data.keyvalue.repository.KeyValueRepository
2023-11-10 10:19:57.237 INFO  [restartedMain] [o.s.d.r.c.RepositoryConfigurationExtensionSupport] - Spring Data Redis - Could not safely identify store assignment for repository candidate interface com.bipa4.back_bipatv.repository.VideoChannelRepository; If you want this repository to be a Redis repository, consider annotating your entities with one of these annotations: org.springframework.data.redis.core.RedisHash (preferred), or consider extending one of the following types with your repository: org.springframework.data.keyvalue.repository.KeyValueRepository
2023-11-10 10:19:57.238 INFO  [restartedMain] [o.s.d.r.c.RepositoryConfigurationExtensionSupport] - Spring Data Redis - Could not safely identify store assignment for repository candidate interface com.bipa4.back_bipatv.repository.VideoRepository; If you want this repository to be a Redis repository, consider annotating your entities with one of these annotations: org.springframework.data.redis.core.RedisHash (preferred), or consider extending one of the following types with your repository: org.springframework.data.keyvalue.repository.KeyValueRepository
2023-11-10 10:19:57.239 INFO  [restartedMain] [o.s.d.r.c.RepositoryConfigurationDelegate] - Finished Spring Data repository scanning in 77 ms. Found 0 Redis repository interfaces.
2023-11-10 10:19:58.663 INFO  [restartedMain] [c.u.j.c.EnableEncryptablePropertiesBeanFactoryPostProcessor] - Post-processing PropertySource instances
2023-11-10 10:19:58.666 INFO  [restartedMain] [c.u.j.EncryptablePropertySourceConverter] - Skipping PropertySource configurationProperties [class org.springframework.boot.context.properties.source.ConfigurationPropertySourcesPropertySource
2023-11-10 10:19:58.673 INFO  [restartedMain] [c.u.j.EncryptablePropertySourceConverter] - Skipping PropertySource servletConfigInitParams [class org.springframework.core.env.PropertySource$StubPropertySource
2023-11-10 10:19:58.673 INFO  [restartedMain] [c.u.j.EncryptablePropertySourceConverter] - Skipping PropertySource servletContextInitParams [class org.springframework.core.env.PropertySource$StubPropertySource
2023-11-10 10:19:58.676 INFO  [restartedMain] [c.u.j.EncryptablePropertySourceConverter] - Converting PropertySource systemProperties [org.springframework.core.env.PropertiesPropertySource] to EncryptableMapPropertySourceWrapper
2023-11-10 10:19:58.677 INFO  [restartedMain] [c.u.j.EncryptablePropertySourceConverter] - Converting PropertySource systemEnvironment [org.springframework.boot.env.SystemEnvironmentPropertySourceEnvironmentPostProcessor$OriginAwareSystemEnvironmentPropertySource] to EncryptableSystemEnvironmentPropertySourceWrapper
2023-11-10 10:19:58.678 INFO  [restartedMain] [c.u.j.EncryptablePropertySourceConverter] - Converting PropertySource random [org.springframework.boot.env.RandomValuePropertySource] to EncryptablePropertySourceWrapper
2023-11-10 10:19:58.678 INFO  [restartedMain] [c.u.j.EncryptablePropertySourceConverter] - Converting PropertySource Config resource 'class path resource [application.yml]' via location 'optional:classpath:/' [org.springframework.boot.env.OriginTrackedMapPropertySource] to EncryptableMapPropertySourceWrapper
2023-11-10 10:19:58.678 INFO  [restartedMain] [c.u.j.EncryptablePropertySourceConverter] - Converting PropertySource devtools [org.springframework.core.env.MapPropertySource] to EncryptableMapPropertySourceWrapper
2023-11-10 10:20:00.520 INFO  [restartedMain] [c.u.j.filter.DefaultLazyPropertyFilter] - Property Filter custom Bean not found with name 'encryptablePropertyFilter'. Initializing Default Property Filter
2023-11-10 10:20:00.551 INFO  [restartedMain] [c.u.j.r.DefaultLazyPropertyResolver] - Property Resolver custom Bean not found with name 'encryptablePropertyResolver'. Initializing Default Property Resolver
2023-11-10 10:20:00.559 INFO  [restartedMain] [c.u.j.d.DefaultLazyPropertyDetector] - Property Detector custom Bean not found with name 'encryptablePropertyDetector'. Initializing Default Property Detector
2023-11-10 10:20:04.237 INFO  [restartedMain] [o.s.b.w.embedded.tomcat.TomcatWebServer] - Tomcat initialized with port(s): 8080 (http)
2023-11-10 10:20:04.271 INFO  [restartedMain] [o.apache.coyote.http11.Http11NioProtocol] - Initializing ProtocolHandler ["http-nio-127.0.0.1-8080"]
2023-11-10 10:20:04.279 INFO  [restartedMain] [org.apache.catalina.core.StandardService] - Starting service [Tomcat]
2023-11-10 10:20:04.280 INFO  [restartedMain] [org.apache.catalina.core.StandardEngine] - Starting Servlet engine: [Apache Tomcat/9.0.79]
2023-11-10 10:20:04.984 INFO  [restartedMain] [o.a.c.c.C.[Tomcat].[localhost].[/]] - Initializing Spring embedded WebApplicationContext
2023-11-10 10:20:04.984 INFO  [restartedMain] [o.s.b.w.s.c.ServletWebServerApplicationContext] - Root WebApplicationContext: initialization completed in 22507 ms
2023-11-10 10:20:06.380 INFO  [restartedMain] [o.hibernate.jpa.internal.util.LogHelper] - HHH000204: Processing PersistenceUnitInfo [name: default]
2023-11-10 10:20:06.637 INFO  [restartedMain] [org.hibernate.Version] - HHH000412: Hibernate ORM core version 5.6.15.Final
2023-11-10 10:20:07.498 INFO  [restartedMain] [org.hibernate.annotations.common.Version] - HCANN000001: Hibernate Commons Annotations {5.1.2.Final}
2023-11-10 10:20:08.122 INFO  [restartedMain] [com.zaxxer.hikari.HikariDataSource] - HikariPool-1 - Starting...
2023-11-10 10:20:09.166 INFO  [restartedMain] [com.zaxxer.hikari.HikariDataSource] - HikariPool-1 - Start completed.
2023-11-10 10:20:09.208 INFO  [restartedMain] [org.hibernate.dialect.Dialect] - HHH000400: Using dialect: org.hibernate.dialect.MySQL5InnoDBDialect
2023-11-10 10:20:13.098 INFO  [restartedMain] [o.h.e.t.j.p.i.JtaPlatformInitiator] - HHH000490: Using JtaPlatform implementation: [org.hibernate.engine.transaction.jta.platform.internal.NoJtaPlatform]
2023-11-10 10:20:13.142 INFO  [restartedMain] [o.s.o.j.LocalContainerEntityManagerFactoryBean] - Initialized JPA EntityManagerFactory for persistence unit 'default'
2023-11-10 10:20:23.365 INFO  [restartedMain] [o.s.b.a.e.web.EndpointLinksResolver] - Exposing 2 endpoint(s) beneath base path '/checking'
2023-11-10 10:20:24.204 INFO  [restartedMain] [o.s.b.d.a.OptionalLiveReloadServer] - LiveReload server is running on port 35729
2023-11-10 10:20:26.409 INFO  [restartedMain] [o.apache.coyote.http11.Http11NioProtocol] - Starting ProtocolHandler ["http-nio-127.0.0.1-8080"]
2023-11-10 10:20:26.448 INFO  [restartedMain] [o.s.b.w.embedded.tomcat.TomcatWebServer] - Tomcat started on port(s): 8080 (http) with context path ''
2023-11-10 10:20:26.450 INFO  [restartedMain] [c.u.j.c.RefreshScopeRefreshedEventListener] - Refreshing cached encryptable property sources on ServletWebServerInitializedEvent
2023-11-10 10:20:26.452 INFO  [restartedMain] [c.u.j.c.CachingDelegateEncryptablePropertySource] - Property Source systemProperties refreshed
2023-11-10 10:20:26.452 INFO  [restartedMain] [c.u.j.c.CachingDelegateEncryptablePropertySource] - Property Source systemEnvironment refreshed
2023-11-10 10:20:26.452 INFO  [restartedMain] [c.u.j.c.CachingDelegateEncryptablePropertySource] - Property Source random refreshed
2023-11-10 10:20:26.452 INFO  [restartedMain] [c.u.j.c.CachingDelegateEncryptablePropertySource] - Property Source Config resource 'class path resource [application.yml]' via location 'optional:classpath:/' refreshed
2023-11-10 10:20:26.453 INFO  [restartedMain] [c.u.j.c.CachingDelegateEncryptablePropertySource] - Property Source devtools refreshed
2023-11-10 10:20:26.453 INFO  [restartedMain] [c.u.j.EncryptablePropertySourceConverter] - Converting PropertySource server.ports [org.springframework.core.env.MapPropertySource] to EncryptableMapPropertySourceWrapper
2023-11-10 10:20:26.453 INFO  [restartedMain] [c.u.j.EncryptablePropertySourceConverter] - Skipping PropertySource configurationProperties [class org.springframework.boot.context.properties.source.ConfigurationPropertySourcesPropertySource
2023-11-10 10:20:26.453 INFO  [restartedMain] [c.u.j.EncryptablePropertySourceConverter] - Skipping PropertySource servletConfigInitParams [class org.springframework.core.env.PropertySource$StubPropertySource
2023-11-10 10:20:26.454 INFO  [restartedMain] [c.u.j.EncryptablePropertySourceConverter] - Converting PropertySource servletContextInitParams [org.springframework.web.context.support.ServletContextPropertySource] to EncryptableEnumerablePropertySourceWrapper
2023-11-10 10:20:26.454 INFO  [restartedMain] [c.u.j.EncryptablePropertySourceConverter] - Converting PropertySource Management Server [org.springframework.boot.actuate.autoconfigure.web.server.ManagementContextAutoConfiguration$SameManagementContextConfiguration$1] to EncryptablePropertySourceWrapper
2023-11-10 10:20:28.165 INFO  [restartedMain] [c.b.back_bipatv.BackBipaTvApplication] - Started BackBipaTvApplication in 47.792 seconds (JVM running for 50.367)
2023-11-10 10:20:31.082 INFO  [http-nio-127.0.0.1-8080-exec-1] [o.a.c.c.C.[Tomcat].[localhost].[/]] - Initializing Spring DispatcherServlet 'dispatcherServlet'
2023-11-10 10:20:31.084 INFO  [http-nio-127.0.0.1-8080-exec-1] [o.s.web.servlet.DispatcherServlet] - Initializing Servlet 'dispatcherServlet'
2023-11-10 10:20:31.089 INFO  [http-nio-127.0.0.1-8080-exec-1] [o.s.web.servlet.DispatcherServlet] - Completed initialization in 5 ms
2023-11-10 10:20:34.308 INFO  [http-nio-127.0.0.1-8080-exec-1] [c.b.back_bipatv.interceptor.Interceptor] - 사용자: 전하은 호출 url: /video/detail/aee36157-018b-1000-ffff-ce5b556e0000
2023-11-10 10:20:34.513 WARN  [http-nio-127.0.0.1-8080-exec-1] [o.a.m.c.t.i.m.jdbc.AbstractJDBCDataModel] - You are not using ConnectionPoolDataSource. Make sure your DataSource pools connections to the database itself, or database performance will be severely reduced.
2023-11-10 10:20:35.502 INFO  [http-nio-127.0.0.1-8080-exec-1] [c.b.back_bipatv.interceptor.Interceptor] - afterCompletion Response status: 400
2023-11-10 10:20:43.811 INFO  [http-nio-127.0.0.1-8080-exec-2] [c.b.back_bipatv.interceptor.Interceptor] - 사용자: 전하은 호출 url: /video/detail/aee36157-018b-1000-ffff-ce5b556e0000
2023-11-10 10:20:43.877 WARN  [http-nio-127.0.0.1-8080-exec-2] [o.a.m.c.t.i.m.jdbc.AbstractJDBCDataModel] - You are not using ConnectionPoolDataSource. Make sure your DataSource pools connections to the database itself, or database performance will be severely reduced.
2023-11-10 10:20:44.104 INFO  [http-nio-127.0.0.1-8080-exec-2] [c.b.back_bipatv.interceptor.Interceptor] - afterCompletion Response status: 400
2023-11-10 10:22:15.823 INFO  [http-nio-127.0.0.1-8080-exec-3] [c.b.back_bipatv.interceptor.Interceptor] - 사용자: 전하은 호출 url: /video/detail/aee36157-018b-1000-ffff-ce5b556e0000
2023-11-10 10:22:15.884 WARN  [http-nio-127.0.0.1-8080-exec-3] [o.a.m.c.t.i.m.jdbc.AbstractJDBCDataModel] - You are not using ConnectionPoolDataSource. Make sure your DataSource pools connections to the database itself, or database performance will be severely reduced.
2023-11-10 10:22:17.121 INFO  [http-nio-127.0.0.1-8080-exec-3] [c.b.back_bipatv.interceptor.Interceptor] - afterCompletion Response status: 400
2023-11-10 10:22:35.740 INFO  [SpringApplicationShutdownHook] [o.s.o.j.LocalContainerEntityManagerFactoryBean] - Closing JPA EntityManagerFactory for persistence unit 'default'
2023-11-10 10:22:35.750 INFO  [SpringApplicationShutdownHook] [com.zaxxer.hikari.HikariDataSource] - HikariPool-1 - Shutdown initiated...
2023-11-10 10:22:35.785 INFO  [SpringApplicationShutdownHook] [com.zaxxer.hikari.HikariDataSource] - HikariPool-1 - Shutdown completed.
2023-11-10 10:22:52.560 INFO  [restartedMain] [c.b.back_bipatv.BackBipaTvApplication] - Starting BackBipaTvApplication using Java 11.0.19 on DESKTOP-D6RL7LJ with PID 1380 (C:\Users\HE-Jeon\Desktop\Bit\teamProject\api\out\production\classes started by HE-Jeon in C:\Users\HE-Jeon\Desktop\Bit\teamProject\api)
2023-11-10 10:22:52.564 INFO  [restartedMain] [c.b.back_bipatv.BackBipaTvApplication] - No active profile set, falling back to 1 default profile: "default"
2023-11-10 10:22:52.564 INFO  [background-preinit] [o.h.validator.internal.util.Version] - HV000001: Hibernate Validator 6.2.5.Final
2023-11-10 10:22:52.728 INFO  [restartedMain] [o.s.b.d.e.DevToolsPropertyDefaultsPostProcessor] - Devtools property defaults active! Set 'spring.devtools.add-properties' to 'false' to disable
2023-11-10 10:22:52.729 INFO  [restartedMain] [o.s.b.d.e.DevToolsPropertyDefaultsPostProcessor] - For additional web related logging consider setting the 'logging.level.web' property to 'DEBUG'
2023-11-10 10:23:04.689 WARN  [restartedMain] [com.amazonaws.util.EC2MetadataUtils] - Unable to retrieve the requested metadata (/latest/meta-data/instance-id). Failed to connect to service endpoint: 
com.amazonaws.SdkClientException: Failed to connect to service endpoint: 
	at com.amazonaws.internal.EC2ResourceFetcher.doReadResource(EC2ResourceFetcher.java:112)
	at com.amazonaws.internal.EC2ResourceFetcher.doReadResource(EC2ResourceFetcher.java:70)
	at com.amazonaws.internal.InstanceMetadataServiceResourceFetcher.readResource(InstanceMetadataServiceResourceFetcher.java:75)
	at com.amazonaws.internal.EC2ResourceFetcher.readResource(EC2ResourceFetcher.java:66)
	at com.amazonaws.util.EC2MetadataUtils.getItems(EC2MetadataUtils.java:407)
	at com.amazonaws.util.EC2MetadataUtils.getData(EC2MetadataUtils.java:376)
	at org.springframework.cloud.aws.context.support.env.AwsCloudEnvironmentCheckUtils.isRunningOnCloudEnvironment(AwsCloudEnvironmentCheckUtils.java:38)
	at org.springframework.cloud.aws.context.annotation.OnAwsCloudEnvironmentCondition.matches(OnAwsCloudEnvironmentCondition.java:37)
	at org.springframework.context.annotation.ConditionEvaluator.shouldSkip(ConditionEvaluator.java:108)
	at org.springframework.context.annotation.ConfigurationClassParser.processConfigurationClass(ConfigurationClassParser.java:225)
	at org.springframework.context.annotation.ConfigurationClassParser.processImports(ConfigurationClassParser.java:599)
	at org.springframework.context.annotation.ConfigurationClassParser.access$800(ConfigurationClassParser.java:110)
	at org.springframework.context.annotation.ConfigurationClassParser$DeferredImportSelectorGroupingHandler.lambda$processGroupImports$1(ConfigurationClassParser.java:812)
	at java.base/java.util.ArrayList.forEach(ArrayList.java:1541)
	at org.springframework.context.annotation.ConfigurationClassParser$DeferredImportSelectorGroupingHandler.processGroupImports(ConfigurationClassParser.java:809)
	at org.springframework.context.annotation.ConfigurationClassParser$DeferredImportSelectorHandler.process(ConfigurationClassParser.java:780)
	at org.springframework.context.annotation.ConfigurationClassParser.parse(ConfigurationClassParser.java:192)
	at org.springframework.context.annotation.ConfigurationClassPostProcessor.processConfigBeanDefinitions(ConfigurationClassPostProcessor.java:331)
	at org.springframework.context.annotation.ConfigurationClassPostProcessor.postProcessBeanDefinitionRegistry(ConfigurationClassPostProcessor.java:247)
	at org.springframework.context.support.PostProcessorRegistrationDelegate.invokeBeanDefinitionRegistryPostProcessors(PostProcessorRegistrationDelegate.java:311)
	at org.springframework.context.support.PostProcessorRegistrationDelegate.invokeBeanFactoryPostProcessors(PostProcessorRegistrationDelegate.java:112)
	at org.springframework.context.support.AbstractApplicationContext.invokeBeanFactoryPostProcessors(AbstractApplicationContext.java:748)
	at org.springframework.context.support.AbstractApplicationContext.refresh(AbstractApplicationContext.java:564)
	at org.springframework.boot.web.servlet.context.ServletWebServerApplicationContext.refresh(ServletWebServerApplicationContext.java:147)
	at org.springframework.boot.SpringApplication.refresh(SpringApplication.java:731)
	at org.springframework.boot.SpringApplication.refreshContext(SpringApplication.java:408)
	at org.springframework.boot.SpringApplication.run(SpringApplication.java:307)
	at org.springframework.boot.SpringApplication.run(SpringApplication.java:1303)
	at org.springframework.boot.SpringApplication.run(SpringApplication.java:1292)
	at com.bipa4.back_bipatv.BackBipaTvApplication.main(BackBipaTvApplication.java:16)
	at java.base/jdk.internal.reflect.NativeMethodAccessorImpl.invoke0(Native Method)
	at java.base/jdk.internal.reflect.NativeMethodAccessorImpl.invoke(NativeMethodAccessorImpl.java:62)
	at java.base/jdk.internal.reflect.DelegatingMethodAccessorImpl.invoke(DelegatingMethodAccessorImpl.java:43)
	at java.base/java.lang.reflect.Method.invoke(Method.java:566)
	at org.springframework.boot.devtools.restart.RestartLauncher.run(RestartLauncher.java:50)
Caused by: java.net.SocketTimeoutException: connect timed out
	at java.base/java.net.PlainSocketImpl.waitForConnect(Native Method)
	at java.base/java.net.PlainSocketImpl.socketConnect(PlainSocketImpl.java:107)
	at java.base/java.net.AbstractPlainSocketImpl.doConnect(AbstractPlainSocketImpl.java:412)
	at java.base/java.net.AbstractPlainSocketImpl.connectToAddress(AbstractPlainSocketImpl.java:255)
	at java.base/java.net.AbstractPlainSocketImpl.connect(AbstractPlainSocketImpl.java:237)
	at java.base/java.net.Socket.connect(Socket.java:609)
	at java.base/sun.net.NetworkClient.doConnect(NetworkClient.java:177)
	at java.base/sun.net.www.http.HttpClient.openServer(HttpClient.java:507)
	at java.base/sun.net.www.http.HttpClient.openServer(HttpClient.java:602)
	at java.base/sun.net.www.http.HttpClient.<init>(HttpClient.java:275)
	at java.base/sun.net.www.http.HttpClient.New(HttpClient.java:374)
	at java.base/sun.net.www.http.HttpClient.New(HttpClient.java:395)
	at java.base/sun.net.www.protocol.http.HttpURLConnection.getNewHttpClient(HttpURLConnection.java:1253)
	at java.base/sun.net.www.protocol.http.HttpURLConnection.plainConnect0(HttpURLConnection.java:1232)
	at java.base/sun.net.www.protocol.http.HttpURLConnection.plainConnect(HttpURLConnection.java:1081)
	at java.base/sun.net.www.protocol.http.HttpURLConnection.connect(HttpURLConnection.java:1015)
	at com.amazonaws.internal.ConnectionUtils.connectToEndpoint(ConnectionUtils.java:95)
	at com.amazonaws.internal.EC2ResourceFetcher.doReadResource(EC2ResourceFetcher.java:84)
	... 34 common frames omitted
2023-11-10 10:23:06.219 INFO  [restartedMain] [o.s.d.r.c.RepositoryConfigurationDelegate] - Multiple Spring Data modules found, entering strict repository configuration mode
2023-11-10 10:23:06.226 INFO  [restartedMain] [o.s.d.r.c.RepositoryConfigurationDelegate] - Bootstrapping Spring Data JPA repositories in DEFAULT mode.
2023-11-10 10:23:07.221 INFO  [restartedMain] [o.s.d.r.c.RepositoryConfigurationDelegate] - Finished Spring Data repository scanning in 956 ms. Found 6 JPA repository interfaces.
2023-11-10 10:23:07.270 INFO  [restartedMain] [o.s.d.r.c.RepositoryConfigurationDelegate] - Multiple Spring Data modules found, entering strict repository configuration mode
2023-11-10 10:23:07.273 INFO  [restartedMain] [o.s.d.r.c.RepositoryConfigurationDelegate] - Bootstrapping Spring Data Redis repositories in DEFAULT mode.
2023-11-10 10:23:07.377 INFO  [restartedMain] [o.s.d.r.c.RepositoryConfigurationExtensionSupport] - Spring Data Redis - Could not safely identify store assignment for repository candidate interface com.bipa4.back_bipatv.repository.AccountRepository; If you want this repository to be a Redis repository, consider annotating your entities with one of these annotations: org.springframework.data.redis.core.RedisHash (preferred), or consider extending one of the following types with your repository: org.springframework.data.keyvalue.repository.KeyValueRepository
2023-11-10 10:23:07.379 INFO  [restartedMain] [o.s.d.r.c.RepositoryConfigurationExtensionSupport] - Spring Data Redis - Could not safely identify store assignment for repository candidate interface com.bipa4.back_bipatv.repository.ChannelRepository; If you want this repository to be a Redis repository, consider annotating your entities with one of these annotations: org.springframework.data.redis.core.RedisHash (preferred), or consider extending one of the following types with your repository: org.springframework.data.keyvalue.repository.KeyValueRepository
2023-11-10 10:23:07.380 INFO  [restartedMain] [o.s.d.r.c.RepositoryConfigurationExtensionSupport] - Spring Data Redis - Could not safely identify store assignment for repository candidate interface com.bipa4.back_bipatv.repository.CommentRepository; If you want this repository to be a Redis repository, consider annotating your entities with one of these annotations: org.springframework.data.redis.core.RedisHash (preferred), or consider extending one of the following types with your repository: org.springframework.data.keyvalue.repository.KeyValueRepository
2023-11-10 10:23:07.382 INFO  [restartedMain] [o.s.d.r.c.RepositoryConfigurationExtensionSupport] - Spring Data Redis - Could not safely identify store assignment for repository candidate interface com.bipa4.back_bipatv.repository.LogRepository; If you want this repository to be a Redis repository, consider annotating your entities with one of these annotations: org.springframework.data.redis.core.RedisHash (preferred), or consider extending one of the following types with your repository: org.springframework.data.keyvalue.repository.KeyValueRepository
2023-11-10 10:23:07.385 INFO  [restartedMain] [o.s.d.r.c.RepositoryConfigurationExtensionSupport] - Spring Data Redis - Could not safely identify store assignment for repository candidate interface com.bipa4.back_bipatv.repository.VideoChannelRepository; If you want this repository to be a Redis repository, consider annotating your entities with one of these annotations: org.springframework.data.redis.core.RedisHash (preferred), or consider extending one of the following types with your repository: org.springframework.data.keyvalue.repository.KeyValueRepository
2023-11-10 10:23:07.387 INFO  [restartedMain] [o.s.d.r.c.RepositoryConfigurationExtensionSupport] - Spring Data Redis - Could not safely identify store assignment for repository candidate interface com.bipa4.back_bipatv.repository.VideoRepository; If you want this repository to be a Redis repository, consider annotating your entities with one of these annotations: org.springframework.data.redis.core.RedisHash (preferred), or consider extending one of the following types with your repository: org.springframework.data.keyvalue.repository.KeyValueRepository
2023-11-10 10:23:07.387 INFO  [restartedMain] [o.s.d.r.c.RepositoryConfigurationDelegate] - Finished Spring Data repository scanning in 80 ms. Found 0 Redis repository interfaces.
2023-11-10 10:23:08.913 INFO  [restartedMain] [c.u.j.c.EnableEncryptablePropertiesBeanFactoryPostProcessor] - Post-processing PropertySource instances
2023-11-10 10:23:08.916 INFO  [restartedMain] [c.u.j.EncryptablePropertySourceConverter] - Skipping PropertySource configurationProperties [class org.springframework.boot.context.properties.source.ConfigurationPropertySourcesPropertySource
2023-11-10 10:23:08.921 INFO  [restartedMain] [c.u.j.EncryptablePropertySourceConverter] - Skipping PropertySource servletConfigInitParams [class org.springframework.core.env.PropertySource$StubPropertySource
2023-11-10 10:23:08.921 INFO  [restartedMain] [c.u.j.EncryptablePropertySourceConverter] - Skipping PropertySource servletContextInitParams [class org.springframework.core.env.PropertySource$StubPropertySource
2023-11-10 10:23:08.924 INFO  [restartedMain] [c.u.j.EncryptablePropertySourceConverter] - Converting PropertySource systemProperties [org.springframework.core.env.PropertiesPropertySource] to EncryptableMapPropertySourceWrapper
2023-11-10 10:23:08.925 INFO  [restartedMain] [c.u.j.EncryptablePropertySourceConverter] - Converting PropertySource systemEnvironment [org.springframework.boot.env.SystemEnvironmentPropertySourceEnvironmentPostProcessor$OriginAwareSystemEnvironmentPropertySource] to EncryptableSystemEnvironmentPropertySourceWrapper
2023-11-10 10:23:08.926 INFO  [restartedMain] [c.u.j.EncryptablePropertySourceConverter] - Converting PropertySource random [org.springframework.boot.env.RandomValuePropertySource] to EncryptablePropertySourceWrapper
2023-11-10 10:23:08.927 INFO  [restartedMain] [c.u.j.EncryptablePropertySourceConverter] - Converting PropertySource Config resource 'class path resource [application.yml]' via location 'optional:classpath:/' [org.springframework.boot.env.OriginTrackedMapPropertySource] to EncryptableMapPropertySourceWrapper
2023-11-10 10:23:08.927 INFO  [restartedMain] [c.u.j.EncryptablePropertySourceConverter] - Converting PropertySource devtools [org.springframework.core.env.MapPropertySource] to EncryptableMapPropertySourceWrapper
2023-11-10 10:23:10.803 INFO  [restartedMain] [c.u.j.filter.DefaultLazyPropertyFilter] - Property Filter custom Bean not found with name 'encryptablePropertyFilter'. Initializing Default Property Filter
2023-11-10 10:23:10.837 INFO  [restartedMain] [c.u.j.r.DefaultLazyPropertyResolver] - Property Resolver custom Bean not found with name 'encryptablePropertyResolver'. Initializing Default Property Resolver
2023-11-10 10:23:10.848 INFO  [restartedMain] [c.u.j.d.DefaultLazyPropertyDetector] - Property Detector custom Bean not found with name 'encryptablePropertyDetector'. Initializing Default Property Detector
2023-11-10 10:23:14.728 INFO  [restartedMain] [o.s.b.w.embedded.tomcat.TomcatWebServer] - Tomcat initialized with port(s): 8080 (http)
2023-11-10 10:23:14.761 INFO  [restartedMain] [o.apache.coyote.http11.Http11NioProtocol] - Initializing ProtocolHandler ["http-nio-127.0.0.1-8080"]
2023-11-10 10:23:14.769 INFO  [restartedMain] [org.apache.catalina.core.StandardService] - Starting service [Tomcat]
2023-11-10 10:23:14.770 INFO  [restartedMain] [org.apache.catalina.core.StandardEngine] - Starting Servlet engine: [Apache Tomcat/9.0.79]
2023-11-10 10:23:15.527 INFO  [restartedMain] [o.a.c.c.C.[Tomcat].[localhost].[/]] - Initializing Spring embedded WebApplicationContext
2023-11-10 10:23:15.528 INFO  [restartedMain] [o.s.b.w.s.c.ServletWebServerApplicationContext] - Root WebApplicationContext: initialization completed in 22798 ms
2023-11-10 10:23:17.211 INFO  [restartedMain] [o.hibernate.jpa.internal.util.LogHelper] - HHH000204: Processing PersistenceUnitInfo [name: default]
2023-11-10 10:23:17.492 INFO  [restartedMain] [org.hibernate.Version] - HHH000412: Hibernate ORM core version 5.6.15.Final
2023-11-10 10:23:18.319 INFO  [restartedMain] [org.hibernate.annotations.common.Version] - HCANN000001: Hibernate Commons Annotations {5.1.2.Final}
2023-11-10 10:23:19.078 INFO  [restartedMain] [com.zaxxer.hikari.HikariDataSource] - HikariPool-1 - Starting...
2023-11-10 10:23:20.192 INFO  [restartedMain] [com.zaxxer.hikari.HikariDataSource] - HikariPool-1 - Start completed.
2023-11-10 10:23:20.362 INFO  [restartedMain] [org.hibernate.dialect.Dialect] - HHH000400: Using dialect: org.hibernate.dialect.MySQL5InnoDBDialect
2023-11-10 10:23:24.889 INFO  [restartedMain] [o.h.e.t.j.p.i.JtaPlatformInitiator] - HHH000490: Using JtaPlatform implementation: [org.hibernate.engine.transaction.jta.platform.internal.NoJtaPlatform]
2023-11-10 10:23:24.943 INFO  [restartedMain] [o.s.o.j.LocalContainerEntityManagerFactoryBean] - Initialized JPA EntityManagerFactory for persistence unit 'default'
2023-11-10 10:23:36.605 INFO  [restartedMain] [o.s.b.a.e.web.EndpointLinksResolver] - Exposing 2 endpoint(s) beneath base path '/checking'
2023-11-10 10:23:37.604 INFO  [restartedMain] [o.s.b.d.a.OptionalLiveReloadServer] - LiveReload server is running on port 35729
2023-11-10 10:23:40.116 INFO  [restartedMain] [o.apache.coyote.http11.Http11NioProtocol] - Starting ProtocolHandler ["http-nio-127.0.0.1-8080"]
2023-11-10 10:23:40.152 INFO  [restartedMain] [o.s.b.w.embedded.tomcat.TomcatWebServer] - Tomcat started on port(s): 8080 (http) with context path ''
2023-11-10 10:23:40.154 INFO  [restartedMain] [c.u.j.c.RefreshScopeRefreshedEventListener] - Refreshing cached encryptable property sources on ServletWebServerInitializedEvent
2023-11-10 10:23:40.155 INFO  [restartedMain] [c.u.j.c.CachingDelegateEncryptablePropertySource] - Property Source systemProperties refreshed
2023-11-10 10:23:40.156 INFO  [restartedMain] [c.u.j.c.CachingDelegateEncryptablePropertySource] - Property Source systemEnvironment refreshed
2023-11-10 10:23:40.156 INFO  [restartedMain] [c.u.j.c.CachingDelegateEncryptablePropertySource] - Property Source random refreshed
2023-11-10 10:23:40.156 INFO  [restartedMain] [c.u.j.c.CachingDelegateEncryptablePropertySource] - Property Source Config resource 'class path resource [application.yml]' via location 'optional:classpath:/' refreshed
2023-11-10 10:23:40.156 INFO  [restartedMain] [c.u.j.c.CachingDelegateEncryptablePropertySource] - Property Source devtools refreshed
2023-11-10 10:23:40.156 INFO  [restartedMain] [c.u.j.EncryptablePropertySourceConverter] - Converting PropertySource server.ports [org.springframework.core.env.MapPropertySource] to EncryptableMapPropertySourceWrapper
2023-11-10 10:23:40.157 INFO  [restartedMain] [c.u.j.EncryptablePropertySourceConverter] - Skipping PropertySource configurationProperties [class org.springframework.boot.context.properties.source.ConfigurationPropertySourcesPropertySource
2023-11-10 10:23:40.157 INFO  [restartedMain] [c.u.j.EncryptablePropertySourceConverter] - Skipping PropertySource servletConfigInitParams [class org.springframework.core.env.PropertySource$StubPropertySource
2023-11-10 10:23:40.157 INFO  [restartedMain] [c.u.j.EncryptablePropertySourceConverter] - Converting PropertySource servletContextInitParams [org.springframework.web.context.support.ServletContextPropertySource] to EncryptableEnumerablePropertySourceWrapper
2023-11-10 10:23:40.158 INFO  [restartedMain] [c.u.j.EncryptablePropertySourceConverter] - Converting PropertySource Management Server [org.springframework.boot.actuate.autoconfigure.web.server.ManagementContextAutoConfiguration$SameManagementContextConfiguration$1] to EncryptablePropertySourceWrapper
2023-11-10 10:23:41.831 INFO  [restartedMain] [c.b.back_bipatv.BackBipaTvApplication] - Started BackBipaTvApplication in 51.231 seconds (JVM running for 54.091)
2023-11-10 10:23:56.692 INFO  [http-nio-127.0.0.1-8080-exec-1] [o.a.c.c.C.[Tomcat].[localhost].[/]] - Initializing Spring DispatcherServlet 'dispatcherServlet'
2023-11-10 10:23:56.694 INFO  [http-nio-127.0.0.1-8080-exec-1] [o.s.web.servlet.DispatcherServlet] - Initializing Servlet 'dispatcherServlet'
2023-11-10 10:23:56.701 INFO  [http-nio-127.0.0.1-8080-exec-1] [o.s.web.servlet.DispatcherServlet] - Completed initialization in 7 ms
2023-11-10 10:24:00.038 INFO  [http-nio-127.0.0.1-8080-exec-1] [c.b.back_bipatv.interceptor.Interceptor] - 사용자: 전하은 호출 url: /video/detail/aee36157-018b-1000-ffff-ce5b556e0000
2023-11-10 10:24:00.272 WARN  [http-nio-127.0.0.1-8080-exec-1] [o.a.m.c.t.i.m.jdbc.AbstractJDBCDataModel] - You are not using ConnectionPoolDataSource. Make sure your DataSource pools connections to the database itself, or database performance will be severely reduced.
2023-11-10 10:25:58.470 WARN  [HikariPool-1 housekeeper] [com.zaxxer.hikari.pool.HikariPool] - HikariPool-1 - Thread starvation or clock leap detected (housekeeper delta=1m38s147ms41µs100ns).
2023-11-10 10:25:58.654 INFO  [http-nio-127.0.0.1-8080-exec-1] [c.b.back_bipatv.interceptor.Interceptor] - afterCompletion Response status: 400
2023-11-10 10:25:58.970 INFO  [SpringApplicationShutdownHook] [o.s.o.j.LocalContainerEntityManagerFactoryBean] - Closing JPA EntityManagerFactory for persistence unit 'default'
2023-11-10 10:25:58.981 INFO  [SpringApplicationShutdownHook] [com.zaxxer.hikari.HikariDataSource] - HikariPool-1 - Shutdown initiated...
2023-11-10 10:25:59.006 INFO  [SpringApplicationShutdownHook] [com.zaxxer.hikari.HikariDataSource] - HikariPool-1 - Shutdown completed.
2023-11-10 10:26:17.205 INFO  [restartedMain] [c.b.back_bipatv.BackBipaTvApplication] - Starting BackBipaTvApplication using Java 11.0.19 on DESKTOP-D6RL7LJ with PID 19152 (C:\Users\HE-Jeon\Desktop\Bit\teamProject\api\out\production\classes started by HE-Jeon in C:\Users\HE-Jeon\Desktop\Bit\teamProject\api)
2023-11-10 10:26:17.209 INFO  [restartedMain] [c.b.back_bipatv.BackBipaTvApplication] - No active profile set, falling back to 1 default profile: "default"
2023-11-10 10:26:17.212 INFO  [background-preinit] [o.h.validator.internal.util.Version] - HV000001: Hibernate Validator 6.2.5.Final
2023-11-10 10:26:17.428 INFO  [restartedMain] [o.s.b.d.e.DevToolsPropertyDefaultsPostProcessor] - Devtools property defaults active! Set 'spring.devtools.add-properties' to 'false' to disable
2023-11-10 10:26:17.431 INFO  [restartedMain] [o.s.b.d.e.DevToolsPropertyDefaultsPostProcessor] - For additional web related logging consider setting the 'logging.level.web' property to 'DEBUG'
2023-11-10 10:26:30.150 WARN  [restartedMain] [com.amazonaws.util.EC2MetadataUtils] - Unable to retrieve the requested metadata (/latest/meta-data/instance-id). Failed to connect to service endpoint: 
com.amazonaws.SdkClientException: Failed to connect to service endpoint: 
	at com.amazonaws.internal.EC2ResourceFetcher.doReadResource(EC2ResourceFetcher.java:112)
	at com.amazonaws.internal.EC2ResourceFetcher.doReadResource(EC2ResourceFetcher.java:70)
	at com.amazonaws.internal.InstanceMetadataServiceResourceFetcher.readResource(InstanceMetadataServiceResourceFetcher.java:75)
	at com.amazonaws.internal.EC2ResourceFetcher.readResource(EC2ResourceFetcher.java:66)
	at com.amazonaws.util.EC2MetadataUtils.getItems(EC2MetadataUtils.java:407)
	at com.amazonaws.util.EC2MetadataUtils.getData(EC2MetadataUtils.java:376)
	at org.springframework.cloud.aws.context.support.env.AwsCloudEnvironmentCheckUtils.isRunningOnCloudEnvironment(AwsCloudEnvironmentCheckUtils.java:38)
	at org.springframework.cloud.aws.context.annotation.OnAwsCloudEnvironmentCondition.matches(OnAwsCloudEnvironmentCondition.java:37)
	at org.springframework.context.annotation.ConditionEvaluator.shouldSkip(ConditionEvaluator.java:108)
	at org.springframework.context.annotation.ConfigurationClassParser.processConfigurationClass(ConfigurationClassParser.java:225)
	at org.springframework.context.annotation.ConfigurationClassParser.processImports(ConfigurationClassParser.java:599)
	at org.springframework.context.annotation.ConfigurationClassParser.access$800(ConfigurationClassParser.java:110)
	at org.springframework.context.annotation.ConfigurationClassParser$DeferredImportSelectorGroupingHandler.lambda$processGroupImports$1(ConfigurationClassParser.java:812)
	at java.base/java.util.ArrayList.forEach(ArrayList.java:1541)
	at org.springframework.context.annotation.ConfigurationClassParser$DeferredImportSelectorGroupingHandler.processGroupImports(ConfigurationClassParser.java:809)
	at org.springframework.context.annotation.ConfigurationClassParser$DeferredImportSelectorHandler.process(ConfigurationClassParser.java:780)
	at org.springframework.context.annotation.ConfigurationClassParser.parse(ConfigurationClassParser.java:192)
	at org.springframework.context.annotation.ConfigurationClassPostProcessor.processConfigBeanDefinitions(ConfigurationClassPostProcessor.java:331)
	at org.springframework.context.annotation.ConfigurationClassPostProcessor.postProcessBeanDefinitionRegistry(ConfigurationClassPostProcessor.java:247)
	at org.springframework.context.support.PostProcessorRegistrationDelegate.invokeBeanDefinitionRegistryPostProcessors(PostProcessorRegistrationDelegate.java:311)
	at org.springframework.context.support.PostProcessorRegistrationDelegate.invokeBeanFactoryPostProcessors(PostProcessorRegistrationDelegate.java:112)
	at org.springframework.context.support.AbstractApplicationContext.invokeBeanFactoryPostProcessors(AbstractApplicationContext.java:748)
	at org.springframework.context.support.AbstractApplicationContext.refresh(AbstractApplicationContext.java:564)
	at org.springframework.boot.web.servlet.context.ServletWebServerApplicationContext.refresh(ServletWebServerApplicationContext.java:147)
	at org.springframework.boot.SpringApplication.refresh(SpringApplication.java:731)
	at org.springframework.boot.SpringApplication.refreshContext(SpringApplication.java:408)
	at org.springframework.boot.SpringApplication.run(SpringApplication.java:307)
	at org.springframework.boot.SpringApplication.run(SpringApplication.java:1303)
	at org.springframework.boot.SpringApplication.run(SpringApplication.java:1292)
	at com.bipa4.back_bipatv.BackBipaTvApplication.main(BackBipaTvApplication.java:16)
	at java.base/jdk.internal.reflect.NativeMethodAccessorImpl.invoke0(Native Method)
	at java.base/jdk.internal.reflect.NativeMethodAccessorImpl.invoke(NativeMethodAccessorImpl.java:62)
	at java.base/jdk.internal.reflect.DelegatingMethodAccessorImpl.invoke(DelegatingMethodAccessorImpl.java:43)
	at java.base/java.lang.reflect.Method.invoke(Method.java:566)
	at org.springframework.boot.devtools.restart.RestartLauncher.run(RestartLauncher.java:50)
Caused by: java.net.SocketTimeoutException: connect timed out
	at java.base/java.net.PlainSocketImpl.waitForConnect(Native Method)
	at java.base/java.net.PlainSocketImpl.socketConnect(PlainSocketImpl.java:107)
	at java.base/java.net.AbstractPlainSocketImpl.doConnect(AbstractPlainSocketImpl.java:412)
	at java.base/java.net.AbstractPlainSocketImpl.connectToAddress(AbstractPlainSocketImpl.java:255)
	at java.base/java.net.AbstractPlainSocketImpl.connect(AbstractPlainSocketImpl.java:237)
	at java.base/java.net.Socket.connect(Socket.java:609)
	at java.base/sun.net.NetworkClient.doConnect(NetworkClient.java:177)
	at java.base/sun.net.www.http.HttpClient.openServer(HttpClient.java:507)
	at java.base/sun.net.www.http.HttpClient.openServer(HttpClient.java:602)
	at java.base/sun.net.www.http.HttpClient.<init>(HttpClient.java:275)
	at java.base/sun.net.www.http.HttpClient.New(HttpClient.java:374)
	at java.base/sun.net.www.http.HttpClient.New(HttpClient.java:395)
	at java.base/sun.net.www.protocol.http.HttpURLConnection.getNewHttpClient(HttpURLConnection.java:1253)
	at java.base/sun.net.www.protocol.http.HttpURLConnection.plainConnect0(HttpURLConnection.java:1232)
	at java.base/sun.net.www.protocol.http.HttpURLConnection.plainConnect(HttpURLConnection.java:1081)
	at java.base/sun.net.www.protocol.http.HttpURLConnection.connect(HttpURLConnection.java:1015)
	at com.amazonaws.internal.ConnectionUtils.connectToEndpoint(ConnectionUtils.java:95)
	at com.amazonaws.internal.EC2ResourceFetcher.doReadResource(EC2ResourceFetcher.java:84)
	... 34 common frames omitted
2023-11-10 10:26:31.830 INFO  [restartedMain] [o.s.d.r.c.RepositoryConfigurationDelegate] - Multiple Spring Data modules found, entering strict repository configuration mode
2023-11-10 10:26:31.841 INFO  [restartedMain] [o.s.d.r.c.RepositoryConfigurationDelegate] - Bootstrapping Spring Data JPA repositories in DEFAULT mode.
2023-11-10 10:26:32.756 INFO  [restartedMain] [o.s.d.r.c.RepositoryConfigurationDelegate] - Finished Spring Data repository scanning in 871 ms. Found 6 JPA repository interfaces.
2023-11-10 10:26:32.809 INFO  [restartedMain] [o.s.d.r.c.RepositoryConfigurationDelegate] - Multiple Spring Data modules found, entering strict repository configuration mode
2023-11-10 10:26:32.813 INFO  [restartedMain] [o.s.d.r.c.RepositoryConfigurationDelegate] - Bootstrapping Spring Data Redis repositories in DEFAULT mode.
2023-11-10 10:26:32.932 INFO  [restartedMain] [o.s.d.r.c.RepositoryConfigurationExtensionSupport] - Spring Data Redis - Could not safely identify store assignment for repository candidate interface com.bipa4.back_bipatv.repository.AccountRepository; If you want this repository to be a Redis repository, consider annotating your entities with one of these annotations: org.springframework.data.redis.core.RedisHash (preferred), or consider extending one of the following types with your repository: org.springframework.data.keyvalue.repository.KeyValueRepository
2023-11-10 10:26:32.934 INFO  [restartedMain] [o.s.d.r.c.RepositoryConfigurationExtensionSupport] - Spring Data Redis - Could not safely identify store assignment for repository candidate interface com.bipa4.back_bipatv.repository.ChannelRepository; If you want this repository to be a Redis repository, consider annotating your entities with one of these annotations: org.springframework.data.redis.core.RedisHash (preferred), or consider extending one of the following types with your repository: org.springframework.data.keyvalue.repository.KeyValueRepository
2023-11-10 10:26:32.941 INFO  [restartedMain] [o.s.d.r.c.RepositoryConfigurationExtensionSupport] - Spring Data Redis - Could not safely identify store assignment for repository candidate interface com.bipa4.back_bipatv.repository.CommentRepository; If you want this repository to be a Redis repository, consider annotating your entities with one of these annotations: org.springframework.data.redis.core.RedisHash (preferred), or consider extending one of the following types with your repository: org.springframework.data.keyvalue.repository.KeyValueRepository
2023-11-10 10:26:32.943 INFO  [restartedMain] [o.s.d.r.c.RepositoryConfigurationExtensionSupport] - Spring Data Redis - Could not safely identify store assignment for repository candidate interface com.bipa4.back_bipatv.repository.LogRepository; If you want this repository to be a Redis repository, consider annotating your entities with one of these annotations: org.springframework.data.redis.core.RedisHash (preferred), or consider extending one of the following types with your repository: org.springframework.data.keyvalue.repository.KeyValueRepository
2023-11-10 10:26:32.951 INFO  [restartedMain] [o.s.d.r.c.RepositoryConfigurationExtensionSupport] - Spring Data Redis - Could not safely identify store assignment for repository candidate interface com.bipa4.back_bipatv.repository.VideoChannelRepository; If you want this repository to be a Redis repository, consider annotating your entities with one of these annotations: org.springframework.data.redis.core.RedisHash (preferred), or consider extending one of the following types with your repository: org.springframework.data.keyvalue.repository.KeyValueRepository
2023-11-10 10:26:32.953 INFO  [restartedMain] [o.s.d.r.c.RepositoryConfigurationExtensionSupport] - Spring Data Redis - Could not safely identify store assignment for repository candidate interface com.bipa4.back_bipatv.repository.VideoRepository; If you want this repository to be a Redis repository, consider annotating your entities with one of these annotations: org.springframework.data.redis.core.RedisHash (preferred), or consider extending one of the following types with your repository: org.springframework.data.keyvalue.repository.KeyValueRepository
2023-11-10 10:26:32.954 INFO  [restartedMain] [o.s.d.r.c.RepositoryConfigurationDelegate] - Finished Spring Data repository scanning in 107 ms. Found 0 Redis repository interfaces.
2023-11-10 10:26:34.469 INFO  [restartedMain] [c.u.j.c.EnableEncryptablePropertiesBeanFactoryPostProcessor] - Post-processing PropertySource instances
2023-11-10 10:26:34.472 INFO  [restartedMain] [c.u.j.EncryptablePropertySourceConverter] - Skipping PropertySource configurationProperties [class org.springframework.boot.context.properties.source.ConfigurationPropertySourcesPropertySource
2023-11-10 10:26:34.477 INFO  [restartedMain] [c.u.j.EncryptablePropertySourceConverter] - Skipping PropertySource servletConfigInitParams [class org.springframework.core.env.PropertySource$StubPropertySource
2023-11-10 10:26:34.478 INFO  [restartedMain] [c.u.j.EncryptablePropertySourceConverter] - Skipping PropertySource servletContextInitParams [class org.springframework.core.env.PropertySource$StubPropertySource
2023-11-10 10:26:34.481 INFO  [restartedMain] [c.u.j.EncryptablePropertySourceConverter] - Converting PropertySource systemProperties [org.springframework.core.env.PropertiesPropertySource] to EncryptableMapPropertySourceWrapper
2023-11-10 10:26:34.483 INFO  [restartedMain] [c.u.j.EncryptablePropertySourceConverter] - Converting PropertySource systemEnvironment [org.springframework.boot.env.SystemEnvironmentPropertySourceEnvironmentPostProcessor$OriginAwareSystemEnvironmentPropertySource] to EncryptableSystemEnvironmentPropertySourceWrapper
2023-11-10 10:26:34.484 INFO  [restartedMain] [c.u.j.EncryptablePropertySourceConverter] - Converting PropertySource random [org.springframework.boot.env.RandomValuePropertySource] to EncryptablePropertySourceWrapper
2023-11-10 10:26:34.484 INFO  [restartedMain] [c.u.j.EncryptablePropertySourceConverter] - Converting PropertySource Config resource 'class path resource [application.yml]' via location 'optional:classpath:/' [org.springframework.boot.env.OriginTrackedMapPropertySource] to EncryptableMapPropertySourceWrapper
2023-11-10 10:26:34.484 INFO  [restartedMain] [c.u.j.EncryptablePropertySourceConverter] - Converting PropertySource devtools [org.springframework.core.env.MapPropertySource] to EncryptableMapPropertySourceWrapper
2023-11-10 10:26:36.464 INFO  [restartedMain] [c.u.j.filter.DefaultLazyPropertyFilter] - Property Filter custom Bean not found with name 'encryptablePropertyFilter'. Initializing Default Property Filter
2023-11-10 10:26:36.499 INFO  [restartedMain] [c.u.j.r.DefaultLazyPropertyResolver] - Property Resolver custom Bean not found with name 'encryptablePropertyResolver'. Initializing Default Property Resolver
2023-11-10 10:26:36.506 INFO  [restartedMain] [c.u.j.d.DefaultLazyPropertyDetector] - Property Detector custom Bean not found with name 'encryptablePropertyDetector'. Initializing Default Property Detector
2023-11-10 10:26:40.326 INFO  [restartedMain] [o.s.b.w.embedded.tomcat.TomcatWebServer] - Tomcat initialized with port(s): 8080 (http)
2023-11-10 10:26:40.359 INFO  [restartedMain] [o.apache.coyote.http11.Http11NioProtocol] - Initializing ProtocolHandler ["http-nio-127.0.0.1-8080"]
2023-11-10 10:26:40.364 INFO  [restartedMain] [org.apache.catalina.core.StandardService] - Starting service [Tomcat]
2023-11-10 10:26:40.365 INFO  [restartedMain] [org.apache.catalina.core.StandardEngine] - Starting Servlet engine: [Apache Tomcat/9.0.79]
2023-11-10 10:26:41.035 INFO  [restartedMain] [o.a.c.c.C.[Tomcat].[localhost].[/]] - Initializing Spring embedded WebApplicationContext
2023-11-10 10:26:41.035 INFO  [restartedMain] [o.s.b.w.s.c.ServletWebServerApplicationContext] - Root WebApplicationContext: initialization completed in 23600 ms
2023-11-10 10:26:42.463 INFO  [restartedMain] [o.hibernate.jpa.internal.util.LogHelper] - HHH000204: Processing PersistenceUnitInfo [name: default]
2023-11-10 10:26:42.721 INFO  [restartedMain] [org.hibernate.Version] - HHH000412: Hibernate ORM core version 5.6.15.Final
2023-11-10 10:26:43.552 INFO  [restartedMain] [org.hibernate.annotations.common.Version] - HCANN000001: Hibernate Commons Annotations {5.1.2.Final}
2023-11-10 10:26:44.113 INFO  [restartedMain] [com.zaxxer.hikari.HikariDataSource] - HikariPool-1 - Starting...
2023-11-10 10:26:45.163 INFO  [restartedMain] [com.zaxxer.hikari.HikariDataSource] - HikariPool-1 - Start completed.
2023-11-10 10:26:45.239 INFO  [restartedMain] [org.hibernate.dialect.Dialect] - HHH000400: Using dialect: org.hibernate.dialect.MySQL5InnoDBDialect
2023-11-10 10:26:48.879 INFO  [restartedMain] [o.h.e.t.j.p.i.JtaPlatformInitiator] - HHH000490: Using JtaPlatform implementation: [org.hibernate.engine.transaction.jta.platform.internal.NoJtaPlatform]
2023-11-10 10:26:48.926 INFO  [restartedMain] [o.s.o.j.LocalContainerEntityManagerFactoryBean] - Initialized JPA EntityManagerFactory for persistence unit 'default'
2023-11-10 10:26:58.804 INFO  [restartedMain] [o.s.b.a.e.web.EndpointLinksResolver] - Exposing 2 endpoint(s) beneath base path '/checking'
2023-11-10 10:26:59.665 INFO  [restartedMain] [o.s.b.d.a.OptionalLiveReloadServer] - LiveReload server is running on port 35729
2023-11-10 10:27:01.924 INFO  [restartedMain] [o.apache.coyote.http11.Http11NioProtocol] - Starting ProtocolHandler ["http-nio-127.0.0.1-8080"]
2023-11-10 10:27:01.959 INFO  [restartedMain] [o.s.b.w.embedded.tomcat.TomcatWebServer] - Tomcat started on port(s): 8080 (http) with context path ''
2023-11-10 10:27:01.961 INFO  [restartedMain] [c.u.j.c.RefreshScopeRefreshedEventListener] - Refreshing cached encryptable property sources on ServletWebServerInitializedEvent
2023-11-10 10:27:01.963 INFO  [restartedMain] [c.u.j.c.CachingDelegateEncryptablePropertySource] - Property Source systemProperties refreshed
2023-11-10 10:27:01.964 INFO  [restartedMain] [c.u.j.c.CachingDelegateEncryptablePropertySource] - Property Source systemEnvironment refreshed
2023-11-10 10:27:01.964 INFO  [restartedMain] [c.u.j.c.CachingDelegateEncryptablePropertySource] - Property Source random refreshed
2023-11-10 10:27:01.965 INFO  [restartedMain] [c.u.j.c.CachingDelegateEncryptablePropertySource] - Property Source Config resource 'class path resource [application.yml]' via location 'optional:classpath:/' refreshed
2023-11-10 10:27:01.965 INFO  [restartedMain] [c.u.j.c.CachingDelegateEncryptablePropertySource] - Property Source devtools refreshed
2023-11-10 10:27:01.965 INFO  [restartedMain] [c.u.j.EncryptablePropertySourceConverter] - Converting PropertySource server.ports [org.springframework.core.env.MapPropertySource] to EncryptableMapPropertySourceWrapper
2023-11-10 10:27:01.965 INFO  [restartedMain] [c.u.j.EncryptablePropertySourceConverter] - Skipping PropertySource configurationProperties [class org.springframework.boot.context.properties.source.ConfigurationPropertySourcesPropertySource
2023-11-10 10:27:01.965 INFO  [restartedMain] [c.u.j.EncryptablePropertySourceConverter] - Skipping PropertySource servletConfigInitParams [class org.springframework.core.env.PropertySource$StubPropertySource
2023-11-10 10:27:01.966 INFO  [restartedMain] [c.u.j.EncryptablePropertySourceConverter] - Converting PropertySource servletContextInitParams [org.springframework.web.context.support.ServletContextPropertySource] to EncryptableEnumerablePropertySourceWrapper
2023-11-10 10:27:01.966 INFO  [restartedMain] [c.u.j.EncryptablePropertySourceConverter] - Converting PropertySource Management Server [org.springframework.boot.actuate.autoconfigure.web.server.ManagementContextAutoConfiguration$SameManagementContextConfiguration$1] to EncryptablePropertySourceWrapper
2023-11-10 10:27:02.470 INFO  [http-nio-127.0.0.1-8080-exec-1] [o.a.c.c.C.[Tomcat].[localhost].[/]] - Initializing Spring DispatcherServlet 'dispatcherServlet'
2023-11-10 10:27:02.470 INFO  [http-nio-127.0.0.1-8080-exec-1] [o.s.web.servlet.DispatcherServlet] - Initializing Servlet 'dispatcherServlet'
2023-11-10 10:27:02.477 INFO  [http-nio-127.0.0.1-8080-exec-1] [o.s.web.servlet.DispatcherServlet] - Completed initialization in 7 ms
2023-11-10 10:27:03.789 INFO  [restartedMain] [c.b.back_bipatv.BackBipaTvApplication] - Started BackBipaTvApplication in 48.546 seconds (JVM running for 51.526)
2023-11-10 10:27:05.252 INFO  [http-nio-127.0.0.1-8080-exec-1] [c.b.back_bipatv.interceptor.Interceptor] - 사용자: 전하은 호출 url: /video/detail/aee36157-018b-1000-ffff-ce5b556e0000
2023-11-10 10:27:05.418 WARN  [http-nio-127.0.0.1-8080-exec-1] [o.a.m.c.t.i.m.jdbc.AbstractJDBCDataModel] - You are not using ConnectionPoolDataSource. Make sure your DataSource pools connections to the database itself, or database performance will be severely reduced.
2023-11-10 10:27:15.550 INFO  [http-nio-127.0.0.1-8080-exec-1] [c.b.back_bipatv.interceptor.Interceptor] - postHandle response status: 200
2023-11-10 10:27:15.554 INFO  [http-nio-127.0.0.1-8080-exec-1] [c.b.back_bipatv.interceptor.Interceptor] - afterCompletion Response status: 200
2023-11-10 10:28:19.066 INFO  [http-nio-127.0.0.1-8080-exec-3] [c.b.back_bipatv.interceptor.Interceptor] - 사용자: 전하은 호출 url: /video/detail/aee36157-018b-1000-ffff-ce5b556e0000
2023-11-10 10:28:19.118 WARN  [http-nio-127.0.0.1-8080-exec-3] [o.a.m.c.t.i.m.jdbc.AbstractJDBCDataModel] - You are not using ConnectionPoolDataSource. Make sure your DataSource pools connections to the database itself, or database performance will be severely reduced.
2023-11-10 10:28:20.305 INFO  [http-nio-127.0.0.1-8080-exec-3] [c.b.back_bipatv.interceptor.Interceptor] - afterCompletion Response status: 400
2023-11-10 10:38:13.768 INFO  [SpringApplicationShutdownHook] [o.s.o.j.LocalContainerEntityManagerFactoryBean] - Closing JPA EntityManagerFactory for persistence unit 'default'
2023-11-10 10:38:13.778 INFO  [SpringApplicationShutdownHook] [com.zaxxer.hikari.HikariDataSource] - HikariPool-1 - Shutdown initiated...
2023-11-10 10:38:13.826 INFO  [SpringApplicationShutdownHook] [com.zaxxer.hikari.HikariDataSource] - HikariPool-1 - Shutdown completed.
2023-11-10 10:38:29.903 INFO  [background-preinit] [o.h.validator.internal.util.Version] - HV000001: Hibernate Validator 6.2.5.Final
2023-11-10 10:38:29.926 INFO  [restartedMain] [c.b.back_bipatv.BackBipaTvApplication] - Starting BackBipaTvApplication using Java 11.0.19 on DESKTOP-D6RL7LJ with PID 9424 (C:\Users\HE-Jeon\Desktop\Bit\teamProject\api\out\production\classes started by HE-Jeon in C:\Users\HE-Jeon\Desktop\Bit\teamProject\api)
2023-11-10 10:38:29.932 INFO  [restartedMain] [c.b.back_bipatv.BackBipaTvApplication] - No active profile set, falling back to 1 default profile: "default"
2023-11-10 10:38:30.089 INFO  [restartedMain] [o.s.b.d.e.DevToolsPropertyDefaultsPostProcessor] - Devtools property defaults active! Set 'spring.devtools.add-properties' to 'false' to disable
2023-11-10 10:38:30.089 INFO  [restartedMain] [o.s.b.d.e.DevToolsPropertyDefaultsPostProcessor] - For additional web related logging consider setting the 'logging.level.web' property to 'DEBUG'
2023-11-10 10:38:42.552 WARN  [restartedMain] [com.amazonaws.util.EC2MetadataUtils] - Unable to retrieve the requested metadata (/latest/meta-data/instance-id). Failed to connect to service endpoint: 
com.amazonaws.SdkClientException: Failed to connect to service endpoint: 
	at com.amazonaws.internal.EC2ResourceFetcher.doReadResource(EC2ResourceFetcher.java:112)
	at com.amazonaws.internal.EC2ResourceFetcher.doReadResource(EC2ResourceFetcher.java:70)
	at com.amazonaws.internal.InstanceMetadataServiceResourceFetcher.readResource(InstanceMetadataServiceResourceFetcher.java:75)
	at com.amazonaws.internal.EC2ResourceFetcher.readResource(EC2ResourceFetcher.java:66)
	at com.amazonaws.util.EC2MetadataUtils.getItems(EC2MetadataUtils.java:407)
	at com.amazonaws.util.EC2MetadataUtils.getData(EC2MetadataUtils.java:376)
	at org.springframework.cloud.aws.context.support.env.AwsCloudEnvironmentCheckUtils.isRunningOnCloudEnvironment(AwsCloudEnvironmentCheckUtils.java:38)
	at org.springframework.cloud.aws.context.annotation.OnAwsCloudEnvironmentCondition.matches(OnAwsCloudEnvironmentCondition.java:37)
	at org.springframework.context.annotation.ConditionEvaluator.shouldSkip(ConditionEvaluator.java:108)
	at org.springframework.context.annotation.ConfigurationClassParser.processConfigurationClass(ConfigurationClassParser.java:225)
	at org.springframework.context.annotation.ConfigurationClassParser.processImports(ConfigurationClassParser.java:599)
	at org.springframework.context.annotation.ConfigurationClassParser.access$800(ConfigurationClassParser.java:110)
	at org.springframework.context.annotation.ConfigurationClassParser$DeferredImportSelectorGroupingHandler.lambda$processGroupImports$1(ConfigurationClassParser.java:812)
	at java.base/java.util.ArrayList.forEach(ArrayList.java:1541)
	at org.springframework.context.annotation.ConfigurationClassParser$DeferredImportSelectorGroupingHandler.processGroupImports(ConfigurationClassParser.java:809)
	at org.springframework.context.annotation.ConfigurationClassParser$DeferredImportSelectorHandler.process(ConfigurationClassParser.java:780)
	at org.springframework.context.annotation.ConfigurationClassParser.parse(ConfigurationClassParser.java:192)
	at org.springframework.context.annotation.ConfigurationClassPostProcessor.processConfigBeanDefinitions(ConfigurationClassPostProcessor.java:331)
	at org.springframework.context.annotation.ConfigurationClassPostProcessor.postProcessBeanDefinitionRegistry(ConfigurationClassPostProcessor.java:247)
	at org.springframework.context.support.PostProcessorRegistrationDelegate.invokeBeanDefinitionRegistryPostProcessors(PostProcessorRegistrationDelegate.java:311)
	at org.springframework.context.support.PostProcessorRegistrationDelegate.invokeBeanFactoryPostProcessors(PostProcessorRegistrationDelegate.java:112)
	at org.springframework.context.support.AbstractApplicationContext.invokeBeanFactoryPostProcessors(AbstractApplicationContext.java:748)
	at org.springframework.context.support.AbstractApplicationContext.refresh(AbstractApplicationContext.java:564)
	at org.springframework.boot.web.servlet.context.ServletWebServerApplicationContext.refresh(ServletWebServerApplicationContext.java:147)
	at org.springframework.boot.SpringApplication.refresh(SpringApplication.java:731)
	at org.springframework.boot.SpringApplication.refreshContext(SpringApplication.java:408)
	at org.springframework.boot.SpringApplication.run(SpringApplication.java:307)
	at org.springframework.boot.SpringApplication.run(SpringApplication.java:1303)
	at org.springframework.boot.SpringApplication.run(SpringApplication.java:1292)
	at com.bipa4.back_bipatv.BackBipaTvApplication.main(BackBipaTvApplication.java:16)
	at java.base/jdk.internal.reflect.NativeMethodAccessorImpl.invoke0(Native Method)
	at java.base/jdk.internal.reflect.NativeMethodAccessorImpl.invoke(NativeMethodAccessorImpl.java:62)
	at java.base/jdk.internal.reflect.DelegatingMethodAccessorImpl.invoke(DelegatingMethodAccessorImpl.java:43)
	at java.base/java.lang.reflect.Method.invoke(Method.java:566)
	at org.springframework.boot.devtools.restart.RestartLauncher.run(RestartLauncher.java:50)
Caused by: java.net.SocketTimeoutException: connect timed out
	at java.base/java.net.PlainSocketImpl.waitForConnect(Native Method)
	at java.base/java.net.PlainSocketImpl.socketConnect(PlainSocketImpl.java:107)
	at java.base/java.net.AbstractPlainSocketImpl.doConnect(AbstractPlainSocketImpl.java:412)
	at java.base/java.net.AbstractPlainSocketImpl.connectToAddress(AbstractPlainSocketImpl.java:255)
	at java.base/java.net.AbstractPlainSocketImpl.connect(AbstractPlainSocketImpl.java:237)
	at java.base/java.net.Socket.connect(Socket.java:609)
	at java.base/sun.net.NetworkClient.doConnect(NetworkClient.java:177)
	at java.base/sun.net.www.http.HttpClient.openServer(HttpClient.java:507)
	at java.base/sun.net.www.http.HttpClient.openServer(HttpClient.java:602)
	at java.base/sun.net.www.http.HttpClient.<init>(HttpClient.java:275)
	at java.base/sun.net.www.http.HttpClient.New(HttpClient.java:374)
	at java.base/sun.net.www.http.HttpClient.New(HttpClient.java:395)
	at java.base/sun.net.www.protocol.http.HttpURLConnection.getNewHttpClient(HttpURLConnection.java:1253)
	at java.base/sun.net.www.protocol.http.HttpURLConnection.plainConnect0(HttpURLConnection.java:1232)
	at java.base/sun.net.www.protocol.http.HttpURLConnection.plainConnect(HttpURLConnection.java:1081)
	at java.base/sun.net.www.protocol.http.HttpURLConnection.connect(HttpURLConnection.java:1015)
	at com.amazonaws.internal.ConnectionUtils.connectToEndpoint(ConnectionUtils.java:95)
	at com.amazonaws.internal.EC2ResourceFetcher.doReadResource(EC2ResourceFetcher.java:84)
	... 34 common frames omitted
2023-11-10 10:38:43.743 INFO  [restartedMain] [o.s.d.r.c.RepositoryConfigurationDelegate] - Multiple Spring Data modules found, entering strict repository configuration mode
2023-11-10 10:38:43.747 INFO  [restartedMain] [o.s.d.r.c.RepositoryConfigurationDelegate] - Bootstrapping Spring Data JPA repositories in DEFAULT mode.
2023-11-10 10:38:44.388 INFO  [restartedMain] [o.s.d.r.c.RepositoryConfigurationDelegate] - Finished Spring Data repository scanning in 614 ms. Found 6 JPA repository interfaces.
2023-11-10 10:38:44.425 INFO  [restartedMain] [o.s.d.r.c.RepositoryConfigurationDelegate] - Multiple Spring Data modules found, entering strict repository configuration mode
2023-11-10 10:38:44.428 INFO  [restartedMain] [o.s.d.r.c.RepositoryConfigurationDelegate] - Bootstrapping Spring Data Redis repositories in DEFAULT mode.
2023-11-10 10:38:44.489 INFO  [restartedMain] [o.s.d.r.c.RepositoryConfigurationExtensionSupport] - Spring Data Redis - Could not safely identify store assignment for repository candidate interface com.bipa4.back_bipatv.repository.AccountRepository; If you want this repository to be a Redis repository, consider annotating your entities with one of these annotations: org.springframework.data.redis.core.RedisHash (preferred), or consider extending one of the following types with your repository: org.springframework.data.keyvalue.repository.KeyValueRepository
2023-11-10 10:38:44.490 INFO  [restartedMain] [o.s.d.r.c.RepositoryConfigurationExtensionSupport] - Spring Data Redis - Could not safely identify store assignment for repository candidate interface com.bipa4.back_bipatv.repository.ChannelRepository; If you want this repository to be a Redis repository, consider annotating your entities with one of these annotations: org.springframework.data.redis.core.RedisHash (preferred), or consider extending one of the following types with your repository: org.springframework.data.keyvalue.repository.KeyValueRepository
2023-11-10 10:38:44.491 INFO  [restartedMain] [o.s.d.r.c.RepositoryConfigurationExtensionSupport] - Spring Data Redis - Could not safely identify store assignment for repository candidate interface com.bipa4.back_bipatv.repository.CommentRepository; If you want this repository to be a Redis repository, consider annotating your entities with one of these annotations: org.springframework.data.redis.core.RedisHash (preferred), or consider extending one of the following types with your repository: org.springframework.data.keyvalue.repository.KeyValueRepository
2023-11-10 10:38:44.492 INFO  [restartedMain] [o.s.d.r.c.RepositoryConfigurationExtensionSupport] - Spring Data Redis - Could not safely identify store assignment for repository candidate interface com.bipa4.back_bipatv.repository.LogRepository; If you want this repository to be a Redis repository, consider annotating your entities with one of these annotations: org.springframework.data.redis.core.RedisHash (preferred), or consider extending one of the following types with your repository: org.springframework.data.keyvalue.repository.KeyValueRepository
2023-11-10 10:38:44.495 INFO  [restartedMain] [o.s.d.r.c.RepositoryConfigurationExtensionSupport] - Spring Data Redis - Could not safely identify store assignment for repository candidate interface com.bipa4.back_bipatv.repository.VideoChannelRepository; If you want this repository to be a Redis repository, consider annotating your entities with one of these annotations: org.springframework.data.redis.core.RedisHash (preferred), or consider extending one of the following types with your repository: org.springframework.data.keyvalue.repository.KeyValueRepository
2023-11-10 10:38:44.496 INFO  [restartedMain] [o.s.d.r.c.RepositoryConfigurationExtensionSupport] - Spring Data Redis - Could not safely identify store assignment for repository candidate interface com.bipa4.back_bipatv.repository.VideoRepository; If you want this repository to be a Redis repository, consider annotating your entities with one of these annotations: org.springframework.data.redis.core.RedisHash (preferred), or consider extending one of the following types with your repository: org.springframework.data.keyvalue.repository.KeyValueRepository
2023-11-10 10:38:44.496 INFO  [restartedMain] [o.s.d.r.c.RepositoryConfigurationDelegate] - Finished Spring Data repository scanning in 47 ms. Found 0 Redis repository interfaces.
2023-11-10 10:38:45.513 INFO  [restartedMain] [c.u.j.c.EnableEncryptablePropertiesBeanFactoryPostProcessor] - Post-processing PropertySource instances
2023-11-10 10:38:45.514 INFO  [restartedMain] [c.u.j.EncryptablePropertySourceConverter] - Skipping PropertySource configurationProperties [class org.springframework.boot.context.properties.source.ConfigurationPropertySourcesPropertySource
2023-11-10 10:38:45.520 INFO  [restartedMain] [c.u.j.EncryptablePropertySourceConverter] - Skipping PropertySource servletConfigInitParams [class org.springframework.core.env.PropertySource$StubPropertySource
2023-11-10 10:38:45.520 INFO  [restartedMain] [c.u.j.EncryptablePropertySourceConverter] - Skipping PropertySource servletContextInitParams [class org.springframework.core.env.PropertySource$StubPropertySource
2023-11-10 10:38:45.522 INFO  [restartedMain] [c.u.j.EncryptablePropertySourceConverter] - Converting PropertySource systemProperties [org.springframework.core.env.PropertiesPropertySource] to EncryptableMapPropertySourceWrapper
2023-11-10 10:38:45.522 INFO  [restartedMain] [c.u.j.EncryptablePropertySourceConverter] - Converting PropertySource systemEnvironment [org.springframework.boot.env.SystemEnvironmentPropertySourceEnvironmentPostProcessor$OriginAwareSystemEnvironmentPropertySource] to EncryptableSystemEnvironmentPropertySourceWrapper
2023-11-10 10:38:45.523 INFO  [restartedMain] [c.u.j.EncryptablePropertySourceConverter] - Converting PropertySource random [org.springframework.boot.env.RandomValuePropertySource] to EncryptablePropertySourceWrapper
2023-11-10 10:38:45.523 INFO  [restartedMain] [c.u.j.EncryptablePropertySourceConverter] - Converting PropertySource Config resource 'class path resource [application.yml]' via location 'optional:classpath:/' [org.springframework.boot.env.OriginTrackedMapPropertySource] to EncryptableMapPropertySourceWrapper
2023-11-10 10:38:45.523 INFO  [restartedMain] [c.u.j.EncryptablePropertySourceConverter] - Converting PropertySource devtools [org.springframework.core.env.MapPropertySource] to EncryptableMapPropertySourceWrapper
2023-11-10 10:38:46.801 INFO  [restartedMain] [c.u.j.filter.DefaultLazyPropertyFilter] - Property Filter custom Bean not found with name 'encryptablePropertyFilter'. Initializing Default Property Filter
2023-11-10 10:38:46.819 INFO  [restartedMain] [c.u.j.r.DefaultLazyPropertyResolver] - Property Resolver custom Bean not found with name 'encryptablePropertyResolver'. Initializing Default Property Resolver
2023-11-10 10:38:46.823 INFO  [restartedMain] [c.u.j.d.DefaultLazyPropertyDetector] - Property Detector custom Bean not found with name 'encryptablePropertyDetector'. Initializing Default Property Detector
2023-11-10 10:38:49.824 INFO  [restartedMain] [o.s.b.w.embedded.tomcat.TomcatWebServer] - Tomcat initialized with port(s): 8080 (http)
2023-11-10 10:38:49.844 INFO  [restartedMain] [o.apache.coyote.http11.Http11NioProtocol] - Initializing ProtocolHandler ["http-nio-127.0.0.1-8080"]
2023-11-10 10:38:49.849 INFO  [restartedMain] [org.apache.catalina.core.StandardService] - Starting service [Tomcat]
2023-11-10 10:38:49.849 INFO  [restartedMain] [org.apache.catalina.core.StandardEngine] - Starting Servlet engine: [Apache Tomcat/9.0.79]
2023-11-10 10:38:50.308 INFO  [restartedMain] [o.a.c.c.C.[Tomcat].[localhost].[/]] - Initializing Spring embedded WebApplicationContext
2023-11-10 10:38:50.309 INFO  [restartedMain] [o.s.b.w.s.c.ServletWebServerApplicationContext] - Root WebApplicationContext: initialization completed in 20219 ms
2023-11-10 10:38:51.195 INFO  [restartedMain] [o.hibernate.jpa.internal.util.LogHelper] - HHH000204: Processing PersistenceUnitInfo [name: default]
2023-11-10 10:38:51.357 INFO  [restartedMain] [org.hibernate.Version] - HHH000412: Hibernate ORM core version 5.6.15.Final
2023-11-10 10:38:51.942 INFO  [restartedMain] [org.hibernate.annotations.common.Version] - HCANN000001: Hibernate Commons Annotations {5.1.2.Final}
2023-11-10 10:38:52.239 INFO  [restartedMain] [com.zaxxer.hikari.HikariDataSource] - HikariPool-1 - Starting...
2023-11-10 10:38:53.025 INFO  [restartedMain] [com.zaxxer.hikari.HikariDataSource] - HikariPool-1 - Start completed.
2023-11-10 10:38:53.100 INFO  [restartedMain] [org.hibernate.dialect.Dialect] - HHH000400: Using dialect: org.hibernate.dialect.MySQL5InnoDBDialect
2023-11-10 10:38:56.414 INFO  [restartedMain] [o.h.e.t.j.p.i.JtaPlatformInitiator] - HHH000490: Using JtaPlatform implementation: [org.hibernate.engine.transaction.jta.platform.internal.NoJtaPlatform]
2023-11-10 10:38:56.475 INFO  [restartedMain] [o.s.o.j.LocalContainerEntityManagerFactoryBean] - Initialized JPA EntityManagerFactory for persistence unit 'default'
2023-11-10 10:39:04.038 INFO  [restartedMain] [o.s.b.a.e.web.EndpointLinksResolver] - Exposing 2 endpoint(s) beneath base path '/checking'
2023-11-10 10:39:04.590 INFO  [restartedMain] [o.s.b.d.a.OptionalLiveReloadServer] - LiveReload server is running on port 35729
2023-11-10 10:39:05.895 INFO  [restartedMain] [o.apache.coyote.http11.Http11NioProtocol] - Starting ProtocolHandler ["http-nio-127.0.0.1-8080"]
2023-11-10 10:39:05.925 INFO  [restartedMain] [o.s.b.w.embedded.tomcat.TomcatWebServer] - Tomcat started on port(s): 8080 (http) with context path ''
2023-11-10 10:39:05.927 INFO  [restartedMain] [c.u.j.c.RefreshScopeRefreshedEventListener] - Refreshing cached encryptable property sources on ServletWebServerInitializedEvent
2023-11-10 10:39:05.927 INFO  [restartedMain] [c.u.j.c.CachingDelegateEncryptablePropertySource] - Property Source systemProperties refreshed
2023-11-10 10:39:05.928 INFO  [restartedMain] [c.u.j.c.CachingDelegateEncryptablePropertySource] - Property Source systemEnvironment refreshed
2023-11-10 10:39:05.928 INFO  [restartedMain] [c.u.j.c.CachingDelegateEncryptablePropertySource] - Property Source random refreshed
2023-11-10 10:39:05.928 INFO  [restartedMain] [c.u.j.c.CachingDelegateEncryptablePropertySource] - Property Source Config resource 'class path resource [application.yml]' via location 'optional:classpath:/' refreshed
2023-11-10 10:39:05.928 INFO  [restartedMain] [c.u.j.c.CachingDelegateEncryptablePropertySource] - Property Source devtools refreshed
2023-11-10 10:39:05.928 INFO  [restartedMain] [c.u.j.EncryptablePropertySourceConverter] - Converting PropertySource server.ports [org.springframework.core.env.MapPropertySource] to EncryptableMapPropertySourceWrapper
2023-11-10 10:39:05.929 INFO  [restartedMain] [c.u.j.EncryptablePropertySourceConverter] - Skipping PropertySource configurationProperties [class org.springframework.boot.context.properties.source.ConfigurationPropertySourcesPropertySource
2023-11-10 10:39:05.929 INFO  [restartedMain] [c.u.j.EncryptablePropertySourceConverter] - Skipping PropertySource servletConfigInitParams [class org.springframework.core.env.PropertySource$StubPropertySource
2023-11-10 10:39:05.929 INFO  [restartedMain] [c.u.j.EncryptablePropertySourceConverter] - Converting PropertySource servletContextInitParams [org.springframework.web.context.support.ServletContextPropertySource] to EncryptableEnumerablePropertySourceWrapper
2023-11-10 10:39:05.929 INFO  [restartedMain] [c.u.j.EncryptablePropertySourceConverter] - Converting PropertySource Management Server [org.springframework.boot.actuate.autoconfigure.web.server.ManagementContextAutoConfiguration$SameManagementContextConfiguration$1] to EncryptablePropertySourceWrapper
2023-11-10 10:39:07.058 INFO  [restartedMain] [c.b.back_bipatv.BackBipaTvApplication] - Started BackBipaTvApplication in 38.805 seconds (JVM running for 41.299)
2023-11-10 10:39:27.125 INFO  [http-nio-127.0.0.1-8080-exec-1] [o.a.c.c.C.[Tomcat].[localhost].[/]] - Initializing Spring DispatcherServlet 'dispatcherServlet'
2023-11-10 10:39:27.125 INFO  [http-nio-127.0.0.1-8080-exec-1] [o.s.web.servlet.DispatcherServlet] - Initializing Servlet 'dispatcherServlet'
2023-11-10 10:39:27.129 INFO  [http-nio-127.0.0.1-8080-exec-1] [o.s.web.servlet.DispatcherServlet] - Completed initialization in 4 ms
2023-11-10 10:39:29.159 INFO  [http-nio-127.0.0.1-8080-exec-1] [c.b.back_bipatv.interceptor.Interceptor] - 사용자: 전하은 호출 url: /video/detail/aee36157-018b-1000-ffff-ce5b556e0000
2023-11-10 10:39:29.289 WARN  [http-nio-127.0.0.1-8080-exec-1] [o.a.m.c.t.i.m.jdbc.AbstractJDBCDataModel] - You are not using ConnectionPoolDataSource. Make sure your DataSource pools connections to the database itself, or database performance will be severely reduced.
2023-11-10 10:39:30.229 INFO  [http-nio-127.0.0.1-8080-exec-1] [c.b.back_bipatv.interceptor.Interceptor] - postHandle response status: 200
2023-11-10 10:39:30.231 INFO  [http-nio-127.0.0.1-8080-exec-1] [c.b.back_bipatv.interceptor.Interceptor] - afterCompletion Response status: 200
2023-11-10 10:40:12.997 INFO  [http-nio-127.0.0.1-8080-exec-2] [c.b.back_bipatv.interceptor.Interceptor] - 사용자: 전하은 호출 url: /video/detail/6962459b-018b-1000-0000-80bf0ddb0000
2023-11-10 10:40:13.041 WARN  [http-nio-127.0.0.1-8080-exec-2] [o.a.m.c.t.i.m.jdbc.AbstractJDBCDataModel] - You are not using ConnectionPoolDataSource. Make sure your DataSource pools connections to the database itself, or database performance will be severely reduced.
2023-11-10 10:40:14.094 INFO  [http-nio-127.0.0.1-8080-exec-2] [c.b.back_bipatv.interceptor.Interceptor] - afterCompletion Response status: 400
2023-11-10 10:40:49.933 INFO  [SpringApplicationShutdownHook] [o.s.o.j.LocalContainerEntityManagerFactoryBean] - Closing JPA EntityManagerFactory for persistence unit 'default'
2023-11-10 10:40:49.943 INFO  [SpringApplicationShutdownHook] [com.zaxxer.hikari.HikariDataSource] - HikariPool-1 - Shutdown initiated...
2023-11-10 10:40:49.973 INFO  [SpringApplicationShutdownHook] [com.zaxxer.hikari.HikariDataSource] - HikariPool-1 - Shutdown completed.
2023-11-10 10:40:58.864 INFO  [restartedMain] [c.b.back_bipatv.BackBipaTvApplication] - Starting BackBipaTvApplication using Java 11.0.19 on DESKTOP-D6RL7LJ with PID 18608 (C:\Users\HE-Jeon\Desktop\Bit\teamProject\api\out\production\classes started by HE-Jeon in C:\Users\HE-Jeon\Desktop\Bit\teamProject\api)
2023-11-10 10:40:58.865 INFO  [background-preinit] [o.h.validator.internal.util.Version] - HV000001: Hibernate Validator 6.2.5.Final
2023-11-10 10:40:58.869 INFO  [restartedMain] [c.b.back_bipatv.BackBipaTvApplication] - No active profile set, falling back to 1 default profile: "default"
2023-11-10 10:40:59.029 INFO  [restartedMain] [o.s.b.d.e.DevToolsPropertyDefaultsPostProcessor] - Devtools property defaults active! Set 'spring.devtools.add-properties' to 'false' to disable
2023-11-10 10:40:59.030 INFO  [restartedMain] [o.s.b.d.e.DevToolsPropertyDefaultsPostProcessor] - For additional web related logging consider setting the 'logging.level.web' property to 'DEBUG'
2023-11-10 10:41:10.922 WARN  [restartedMain] [com.amazonaws.util.EC2MetadataUtils] - Unable to retrieve the requested metadata (/latest/meta-data/instance-id). Failed to connect to service endpoint: 
com.amazonaws.SdkClientException: Failed to connect to service endpoint: 
	at com.amazonaws.internal.EC2ResourceFetcher.doReadResource(EC2ResourceFetcher.java:112)
	at com.amazonaws.internal.EC2ResourceFetcher.doReadResource(EC2ResourceFetcher.java:70)
	at com.amazonaws.internal.InstanceMetadataServiceResourceFetcher.readResource(InstanceMetadataServiceResourceFetcher.java:75)
	at com.amazonaws.internal.EC2ResourceFetcher.readResource(EC2ResourceFetcher.java:66)
	at com.amazonaws.util.EC2MetadataUtils.getItems(EC2MetadataUtils.java:407)
	at com.amazonaws.util.EC2MetadataUtils.getData(EC2MetadataUtils.java:376)
	at org.springframework.cloud.aws.context.support.env.AwsCloudEnvironmentCheckUtils.isRunningOnCloudEnvironment(AwsCloudEnvironmentCheckUtils.java:38)
	at org.springframework.cloud.aws.context.annotation.OnAwsCloudEnvironmentCondition.matches(OnAwsCloudEnvironmentCondition.java:37)
	at org.springframework.context.annotation.ConditionEvaluator.shouldSkip(ConditionEvaluator.java:108)
	at org.springframework.context.annotation.ConfigurationClassParser.processConfigurationClass(ConfigurationClassParser.java:225)
	at org.springframework.context.annotation.ConfigurationClassParser.processImports(ConfigurationClassParser.java:599)
	at org.springframework.context.annotation.ConfigurationClassParser.access$800(ConfigurationClassParser.java:110)
	at org.springframework.context.annotation.ConfigurationClassParser$DeferredImportSelectorGroupingHandler.lambda$processGroupImports$1(ConfigurationClassParser.java:812)
	at java.base/java.util.ArrayList.forEach(ArrayList.java:1541)
	at org.springframework.context.annotation.ConfigurationClassParser$DeferredImportSelectorGroupingHandler.processGroupImports(ConfigurationClassParser.java:809)
	at org.springframework.context.annotation.ConfigurationClassParser$DeferredImportSelectorHandler.process(ConfigurationClassParser.java:780)
	at org.springframework.context.annotation.ConfigurationClassParser.parse(ConfigurationClassParser.java:192)
	at org.springframework.context.annotation.ConfigurationClassPostProcessor.processConfigBeanDefinitions(ConfigurationClassPostProcessor.java:331)
	at org.springframework.context.annotation.ConfigurationClassPostProcessor.postProcessBeanDefinitionRegistry(ConfigurationClassPostProcessor.java:247)
	at org.springframework.context.support.PostProcessorRegistrationDelegate.invokeBeanDefinitionRegistryPostProcessors(PostProcessorRegistrationDelegate.java:311)
	at org.springframework.context.support.PostProcessorRegistrationDelegate.invokeBeanFactoryPostProcessors(PostProcessorRegistrationDelegate.java:112)
	at org.springframework.context.support.AbstractApplicationContext.invokeBeanFactoryPostProcessors(AbstractApplicationContext.java:748)
	at org.springframework.context.support.AbstractApplicationContext.refresh(AbstractApplicationContext.java:564)
	at org.springframework.boot.web.servlet.context.ServletWebServerApplicationContext.refresh(ServletWebServerApplicationContext.java:147)
	at org.springframework.boot.SpringApplication.refresh(SpringApplication.java:731)
	at org.springframework.boot.SpringApplication.refreshContext(SpringApplication.java:408)
	at org.springframework.boot.SpringApplication.run(SpringApplication.java:307)
	at org.springframework.boot.SpringApplication.run(SpringApplication.java:1303)
	at org.springframework.boot.SpringApplication.run(SpringApplication.java:1292)
	at com.bipa4.back_bipatv.BackBipaTvApplication.main(BackBipaTvApplication.java:16)
	at java.base/jdk.internal.reflect.NativeMethodAccessorImpl.invoke0(Native Method)
	at java.base/jdk.internal.reflect.NativeMethodAccessorImpl.invoke(NativeMethodAccessorImpl.java:62)
	at java.base/jdk.internal.reflect.DelegatingMethodAccessorImpl.invoke(DelegatingMethodAccessorImpl.java:43)
	at java.base/java.lang.reflect.Method.invoke(Method.java:566)
	at org.springframework.boot.devtools.restart.RestartLauncher.run(RestartLauncher.java:50)
Caused by: java.net.SocketTimeoutException: connect timed out
	at java.base/java.net.PlainSocketImpl.waitForConnect(Native Method)
	at java.base/java.net.PlainSocketImpl.socketConnect(PlainSocketImpl.java:107)
	at java.base/java.net.AbstractPlainSocketImpl.doConnect(AbstractPlainSocketImpl.java:412)
	at java.base/java.net.AbstractPlainSocketImpl.connectToAddress(AbstractPlainSocketImpl.java:255)
	at java.base/java.net.AbstractPlainSocketImpl.connect(AbstractPlainSocketImpl.java:237)
	at java.base/java.net.Socket.connect(Socket.java:609)
	at java.base/sun.net.NetworkClient.doConnect(NetworkClient.java:177)
	at java.base/sun.net.www.http.HttpClient.openServer(HttpClient.java:507)
	at java.base/sun.net.www.http.HttpClient.openServer(HttpClient.java:602)
	at java.base/sun.net.www.http.HttpClient.<init>(HttpClient.java:275)
	at java.base/sun.net.www.http.HttpClient.New(HttpClient.java:374)
	at java.base/sun.net.www.http.HttpClient.New(HttpClient.java:395)
	at java.base/sun.net.www.protocol.http.HttpURLConnection.getNewHttpClient(HttpURLConnection.java:1253)
	at java.base/sun.net.www.protocol.http.HttpURLConnection.plainConnect0(HttpURLConnection.java:1232)
	at java.base/sun.net.www.protocol.http.HttpURLConnection.plainConnect(HttpURLConnection.java:1081)
	at java.base/sun.net.www.protocol.http.HttpURLConnection.connect(HttpURLConnection.java:1015)
	at com.amazonaws.internal.ConnectionUtils.connectToEndpoint(ConnectionUtils.java:95)
	at com.amazonaws.internal.EC2ResourceFetcher.doReadResource(EC2ResourceFetcher.java:84)
	... 34 common frames omitted
2023-11-10 10:41:12.603 INFO  [restartedMain] [o.s.d.r.c.RepositoryConfigurationDelegate] - Multiple Spring Data modules found, entering strict repository configuration mode
2023-11-10 10:41:12.611 INFO  [restartedMain] [o.s.d.r.c.RepositoryConfigurationDelegate] - Bootstrapping Spring Data JPA repositories in DEFAULT mode.
2023-11-10 10:41:13.719 INFO  [restartedMain] [o.s.d.r.c.RepositoryConfigurationDelegate] - Finished Spring Data repository scanning in 1070 ms. Found 6 JPA repository interfaces.
2023-11-10 10:41:13.782 INFO  [restartedMain] [o.s.d.r.c.RepositoryConfigurationDelegate] - Multiple Spring Data modules found, entering strict repository configuration mode
2023-11-10 10:41:13.794 INFO  [restartedMain] [o.s.d.r.c.RepositoryConfigurationDelegate] - Bootstrapping Spring Data Redis repositories in DEFAULT mode.
2023-11-10 10:41:13.967 INFO  [restartedMain] [o.s.d.r.c.RepositoryConfigurationExtensionSupport] - Spring Data Redis - Could not safely identify store assignment for repository candidate interface com.bipa4.back_bipatv.repository.AccountRepository; If you want this repository to be a Redis repository, consider annotating your entities with one of these annotations: org.springframework.data.redis.core.RedisHash (preferred), or consider extending one of the following types with your repository: org.springframework.data.keyvalue.repository.KeyValueRepository
2023-11-10 10:41:13.968 INFO  [restartedMain] [o.s.d.r.c.RepositoryConfigurationExtensionSupport] - Spring Data Redis - Could not safely identify store assignment for repository candidate interface com.bipa4.back_bipatv.repository.ChannelRepository; If you want this repository to be a Redis repository, consider annotating your entities with one of these annotations: org.springframework.data.redis.core.RedisHash (preferred), or consider extending one of the following types with your repository: org.springframework.data.keyvalue.repository.KeyValueRepository
2023-11-10 10:41:13.974 INFO  [restartedMain] [o.s.d.r.c.RepositoryConfigurationExtensionSupport] - Spring Data Redis - Could not safely identify store assignment for repository candidate interface com.bipa4.back_bipatv.repository.CommentRepository; If you want this repository to be a Redis repository, consider annotating your entities with one of these annotations: org.springframework.data.redis.core.RedisHash (preferred), or consider extending one of the following types with your repository: org.springframework.data.keyvalue.repository.KeyValueRepository
2023-11-10 10:41:13.981 INFO  [restartedMain] [o.s.d.r.c.RepositoryConfigurationExtensionSupport] - Spring Data Redis - Could not safely identify store assignment for repository candidate interface com.bipa4.back_bipatv.repository.LogRepository; If you want this repository to be a Redis repository, consider annotating your entities with one of these annotations: org.springframework.data.redis.core.RedisHash (preferred), or consider extending one of the following types with your repository: org.springframework.data.keyvalue.repository.KeyValueRepository
2023-11-10 10:41:13.991 INFO  [restartedMain] [o.s.d.r.c.RepositoryConfigurationExtensionSupport] - Spring Data Redis - Could not safely identify store assignment for repository candidate interface com.bipa4.back_bipatv.repository.VideoChannelRepository; If you want this repository to be a Redis repository, consider annotating your entities with one of these annotations: org.springframework.data.redis.core.RedisHash (preferred), or consider extending one of the following types with your repository: org.springframework.data.keyvalue.repository.KeyValueRepository
2023-11-10 10:41:13.995 INFO  [restartedMain] [o.s.d.r.c.RepositoryConfigurationExtensionSupport] - Spring Data Redis - Could not safely identify store assignment for repository candidate interface com.bipa4.back_bipatv.repository.VideoRepository; If you want this repository to be a Redis repository, consider annotating your entities with one of these annotations: org.springframework.data.redis.core.RedisHash (preferred), or consider extending one of the following types with your repository: org.springframework.data.keyvalue.repository.KeyValueRepository
2023-11-10 10:41:13.999 INFO  [restartedMain] [o.s.d.r.c.RepositoryConfigurationDelegate] - Finished Spring Data repository scanning in 150 ms. Found 0 Redis repository interfaces.
2023-11-10 10:41:15.544 INFO  [restartedMain] [c.u.j.c.EnableEncryptablePropertiesBeanFactoryPostProcessor] - Post-processing PropertySource instances
2023-11-10 10:41:15.546 INFO  [restartedMain] [c.u.j.EncryptablePropertySourceConverter] - Skipping PropertySource configurationProperties [class org.springframework.boot.context.properties.source.ConfigurationPropertySourcesPropertySource
2023-11-10 10:41:15.551 INFO  [restartedMain] [c.u.j.EncryptablePropertySourceConverter] - Skipping PropertySource servletConfigInitParams [class org.springframework.core.env.PropertySource$StubPropertySource
2023-11-10 10:41:15.551 INFO  [restartedMain] [c.u.j.EncryptablePropertySourceConverter] - Skipping PropertySource servletContextInitParams [class org.springframework.core.env.PropertySource$StubPropertySource
2023-11-10 10:41:15.554 INFO  [restartedMain] [c.u.j.EncryptablePropertySourceConverter] - Converting PropertySource systemProperties [org.springframework.core.env.PropertiesPropertySource] to EncryptableMapPropertySourceWrapper
2023-11-10 10:41:15.556 INFO  [restartedMain] [c.u.j.EncryptablePropertySourceConverter] - Converting PropertySource systemEnvironment [org.springframework.boot.env.SystemEnvironmentPropertySourceEnvironmentPostProcessor$OriginAwareSystemEnvironmentPropertySource] to EncryptableSystemEnvironmentPropertySourceWrapper
2023-11-10 10:41:15.557 INFO  [restartedMain] [c.u.j.EncryptablePropertySourceConverter] - Converting PropertySource random [org.springframework.boot.env.RandomValuePropertySource] to EncryptablePropertySourceWrapper
2023-11-10 10:41:15.557 INFO  [restartedMain] [c.u.j.EncryptablePropertySourceConverter] - Converting PropertySource Config resource 'class path resource [application.yml]' via location 'optional:classpath:/' [org.springframework.boot.env.OriginTrackedMapPropertySource] to EncryptableMapPropertySourceWrapper
2023-11-10 10:41:15.558 INFO  [restartedMain] [c.u.j.EncryptablePropertySourceConverter] - Converting PropertySource devtools [org.springframework.core.env.MapPropertySource] to EncryptableMapPropertySourceWrapper
2023-11-10 10:41:17.409 INFO  [restartedMain] [c.u.j.filter.DefaultLazyPropertyFilter] - Property Filter custom Bean not found with name 'encryptablePropertyFilter'. Initializing Default Property Filter
2023-11-10 10:41:17.433 INFO  [restartedMain] [c.u.j.r.DefaultLazyPropertyResolver] - Property Resolver custom Bean not found with name 'encryptablePropertyResolver'. Initializing Default Property Resolver
2023-11-10 10:41:17.439 INFO  [restartedMain] [c.u.j.d.DefaultLazyPropertyDetector] - Property Detector custom Bean not found with name 'encryptablePropertyDetector'. Initializing Default Property Detector
2023-11-10 10:41:21.155 INFO  [restartedMain] [o.s.b.w.embedded.tomcat.TomcatWebServer] - Tomcat initialized with port(s): 8080 (http)
2023-11-10 10:41:21.191 INFO  [restartedMain] [o.apache.coyote.http11.Http11NioProtocol] - Initializing ProtocolHandler ["http-nio-127.0.0.1-8080"]
2023-11-10 10:41:21.197 INFO  [restartedMain] [org.apache.catalina.core.StandardService] - Starting service [Tomcat]
2023-11-10 10:41:21.197 INFO  [restartedMain] [org.apache.catalina.core.StandardEngine] - Starting Servlet engine: [Apache Tomcat/9.0.79]
2023-11-10 10:41:21.846 INFO  [restartedMain] [o.a.c.c.C.[Tomcat].[localhost].[/]] - Initializing Spring embedded WebApplicationContext
2023-11-10 10:41:21.847 INFO  [restartedMain] [o.s.b.w.s.c.ServletWebServerApplicationContext] - Root WebApplicationContext: initialization completed in 22816 ms
2023-11-10 10:41:23.552 INFO  [restartedMain] [o.hibernate.jpa.internal.util.LogHelper] - HHH000204: Processing PersistenceUnitInfo [name: default]
2023-11-10 10:41:23.801 INFO  [restartedMain] [org.hibernate.Version] - HHH000412: Hibernate ORM core version 5.6.15.Final
2023-11-10 10:41:24.658 INFO  [restartedMain] [org.hibernate.annotations.common.Version] - HCANN000001: Hibernate Commons Annotations {5.1.2.Final}
2023-11-10 10:41:25.182 INFO  [restartedMain] [com.zaxxer.hikari.HikariDataSource] - HikariPool-1 - Starting...
2023-11-10 10:41:26.024 INFO  [restartedMain] [com.zaxxer.hikari.HikariDataSource] - HikariPool-1 - Start completed.
2023-11-10 10:41:26.111 INFO  [restartedMain] [org.hibernate.dialect.Dialect] - HHH000400: Using dialect: org.hibernate.dialect.MySQL5InnoDBDialect
2023-11-10 10:41:30.542 INFO  [restartedMain] [o.h.e.t.j.p.i.JtaPlatformInitiator] - HHH000490: Using JtaPlatform implementation: [org.hibernate.engine.transaction.jta.platform.internal.NoJtaPlatform]
2023-11-10 10:41:30.585 INFO  [restartedMain] [o.s.o.j.LocalContainerEntityManagerFactoryBean] - Initialized JPA EntityManagerFactory for persistence unit 'default'
2023-11-10 10:41:42.109 INFO  [restartedMain] [o.s.b.a.e.web.EndpointLinksResolver] - Exposing 2 endpoint(s) beneath base path '/checking'
2023-11-10 10:41:43.058 INFO  [restartedMain] [o.s.b.d.a.OptionalLiveReloadServer] - LiveReload server is running on port 35729
2023-11-10 10:41:45.490 INFO  [restartedMain] [o.apache.coyote.http11.Http11NioProtocol] - Starting ProtocolHandler ["http-nio-127.0.0.1-8080"]
2023-11-10 10:41:45.538 INFO  [restartedMain] [o.s.b.w.embedded.tomcat.TomcatWebServer] - Tomcat started on port(s): 8080 (http) with context path ''
2023-11-10 10:41:45.540 INFO  [restartedMain] [c.u.j.c.RefreshScopeRefreshedEventListener] - Refreshing cached encryptable property sources on ServletWebServerInitializedEvent
2023-11-10 10:41:45.541 INFO  [restartedMain] [c.u.j.c.CachingDelegateEncryptablePropertySource] - Property Source systemProperties refreshed
2023-11-10 10:41:45.542 INFO  [restartedMain] [c.u.j.c.CachingDelegateEncryptablePropertySource] - Property Source systemEnvironment refreshed
2023-11-10 10:41:45.542 INFO  [restartedMain] [c.u.j.c.CachingDelegateEncryptablePropertySource] - Property Source random refreshed
2023-11-10 10:41:45.542 INFO  [restartedMain] [c.u.j.c.CachingDelegateEncryptablePropertySource] - Property Source Config resource 'class path resource [application.yml]' via location 'optional:classpath:/' refreshed
2023-11-10 10:41:45.543 INFO  [restartedMain] [c.u.j.c.CachingDelegateEncryptablePropertySource] - Property Source devtools refreshed
2023-11-10 10:41:45.543 INFO  [restartedMain] [c.u.j.EncryptablePropertySourceConverter] - Converting PropertySource server.ports [org.springframework.core.env.MapPropertySource] to EncryptableMapPropertySourceWrapper
2023-11-10 10:41:45.543 INFO  [restartedMain] [c.u.j.EncryptablePropertySourceConverter] - Skipping PropertySource configurationProperties [class org.springframework.boot.context.properties.source.ConfigurationPropertySourcesPropertySource
2023-11-10 10:41:45.544 INFO  [restartedMain] [c.u.j.EncryptablePropertySourceConverter] - Skipping PropertySource servletConfigInitParams [class org.springframework.core.env.PropertySource$StubPropertySource
2023-11-10 10:41:45.544 INFO  [restartedMain] [c.u.j.EncryptablePropertySourceConverter] - Converting PropertySource servletContextInitParams [org.springframework.web.context.support.ServletContextPropertySource] to EncryptableEnumerablePropertySourceWrapper
2023-11-10 10:41:45.545 INFO  [restartedMain] [c.u.j.EncryptablePropertySourceConverter] - Converting PropertySource Management Server [org.springframework.boot.actuate.autoconfigure.web.server.ManagementContextAutoConfiguration$SameManagementContextConfiguration$1] to EncryptablePropertySourceWrapper
2023-11-10 10:41:46.915 INFO  [http-nio-127.0.0.1-8080-exec-1] [o.a.c.c.C.[Tomcat].[localhost].[/]] - Initializing Spring DispatcherServlet 'dispatcherServlet'
2023-11-10 10:41:46.916 INFO  [http-nio-127.0.0.1-8080-exec-1] [o.s.web.servlet.DispatcherServlet] - Initializing Servlet 'dispatcherServlet'
2023-11-10 10:41:46.922 INFO  [http-nio-127.0.0.1-8080-exec-1] [o.s.web.servlet.DispatcherServlet] - Completed initialization in 6 ms
2023-11-10 10:41:47.558 INFO  [restartedMain] [c.b.back_bipatv.BackBipaTvApplication] - Started BackBipaTvApplication in 50.663 seconds (JVM running for 53.128)
2023-11-10 10:41:50.100 INFO  [http-nio-127.0.0.1-8080-exec-1] [c.b.back_bipatv.interceptor.Interceptor] - 사용자: 전하은 호출 url: /video/detail/6962459b-018b-1000-0000-80bf0ddb0000
2023-11-10 10:41:50.408 WARN  [http-nio-127.0.0.1-8080-exec-1] [o.a.m.c.t.i.m.jdbc.AbstractJDBCDataModel] - You are not using ConnectionPoolDataSource. Make sure your DataSource pools connections to the database itself, or database performance will be severely reduced.
2023-11-10 10:42:26.076 WARN  [HikariPool-1 housekeeper] [com.zaxxer.hikari.pool.HikariPool] - HikariPool-1 - Thread starvation or clock leap detected (housekeeper delta=59s941ms443µs600ns).
2023-11-10 10:43:43.849 WARN  [HikariPool-1 housekeeper] [com.zaxxer.hikari.pool.HikariPool] - HikariPool-1 - Thread starvation or clock leap detected (housekeeper delta=1m17s772ms984µs600ns).
2023-11-10 10:44:37.710 WARN  [HikariPool-1 housekeeper] [com.zaxxer.hikari.pool.HikariPool] - HikariPool-1 - Thread starvation or clock leap detected (housekeeper delta=53s861ms861µs100ns).
2023-11-10 10:44:37.871 INFO  [http-nio-127.0.0.1-8080-exec-1] [c.b.back_bipatv.interceptor.Interceptor] - afterCompletion Response status: 400
2023-11-10 10:44:38.311 INFO  [SpringApplicationShutdownHook] [o.s.o.j.LocalContainerEntityManagerFactoryBean] - Closing JPA EntityManagerFactory for persistence unit 'default'
2023-11-10 10:44:38.320 INFO  [SpringApplicationShutdownHook] [com.zaxxer.hikari.HikariDataSource] - HikariPool-1 - Shutdown initiated...
2023-11-10 10:44:38.360 INFO  [SpringApplicationShutdownHook] [com.zaxxer.hikari.HikariDataSource] - HikariPool-1 - Shutdown completed.
2023-11-10 10:44:55.872 INFO  [restartedMain] [c.b.back_bipatv.BackBipaTvApplication] - Starting BackBipaTvApplication using Java 11.0.19 on DESKTOP-D6RL7LJ with PID 24116 (C:\Users\HE-Jeon\Desktop\Bit\teamProject\api\out\production\classes started by HE-Jeon in C:\Users\HE-Jeon\Desktop\Bit\teamProject\api)
2023-11-10 10:44:55.877 INFO  [restartedMain] [c.b.back_bipatv.BackBipaTvApplication] - No active profile set, falling back to 1 default profile: "default"
2023-11-10 10:44:55.879 INFO  [background-preinit] [o.h.validator.internal.util.Version] - HV000001: Hibernate Validator 6.2.5.Final
2023-11-10 10:44:56.033 INFO  [restartedMain] [o.s.b.d.e.DevToolsPropertyDefaultsPostProcessor] - Devtools property defaults active! Set 'spring.devtools.add-properties' to 'false' to disable
2023-11-10 10:44:56.034 INFO  [restartedMain] [o.s.b.d.e.DevToolsPropertyDefaultsPostProcessor] - For additional web related logging consider setting the 'logging.level.web' property to 'DEBUG'
2023-11-10 10:45:07.899 WARN  [restartedMain] [com.amazonaws.util.EC2MetadataUtils] - Unable to retrieve the requested metadata (/latest/meta-data/instance-id). Failed to connect to service endpoint: 
com.amazonaws.SdkClientException: Failed to connect to service endpoint: 
	at com.amazonaws.internal.EC2ResourceFetcher.doReadResource(EC2ResourceFetcher.java:112)
	at com.amazonaws.internal.EC2ResourceFetcher.doReadResource(EC2ResourceFetcher.java:70)
	at com.amazonaws.internal.InstanceMetadataServiceResourceFetcher.readResource(InstanceMetadataServiceResourceFetcher.java:75)
	at com.amazonaws.internal.EC2ResourceFetcher.readResource(EC2ResourceFetcher.java:66)
	at com.amazonaws.util.EC2MetadataUtils.getItems(EC2MetadataUtils.java:407)
	at com.amazonaws.util.EC2MetadataUtils.getData(EC2MetadataUtils.java:376)
	at org.springframework.cloud.aws.context.support.env.AwsCloudEnvironmentCheckUtils.isRunningOnCloudEnvironment(AwsCloudEnvironmentCheckUtils.java:38)
	at org.springframework.cloud.aws.context.annotation.OnAwsCloudEnvironmentCondition.matches(OnAwsCloudEnvironmentCondition.java:37)
	at org.springframework.context.annotation.ConditionEvaluator.shouldSkip(ConditionEvaluator.java:108)
	at org.springframework.context.annotation.ConfigurationClassParser.processConfigurationClass(ConfigurationClassParser.java:225)
	at org.springframework.context.annotation.ConfigurationClassParser.processImports(ConfigurationClassParser.java:599)
	at org.springframework.context.annotation.ConfigurationClassParser.access$800(ConfigurationClassParser.java:110)
	at org.springframework.context.annotation.ConfigurationClassParser$DeferredImportSelectorGroupingHandler.lambda$processGroupImports$1(ConfigurationClassParser.java:812)
	at java.base/java.util.ArrayList.forEach(ArrayList.java:1541)
	at org.springframework.context.annotation.ConfigurationClassParser$DeferredImportSelectorGroupingHandler.processGroupImports(ConfigurationClassParser.java:809)
	at org.springframework.context.annotation.ConfigurationClassParser$DeferredImportSelectorHandler.process(ConfigurationClassParser.java:780)
	at org.springframework.context.annotation.ConfigurationClassParser.parse(ConfigurationClassParser.java:192)
	at org.springframework.context.annotation.ConfigurationClassPostProcessor.processConfigBeanDefinitions(ConfigurationClassPostProcessor.java:331)
	at org.springframework.context.annotation.ConfigurationClassPostProcessor.postProcessBeanDefinitionRegistry(ConfigurationClassPostProcessor.java:247)
	at org.springframework.context.support.PostProcessorRegistrationDelegate.invokeBeanDefinitionRegistryPostProcessors(PostProcessorRegistrationDelegate.java:311)
	at org.springframework.context.support.PostProcessorRegistrationDelegate.invokeBeanFactoryPostProcessors(PostProcessorRegistrationDelegate.java:112)
	at org.springframework.context.support.AbstractApplicationContext.invokeBeanFactoryPostProcessors(AbstractApplicationContext.java:748)
	at org.springframework.context.support.AbstractApplicationContext.refresh(AbstractApplicationContext.java:564)
	at org.springframework.boot.web.servlet.context.ServletWebServerApplicationContext.refresh(ServletWebServerApplicationContext.java:147)
	at org.springframework.boot.SpringApplication.refresh(SpringApplication.java:731)
	at org.springframework.boot.SpringApplication.refreshContext(SpringApplication.java:408)
	at org.springframework.boot.SpringApplication.run(SpringApplication.java:307)
	at org.springframework.boot.SpringApplication.run(SpringApplication.java:1303)
	at org.springframework.boot.SpringApplication.run(SpringApplication.java:1292)
	at com.bipa4.back_bipatv.BackBipaTvApplication.main(BackBipaTvApplication.java:16)
	at java.base/jdk.internal.reflect.NativeMethodAccessorImpl.invoke0(Native Method)
	at java.base/jdk.internal.reflect.NativeMethodAccessorImpl.invoke(NativeMethodAccessorImpl.java:62)
	at java.base/jdk.internal.reflect.DelegatingMethodAccessorImpl.invoke(DelegatingMethodAccessorImpl.java:43)
	at java.base/java.lang.reflect.Method.invoke(Method.java:566)
	at org.springframework.boot.devtools.restart.RestartLauncher.run(RestartLauncher.java:50)
Caused by: java.net.SocketTimeoutException: connect timed out
	at java.base/java.net.PlainSocketImpl.waitForConnect(Native Method)
	at java.base/java.net.PlainSocketImpl.socketConnect(PlainSocketImpl.java:107)
	at java.base/java.net.AbstractPlainSocketImpl.doConnect(AbstractPlainSocketImpl.java:412)
	at java.base/java.net.AbstractPlainSocketImpl.connectToAddress(AbstractPlainSocketImpl.java:255)
	at java.base/java.net.AbstractPlainSocketImpl.connect(AbstractPlainSocketImpl.java:237)
	at java.base/java.net.Socket.connect(Socket.java:609)
	at java.base/sun.net.NetworkClient.doConnect(NetworkClient.java:177)
	at java.base/sun.net.www.http.HttpClient.openServer(HttpClient.java:507)
	at java.base/sun.net.www.http.HttpClient.openServer(HttpClient.java:602)
	at java.base/sun.net.www.http.HttpClient.<init>(HttpClient.java:275)
	at java.base/sun.net.www.http.HttpClient.New(HttpClient.java:374)
	at java.base/sun.net.www.http.HttpClient.New(HttpClient.java:395)
	at java.base/sun.net.www.protocol.http.HttpURLConnection.getNewHttpClient(HttpURLConnection.java:1253)
	at java.base/sun.net.www.protocol.http.HttpURLConnection.plainConnect0(HttpURLConnection.java:1232)
	at java.base/sun.net.www.protocol.http.HttpURLConnection.plainConnect(HttpURLConnection.java:1081)
	at java.base/sun.net.www.protocol.http.HttpURLConnection.connect(HttpURLConnection.java:1015)
	at com.amazonaws.internal.ConnectionUtils.connectToEndpoint(ConnectionUtils.java:95)
	at com.amazonaws.internal.EC2ResourceFetcher.doReadResource(EC2ResourceFetcher.java:84)
	... 34 common frames omitted
2023-11-10 10:45:09.663 INFO  [restartedMain] [o.s.d.r.c.RepositoryConfigurationDelegate] - Multiple Spring Data modules found, entering strict repository configuration mode
2023-11-10 10:45:09.673 INFO  [restartedMain] [o.s.d.r.c.RepositoryConfigurationDelegate] - Bootstrapping Spring Data JPA repositories in DEFAULT mode.
2023-11-10 10:45:10.690 INFO  [restartedMain] [o.s.d.r.c.RepositoryConfigurationDelegate] - Finished Spring Data repository scanning in 976 ms. Found 6 JPA repository interfaces.
2023-11-10 10:45:10.729 INFO  [restartedMain] [o.s.d.r.c.RepositoryConfigurationDelegate] - Multiple Spring Data modules found, entering strict repository configuration mode
2023-11-10 10:45:10.733 INFO  [restartedMain] [o.s.d.r.c.RepositoryConfigurationDelegate] - Bootstrapping Spring Data Redis repositories in DEFAULT mode.
2023-11-10 10:45:10.816 INFO  [restartedMain] [o.s.d.r.c.RepositoryConfigurationExtensionSupport] - Spring Data Redis - Could not safely identify store assignment for repository candidate interface com.bipa4.back_bipatv.repository.AccountRepository; If you want this repository to be a Redis repository, consider annotating your entities with one of these annotations: org.springframework.data.redis.core.RedisHash (preferred), or consider extending one of the following types with your repository: org.springframework.data.keyvalue.repository.KeyValueRepository
2023-11-10 10:45:10.817 INFO  [restartedMain] [o.s.d.r.c.RepositoryConfigurationExtensionSupport] - Spring Data Redis - Could not safely identify store assignment for repository candidate interface com.bipa4.back_bipatv.repository.ChannelRepository; If you want this repository to be a Redis repository, consider annotating your entities with one of these annotations: org.springframework.data.redis.core.RedisHash (preferred), or consider extending one of the following types with your repository: org.springframework.data.keyvalue.repository.KeyValueRepository
2023-11-10 10:45:10.818 INFO  [restartedMain] [o.s.d.r.c.RepositoryConfigurationExtensionSupport] - Spring Data Redis - Could not safely identify store assignment for repository candidate interface com.bipa4.back_bipatv.repository.CommentRepository; If you want this repository to be a Redis repository, consider annotating your entities with one of these annotations: org.springframework.data.redis.core.RedisHash (preferred), or consider extending one of the following types with your repository: org.springframework.data.keyvalue.repository.KeyValueRepository
2023-11-10 10:45:10.819 INFO  [restartedMain] [o.s.d.r.c.RepositoryConfigurationExtensionSupport] - Spring Data Redis - Could not safely identify store assignment for repository candidate interface com.bipa4.back_bipatv.repository.LogRepository; If you want this repository to be a Redis repository, consider annotating your entities with one of these annotations: org.springframework.data.redis.core.RedisHash (preferred), or consider extending one of the following types with your repository: org.springframework.data.keyvalue.repository.KeyValueRepository
2023-11-10 10:45:10.822 INFO  [restartedMain] [o.s.d.r.c.RepositoryConfigurationExtensionSupport] - Spring Data Redis - Could not safely identify store assignment for repository candidate interface com.bipa4.back_bipatv.repository.VideoChannelRepository; If you want this repository to be a Redis repository, consider annotating your entities with one of these annotations: org.springframework.data.redis.core.RedisHash (preferred), or consider extending one of the following types with your repository: org.springframework.data.keyvalue.repository.KeyValueRepository
2023-11-10 10:45:10.823 INFO  [restartedMain] [o.s.d.r.c.RepositoryConfigurationExtensionSupport] - Spring Data Redis - Could not safely identify store assignment for repository candidate interface com.bipa4.back_bipatv.repository.VideoRepository; If you want this repository to be a Redis repository, consider annotating your entities with one of these annotations: org.springframework.data.redis.core.RedisHash (preferred), or consider extending one of the following types with your repository: org.springframework.data.keyvalue.repository.KeyValueRepository
2023-11-10 10:45:10.825 INFO  [restartedMain] [o.s.d.r.c.RepositoryConfigurationDelegate] - Finished Spring Data repository scanning in 64 ms. Found 0 Redis repository interfaces.
2023-11-10 10:45:12.355 INFO  [restartedMain] [c.u.j.c.EnableEncryptablePropertiesBeanFactoryPostProcessor] - Post-processing PropertySource instances
2023-11-10 10:45:12.357 INFO  [restartedMain] [c.u.j.EncryptablePropertySourceConverter] - Skipping PropertySource configurationProperties [class org.springframework.boot.context.properties.source.ConfigurationPropertySourcesPropertySource
2023-11-10 10:45:12.363 INFO  [restartedMain] [c.u.j.EncryptablePropertySourceConverter] - Skipping PropertySource servletConfigInitParams [class org.springframework.core.env.PropertySource$StubPropertySource
2023-11-10 10:45:12.363 INFO  [restartedMain] [c.u.j.EncryptablePropertySourceConverter] - Skipping PropertySource servletContextInitParams [class org.springframework.core.env.PropertySource$StubPropertySource
2023-11-10 10:45:12.367 INFO  [restartedMain] [c.u.j.EncryptablePropertySourceConverter] - Converting PropertySource systemProperties [org.springframework.core.env.PropertiesPropertySource] to EncryptableMapPropertySourceWrapper
2023-11-10 10:45:12.368 INFO  [restartedMain] [c.u.j.EncryptablePropertySourceConverter] - Converting PropertySource systemEnvironment [org.springframework.boot.env.SystemEnvironmentPropertySourceEnvironmentPostProcessor$OriginAwareSystemEnvironmentPropertySource] to EncryptableSystemEnvironmentPropertySourceWrapper
2023-11-10 10:45:12.369 INFO  [restartedMain] [c.u.j.EncryptablePropertySourceConverter] - Converting PropertySource random [org.springframework.boot.env.RandomValuePropertySource] to EncryptablePropertySourceWrapper
2023-11-10 10:45:12.369 INFO  [restartedMain] [c.u.j.EncryptablePropertySourceConverter] - Converting PropertySource Config resource 'class path resource [application.yml]' via location 'optional:classpath:/' [org.springframework.boot.env.OriginTrackedMapPropertySource] to EncryptableMapPropertySourceWrapper
2023-11-10 10:45:12.369 INFO  [restartedMain] [c.u.j.EncryptablePropertySourceConverter] - Converting PropertySource devtools [org.springframework.core.env.MapPropertySource] to EncryptableMapPropertySourceWrapper
2023-11-10 10:45:14.275 INFO  [restartedMain] [c.u.j.filter.DefaultLazyPropertyFilter] - Property Filter custom Bean not found with name 'encryptablePropertyFilter'. Initializing Default Property Filter
2023-11-10 10:45:14.321 INFO  [restartedMain] [c.u.j.r.DefaultLazyPropertyResolver] - Property Resolver custom Bean not found with name 'encryptablePropertyResolver'. Initializing Default Property Resolver
2023-11-10 10:45:14.332 INFO  [restartedMain] [c.u.j.d.DefaultLazyPropertyDetector] - Property Detector custom Bean not found with name 'encryptablePropertyDetector'. Initializing Default Property Detector
2023-11-10 10:45:18.069 INFO  [restartedMain] [o.s.b.w.embedded.tomcat.TomcatWebServer] - Tomcat initialized with port(s): 8080 (http)
2023-11-10 10:45:18.109 INFO  [restartedMain] [o.apache.coyote.http11.Http11NioProtocol] - Initializing ProtocolHandler ["http-nio-127.0.0.1-8080"]
2023-11-10 10:45:18.115 INFO  [restartedMain] [org.apache.catalina.core.StandardService] - Starting service [Tomcat]
2023-11-10 10:45:18.116 INFO  [restartedMain] [org.apache.catalina.core.StandardEngine] - Starting Servlet engine: [Apache Tomcat/9.0.79]
2023-11-10 10:45:18.839 INFO  [restartedMain] [o.a.c.c.C.[Tomcat].[localhost].[/]] - Initializing Spring embedded WebApplicationContext
2023-11-10 10:45:18.840 INFO  [restartedMain] [o.s.b.w.s.c.ServletWebServerApplicationContext] - Root WebApplicationContext: initialization completed in 22805 ms
2023-11-10 10:45:20.478 INFO  [restartedMain] [o.hibernate.jpa.internal.util.LogHelper] - HHH000204: Processing PersistenceUnitInfo [name: default]
2023-11-10 10:45:20.789 INFO  [restartedMain] [org.hibernate.Version] - HHH000412: Hibernate ORM core version 5.6.15.Final
2023-11-10 10:45:21.613 INFO  [restartedMain] [org.hibernate.annotations.common.Version] - HCANN000001: Hibernate Commons Annotations {5.1.2.Final}
2023-11-10 10:45:22.251 INFO  [restartedMain] [com.zaxxer.hikari.HikariDataSource] - HikariPool-1 - Starting...
2023-11-10 10:45:23.251 INFO  [restartedMain] [com.zaxxer.hikari.HikariDataSource] - HikariPool-1 - Start completed.
2023-11-10 10:45:23.348 INFO  [restartedMain] [org.hibernate.dialect.Dialect] - HHH000400: Using dialect: org.hibernate.dialect.MySQL5InnoDBDialect
2023-11-10 10:45:27.564 INFO  [restartedMain] [o.h.e.t.j.p.i.JtaPlatformInitiator] - HHH000490: Using JtaPlatform implementation: [org.hibernate.engine.transaction.jta.platform.internal.NoJtaPlatform]
2023-11-10 10:45:27.621 INFO  [restartedMain] [o.s.o.j.LocalContainerEntityManagerFactoryBean] - Initialized JPA EntityManagerFactory for persistence unit 'default'
2023-11-10 10:45:39.016 INFO  [restartedMain] [o.s.b.a.e.web.EndpointLinksResolver] - Exposing 2 endpoint(s) beneath base path '/checking'
2023-11-10 10:45:39.979 INFO  [restartedMain] [o.s.b.d.a.OptionalLiveReloadServer] - LiveReload server is running on port 35729
2023-11-10 10:45:42.390 INFO  [restartedMain] [o.apache.coyote.http11.Http11NioProtocol] - Starting ProtocolHandler ["http-nio-127.0.0.1-8080"]
2023-11-10 10:45:42.438 INFO  [restartedMain] [o.s.b.w.embedded.tomcat.TomcatWebServer] - Tomcat started on port(s): 8080 (http) with context path ''
2023-11-10 10:45:42.440 INFO  [restartedMain] [c.u.j.c.RefreshScopeRefreshedEventListener] - Refreshing cached encryptable property sources on ServletWebServerInitializedEvent
2023-11-10 10:45:42.441 INFO  [restartedMain] [c.u.j.c.CachingDelegateEncryptablePropertySource] - Property Source systemProperties refreshed
2023-11-10 10:45:42.442 INFO  [restartedMain] [c.u.j.c.CachingDelegateEncryptablePropertySource] - Property Source systemEnvironment refreshed
2023-11-10 10:45:42.442 INFO  [restartedMain] [c.u.j.c.CachingDelegateEncryptablePropertySource] - Property Source random refreshed
2023-11-10 10:45:42.442 INFO  [restartedMain] [c.u.j.c.CachingDelegateEncryptablePropertySource] - Property Source Config resource 'class path resource [application.yml]' via location 'optional:classpath:/' refreshed
2023-11-10 10:45:42.443 INFO  [restartedMain] [c.u.j.c.CachingDelegateEncryptablePropertySource] - Property Source devtools refreshed
2023-11-10 10:45:42.443 INFO  [restartedMain] [c.u.j.EncryptablePropertySourceConverter] - Converting PropertySource server.ports [org.springframework.core.env.MapPropertySource] to EncryptableMapPropertySourceWrapper
2023-11-10 10:45:42.443 INFO  [restartedMain] [c.u.j.EncryptablePropertySourceConverter] - Skipping PropertySource configurationProperties [class org.springframework.boot.context.properties.source.ConfigurationPropertySourcesPropertySource
2023-11-10 10:45:42.443 INFO  [restartedMain] [c.u.j.EncryptablePropertySourceConverter] - Skipping PropertySource servletConfigInitParams [class org.springframework.core.env.PropertySource$StubPropertySource
2023-11-10 10:45:42.444 INFO  [restartedMain] [c.u.j.EncryptablePropertySourceConverter] - Converting PropertySource servletContextInitParams [org.springframework.web.context.support.ServletContextPropertySource] to EncryptableEnumerablePropertySourceWrapper
2023-11-10 10:45:42.445 INFO  [restartedMain] [c.u.j.EncryptablePropertySourceConverter] - Converting PropertySource Management Server [org.springframework.boot.actuate.autoconfigure.web.server.ManagementContextAutoConfiguration$SameManagementContextConfiguration$1] to EncryptablePropertySourceWrapper
2023-11-10 10:45:44.301 INFO  [restartedMain] [c.b.back_bipatv.BackBipaTvApplication] - Started BackBipaTvApplication in 50.389 seconds (JVM running for 53.046)
2023-11-10 10:45:49.711 INFO  [http-nio-127.0.0.1-8080-exec-1] [o.a.c.c.C.[Tomcat].[localhost].[/]] - Initializing Spring DispatcherServlet 'dispatcherServlet'
2023-11-10 10:45:49.711 INFO  [http-nio-127.0.0.1-8080-exec-1] [o.s.web.servlet.DispatcherServlet] - Initializing Servlet 'dispatcherServlet'
2023-11-10 10:45:49.715 INFO  [http-nio-127.0.0.1-8080-exec-1] [o.s.web.servlet.DispatcherServlet] - Completed initialization in 3 ms
2023-11-10 10:45:52.646 INFO  [http-nio-127.0.0.1-8080-exec-1] [c.b.back_bipatv.interceptor.Interceptor] - 사용자: 전하은 호출 url: /video/detail/6962459b-018b-1000-0000-80bf0ddb0000
2023-11-10 10:45:52.913 WARN  [http-nio-127.0.0.1-8080-exec-1] [o.a.m.c.t.i.m.jdbc.AbstractJDBCDataModel] - You are not using ConnectionPoolDataSource. Make sure your DataSource pools connections to the database itself, or database performance will be severely reduced.
2023-11-10 10:48:46.838 WARN  [HikariPool-1 housekeeper] [com.zaxxer.hikari.pool.HikariPool] - HikariPool-1 - Thread starvation or clock leap detected (housekeeper delta=2m53s460ms270µs).
2023-11-10 10:51:47.213 WARN  [HikariPool-1 housekeeper] [com.zaxxer.hikari.pool.HikariPool] - HikariPool-1 - Thread starvation or clock leap detected (housekeeper delta=3m375ms870µs700ns).
2023-11-10 10:53:19.558 WARN  [HikariPool-1 housekeeper] [com.zaxxer.hikari.pool.HikariPool] - HikariPool-1 - Thread starvation or clock leap detected (housekeeper delta=1m717ms273µs300ns).
2023-11-10 10:53:29.432 INFO  [http-nio-127.0.0.1-8080-exec-3] [c.b.back_bipatv.interceptor.Interceptor] - 사용자: 전하은 호출 url: /video/detail/6962459b-018b-1000-0000-80bf0ddb0000
2023-11-10 10:53:29.434 INFO  [http-nio-127.0.0.1-8080-exec-2] [c.b.back_bipatv.interceptor.Interceptor] - 사용자: 전하은 호출 url: /video/detail/6962459b-018b-1000-0000-80bf0ddb0000
2023-11-10 10:53:29.498 WARN  [http-nio-127.0.0.1-8080-exec-2] [o.a.m.c.t.i.m.jdbc.AbstractJDBCDataModel] - You are not using ConnectionPoolDataSource. Make sure your DataSource pools connections to the database itself, or database performance will be severely reduced.
2023-11-10 10:53:29.498 WARN  [http-nio-127.0.0.1-8080-exec-3] [o.a.m.c.t.i.m.jdbc.AbstractJDBCDataModel] - You are not using ConnectionPoolDataSource. Make sure your DataSource pools connections to the database itself, or database performance will be severely reduced.
2023-11-10 10:53:29.697 INFO  [http-nio-127.0.0.1-8080-exec-1] [c.b.back_bipatv.interceptor.Interceptor] - afterCompletion Response status: 400
2023-11-10 10:53:30.834 INFO  [http-nio-127.0.0.1-8080-exec-2] [c.b.back_bipatv.interceptor.Interceptor] - afterCompletion Response status: 400
2023-11-10 10:53:30.887 INFO  [http-nio-127.0.0.1-8080-exec-3] [c.b.back_bipatv.interceptor.Interceptor] - afterCompletion Response status: 400
2023-11-10 10:53:31.311 INFO  [SpringApplicationShutdownHook] [o.s.o.j.LocalContainerEntityManagerFactoryBean] - Closing JPA EntityManagerFactory for persistence unit 'default'
2023-11-10 10:53:31.323 INFO  [SpringApplicationShutdownHook] [com.zaxxer.hikari.HikariDataSource] - HikariPool-1 - Shutdown initiated...
2023-11-10 10:53:31.481 INFO  [SpringApplicationShutdownHook] [com.zaxxer.hikari.HikariDataSource] - HikariPool-1 - Shutdown completed.
2023-11-10 10:53:42.477 INFO  [restartedMain] [c.b.back_bipatv.BackBipaTvApplication] - Starting BackBipaTvApplication using Java 11.0.19 on DESKTOP-D6RL7LJ with PID 5688 (C:\Users\HE-Jeon\Desktop\Bit\teamProject\api\out\production\classes started by HE-Jeon in C:\Users\HE-Jeon\Desktop\Bit\teamProject\api)
2023-11-10 10:53:42.482 INFO  [restartedMain] [c.b.back_bipatv.BackBipaTvApplication] - No active profile set, falling back to 1 default profile: "default"
2023-11-10 10:53:42.487 INFO  [background-preinit] [o.h.validator.internal.util.Version] - HV000001: Hibernate Validator 6.2.5.Final
2023-11-10 10:53:42.688 INFO  [restartedMain] [o.s.b.d.e.DevToolsPropertyDefaultsPostProcessor] - Devtools property defaults active! Set 'spring.devtools.add-properties' to 'false' to disable
2023-11-10 10:53:42.689 INFO  [restartedMain] [o.s.b.d.e.DevToolsPropertyDefaultsPostProcessor] - For additional web related logging consider setting the 'logging.level.web' property to 'DEBUG'
2023-11-10 10:53:54.232 WARN  [restartedMain] [com.amazonaws.util.EC2MetadataUtils] - Unable to retrieve the requested metadata (/latest/meta-data/instance-id). Failed to connect to service endpoint: 
com.amazonaws.SdkClientException: Failed to connect to service endpoint: 
	at com.amazonaws.internal.EC2ResourceFetcher.doReadResource(EC2ResourceFetcher.java:112)
	at com.amazonaws.internal.EC2ResourceFetcher.doReadResource(EC2ResourceFetcher.java:70)
	at com.amazonaws.internal.InstanceMetadataServiceResourceFetcher.readResource(InstanceMetadataServiceResourceFetcher.java:75)
	at com.amazonaws.internal.EC2ResourceFetcher.readResource(EC2ResourceFetcher.java:66)
	at com.amazonaws.util.EC2MetadataUtils.getItems(EC2MetadataUtils.java:407)
	at com.amazonaws.util.EC2MetadataUtils.getData(EC2MetadataUtils.java:376)
	at org.springframework.cloud.aws.context.support.env.AwsCloudEnvironmentCheckUtils.isRunningOnCloudEnvironment(AwsCloudEnvironmentCheckUtils.java:38)
	at org.springframework.cloud.aws.context.annotation.OnAwsCloudEnvironmentCondition.matches(OnAwsCloudEnvironmentCondition.java:37)
	at org.springframework.context.annotation.ConditionEvaluator.shouldSkip(ConditionEvaluator.java:108)
	at org.springframework.context.annotation.ConfigurationClassParser.processConfigurationClass(ConfigurationClassParser.java:225)
	at org.springframework.context.annotation.ConfigurationClassParser.processImports(ConfigurationClassParser.java:599)
	at org.springframework.context.annotation.ConfigurationClassParser.access$800(ConfigurationClassParser.java:110)
	at org.springframework.context.annotation.ConfigurationClassParser$DeferredImportSelectorGroupingHandler.lambda$processGroupImports$1(ConfigurationClassParser.java:812)
	at java.base/java.util.ArrayList.forEach(ArrayList.java:1541)
	at org.springframework.context.annotation.ConfigurationClassParser$DeferredImportSelectorGroupingHandler.processGroupImports(ConfigurationClassParser.java:809)
	at org.springframework.context.annotation.ConfigurationClassParser$DeferredImportSelectorHandler.process(ConfigurationClassParser.java:780)
	at org.springframework.context.annotation.ConfigurationClassParser.parse(ConfigurationClassParser.java:192)
	at org.springframework.context.annotation.ConfigurationClassPostProcessor.processConfigBeanDefinitions(ConfigurationClassPostProcessor.java:331)
	at org.springframework.context.annotation.ConfigurationClassPostProcessor.postProcessBeanDefinitionRegistry(ConfigurationClassPostProcessor.java:247)
	at org.springframework.context.support.PostProcessorRegistrationDelegate.invokeBeanDefinitionRegistryPostProcessors(PostProcessorRegistrationDelegate.java:311)
	at org.springframework.context.support.PostProcessorRegistrationDelegate.invokeBeanFactoryPostProcessors(PostProcessorRegistrationDelegate.java:112)
	at org.springframework.context.support.AbstractApplicationContext.invokeBeanFactoryPostProcessors(AbstractApplicationContext.java:748)
	at org.springframework.context.support.AbstractApplicationContext.refresh(AbstractApplicationContext.java:564)
	at org.springframework.boot.web.servlet.context.ServletWebServerApplicationContext.refresh(ServletWebServerApplicationContext.java:147)
	at org.springframework.boot.SpringApplication.refresh(SpringApplication.java:731)
	at org.springframework.boot.SpringApplication.refreshContext(SpringApplication.java:408)
	at org.springframework.boot.SpringApplication.run(SpringApplication.java:307)
	at org.springframework.boot.SpringApplication.run(SpringApplication.java:1303)
	at org.springframework.boot.SpringApplication.run(SpringApplication.java:1292)
	at com.bipa4.back_bipatv.BackBipaTvApplication.main(BackBipaTvApplication.java:16)
	at java.base/jdk.internal.reflect.NativeMethodAccessorImpl.invoke0(Native Method)
	at java.base/jdk.internal.reflect.NativeMethodAccessorImpl.invoke(NativeMethodAccessorImpl.java:62)
	at java.base/jdk.internal.reflect.DelegatingMethodAccessorImpl.invoke(DelegatingMethodAccessorImpl.java:43)
	at java.base/java.lang.reflect.Method.invoke(Method.java:566)
	at org.springframework.boot.devtools.restart.RestartLauncher.run(RestartLauncher.java:50)
Caused by: java.net.SocketTimeoutException: connect timed out
	at java.base/java.net.PlainSocketImpl.waitForConnect(Native Method)
	at java.base/java.net.PlainSocketImpl.socketConnect(PlainSocketImpl.java:107)
	at java.base/java.net.AbstractPlainSocketImpl.doConnect(AbstractPlainSocketImpl.java:412)
	at java.base/java.net.AbstractPlainSocketImpl.connectToAddress(AbstractPlainSocketImpl.java:255)
	at java.base/java.net.AbstractPlainSocketImpl.connect(AbstractPlainSocketImpl.java:237)
	at java.base/java.net.Socket.connect(Socket.java:609)
	at java.base/sun.net.NetworkClient.doConnect(NetworkClient.java:177)
	at java.base/sun.net.www.http.HttpClient.openServer(HttpClient.java:507)
	at java.base/sun.net.www.http.HttpClient.openServer(HttpClient.java:602)
	at java.base/sun.net.www.http.HttpClient.<init>(HttpClient.java:275)
	at java.base/sun.net.www.http.HttpClient.New(HttpClient.java:374)
	at java.base/sun.net.www.http.HttpClient.New(HttpClient.java:395)
	at java.base/sun.net.www.protocol.http.HttpURLConnection.getNewHttpClient(HttpURLConnection.java:1253)
	at java.base/sun.net.www.protocol.http.HttpURLConnection.plainConnect0(HttpURLConnection.java:1232)
	at java.base/sun.net.www.protocol.http.HttpURLConnection.plainConnect(HttpURLConnection.java:1081)
	at java.base/sun.net.www.protocol.http.HttpURLConnection.connect(HttpURLConnection.java:1015)
	at com.amazonaws.internal.ConnectionUtils.connectToEndpoint(ConnectionUtils.java:95)
	at com.amazonaws.internal.EC2ResourceFetcher.doReadResource(EC2ResourceFetcher.java:84)
	... 34 common frames omitted
2023-11-10 10:53:55.487 INFO  [restartedMain] [o.s.d.r.c.RepositoryConfigurationDelegate] - Multiple Spring Data modules found, entering strict repository configuration mode
2023-11-10 10:53:55.495 INFO  [restartedMain] [o.s.d.r.c.RepositoryConfigurationDelegate] - Bootstrapping Spring Data JPA repositories in DEFAULT mode.
2023-11-10 10:53:56.195 INFO  [restartedMain] [o.s.d.r.c.RepositoryConfigurationDelegate] - Finished Spring Data repository scanning in 665 ms. Found 6 JPA repository interfaces.
2023-11-10 10:53:56.229 INFO  [restartedMain] [o.s.d.r.c.RepositoryConfigurationDelegate] - Multiple Spring Data modules found, entering strict repository configuration mode
2023-11-10 10:53:56.232 INFO  [restartedMain] [o.s.d.r.c.RepositoryConfigurationDelegate] - Bootstrapping Spring Data Redis repositories in DEFAULT mode.
2023-11-10 10:53:56.295 INFO  [restartedMain] [o.s.d.r.c.RepositoryConfigurationExtensionSupport] - Spring Data Redis - Could not safely identify store assignment for repository candidate interface com.bipa4.back_bipatv.repository.AccountRepository; If you want this repository to be a Redis repository, consider annotating your entities with one of these annotations: org.springframework.data.redis.core.RedisHash (preferred), or consider extending one of the following types with your repository: org.springframework.data.keyvalue.repository.KeyValueRepository
2023-11-10 10:53:56.297 INFO  [restartedMain] [o.s.d.r.c.RepositoryConfigurationExtensionSupport] - Spring Data Redis - Could not safely identify store assignment for repository candidate interface com.bipa4.back_bipatv.repository.ChannelRepository; If you want this repository to be a Redis repository, consider annotating your entities with one of these annotations: org.springframework.data.redis.core.RedisHash (preferred), or consider extending one of the following types with your repository: org.springframework.data.keyvalue.repository.KeyValueRepository
2023-11-10 10:53:56.298 INFO  [restartedMain] [o.s.d.r.c.RepositoryConfigurationExtensionSupport] - Spring Data Redis - Could not safely identify store assignment for repository candidate interface com.bipa4.back_bipatv.repository.CommentRepository; If you want this repository to be a Redis repository, consider annotating your entities with one of these annotations: org.springframework.data.redis.core.RedisHash (preferred), or consider extending one of the following types with your repository: org.springframework.data.keyvalue.repository.KeyValueRepository
2023-11-10 10:53:56.299 INFO  [restartedMain] [o.s.d.r.c.RepositoryConfigurationExtensionSupport] - Spring Data Redis - Could not safely identify store assignment for repository candidate interface com.bipa4.back_bipatv.repository.LogRepository; If you want this repository to be a Redis repository, consider annotating your entities with one of these annotations: org.springframework.data.redis.core.RedisHash (preferred), or consider extending one of the following types with your repository: org.springframework.data.keyvalue.repository.KeyValueRepository
2023-11-10 10:53:56.302 INFO  [restartedMain] [o.s.d.r.c.RepositoryConfigurationExtensionSupport] - Spring Data Redis - Could not safely identify store assignment for repository candidate interface com.bipa4.back_bipatv.repository.VideoChannelRepository; If you want this repository to be a Redis repository, consider annotating your entities with one of these annotations: org.springframework.data.redis.core.RedisHash (preferred), or consider extending one of the following types with your repository: org.springframework.data.keyvalue.repository.KeyValueRepository
2023-11-10 10:53:56.303 INFO  [restartedMain] [o.s.d.r.c.RepositoryConfigurationExtensionSupport] - Spring Data Redis - Could not safely identify store assignment for repository candidate interface com.bipa4.back_bipatv.repository.VideoRepository; If you want this repository to be a Redis repository, consider annotating your entities with one of these annotations: org.springframework.data.redis.core.RedisHash (preferred), or consider extending one of the following types with your repository: org.springframework.data.keyvalue.repository.KeyValueRepository
2023-11-10 10:53:56.304 INFO  [restartedMain] [o.s.d.r.c.RepositoryConfigurationDelegate] - Finished Spring Data repository scanning in 53 ms. Found 0 Redis repository interfaces.
2023-11-10 10:53:57.213 INFO  [restartedMain] [c.u.j.c.EnableEncryptablePropertiesBeanFactoryPostProcessor] - Post-processing PropertySource instances
2023-11-10 10:53:57.215 INFO  [restartedMain] [c.u.j.EncryptablePropertySourceConverter] - Skipping PropertySource configurationProperties [class org.springframework.boot.context.properties.source.ConfigurationPropertySourcesPropertySource
2023-11-10 10:53:57.217 INFO  [restartedMain] [c.u.j.EncryptablePropertySourceConverter] - Skipping PropertySource servletConfigInitParams [class org.springframework.core.env.PropertySource$StubPropertySource
2023-11-10 10:53:57.218 INFO  [restartedMain] [c.u.j.EncryptablePropertySourceConverter] - Skipping PropertySource servletContextInitParams [class org.springframework.core.env.PropertySource$StubPropertySource
2023-11-10 10:53:57.219 INFO  [restartedMain] [c.u.j.EncryptablePropertySourceConverter] - Converting PropertySource systemProperties [org.springframework.core.env.PropertiesPropertySource] to EncryptableMapPropertySourceWrapper
2023-11-10 10:53:57.220 INFO  [restartedMain] [c.u.j.EncryptablePropertySourceConverter] - Converting PropertySource systemEnvironment [org.springframework.boot.env.SystemEnvironmentPropertySourceEnvironmentPostProcessor$OriginAwareSystemEnvironmentPropertySource] to EncryptableSystemEnvironmentPropertySourceWrapper
2023-11-10 10:53:57.220 INFO  [restartedMain] [c.u.j.EncryptablePropertySourceConverter] - Converting PropertySource random [org.springframework.boot.env.RandomValuePropertySource] to EncryptablePropertySourceWrapper
2023-11-10 10:53:57.220 INFO  [restartedMain] [c.u.j.EncryptablePropertySourceConverter] - Converting PropertySource Config resource 'class path resource [application.yml]' via location 'optional:classpath:/' [org.springframework.boot.env.OriginTrackedMapPropertySource] to EncryptableMapPropertySourceWrapper
2023-11-10 10:53:57.221 INFO  [restartedMain] [c.u.j.EncryptablePropertySourceConverter] - Converting PropertySource devtools [org.springframework.core.env.MapPropertySource] to EncryptableMapPropertySourceWrapper
2023-11-10 10:53:58.307 INFO  [restartedMain] [c.u.j.filter.DefaultLazyPropertyFilter] - Property Filter custom Bean not found with name 'encryptablePropertyFilter'. Initializing Default Property Filter
2023-11-10 10:53:58.324 INFO  [restartedMain] [c.u.j.r.DefaultLazyPropertyResolver] - Property Resolver custom Bean not found with name 'encryptablePropertyResolver'. Initializing Default Property Resolver
2023-11-10 10:53:58.328 INFO  [restartedMain] [c.u.j.d.DefaultLazyPropertyDetector] - Property Detector custom Bean not found with name 'encryptablePropertyDetector'. Initializing Default Property Detector
2023-11-10 10:54:01.303 INFO  [restartedMain] [o.s.b.w.embedded.tomcat.TomcatWebServer] - Tomcat initialized with port(s): 8080 (http)
2023-11-10 10:54:01.334 INFO  [restartedMain] [o.apache.coyote.http11.Http11NioProtocol] - Initializing ProtocolHandler ["http-nio-127.0.0.1-8080"]
2023-11-10 10:54:01.338 INFO  [restartedMain] [org.apache.catalina.core.StandardService] - Starting service [Tomcat]
2023-11-10 10:54:01.338 INFO  [restartedMain] [org.apache.catalina.core.StandardEngine] - Starting Servlet engine: [Apache Tomcat/9.0.79]
2023-11-10 10:54:01.789 INFO  [restartedMain] [o.a.c.c.C.[Tomcat].[localhost].[/]] - Initializing Spring embedded WebApplicationContext
2023-11-10 10:54:01.790 INFO  [restartedMain] [o.s.b.w.s.c.ServletWebServerApplicationContext] - Root WebApplicationContext: initialization completed in 19099 ms
2023-11-10 10:54:02.737 INFO  [restartedMain] [o.hibernate.jpa.internal.util.LogHelper] - HHH000204: Processing PersistenceUnitInfo [name: default]
2023-11-10 10:54:02.998 INFO  [restartedMain] [org.hibernate.Version] - HHH000412: Hibernate ORM core version 5.6.15.Final
2023-11-10 10:54:03.527 INFO  [restartedMain] [org.hibernate.annotations.common.Version] - HCANN000001: Hibernate Commons Annotations {5.1.2.Final}
2023-11-10 10:54:03.855 INFO  [restartedMain] [com.zaxxer.hikari.HikariDataSource] - HikariPool-1 - Starting...
2023-11-10 10:54:04.582 INFO  [restartedMain] [com.zaxxer.hikari.HikariDataSource] - HikariPool-1 - Start completed.
2023-11-10 10:54:04.670 INFO  [restartedMain] [org.hibernate.dialect.Dialect] - HHH000400: Using dialect: org.hibernate.dialect.MySQL5InnoDBDialect
2023-11-10 10:54:08.160 INFO  [restartedMain] [o.h.e.t.j.p.i.JtaPlatformInitiator] - HHH000490: Using JtaPlatform implementation: [org.hibernate.engine.transaction.jta.platform.internal.NoJtaPlatform]
2023-11-10 10:54:08.218 INFO  [restartedMain] [o.s.o.j.LocalContainerEntityManagerFactoryBean] - Initialized JPA EntityManagerFactory for persistence unit 'default'
2023-11-10 10:54:15.324 INFO  [restartedMain] [o.s.b.a.e.web.EndpointLinksResolver] - Exposing 2 endpoint(s) beneath base path '/checking'
2023-11-10 10:54:15.849 INFO  [restartedMain] [o.s.b.d.a.OptionalLiveReloadServer] - LiveReload server is running on port 35729
2023-11-10 10:54:17.220 INFO  [restartedMain] [o.apache.coyote.http11.Http11NioProtocol] - Starting ProtocolHandler ["http-nio-127.0.0.1-8080"]
2023-11-10 10:54:17.247 INFO  [restartedMain] [o.s.b.w.embedded.tomcat.TomcatWebServer] - Tomcat started on port(s): 8080 (http) with context path ''
2023-11-10 10:54:17.248 INFO  [restartedMain] [c.u.j.c.RefreshScopeRefreshedEventListener] - Refreshing cached encryptable property sources on ServletWebServerInitializedEvent
2023-11-10 10:54:17.249 INFO  [restartedMain] [c.u.j.c.CachingDelegateEncryptablePropertySource] - Property Source systemProperties refreshed
2023-11-10 10:54:17.249 INFO  [restartedMain] [c.u.j.c.CachingDelegateEncryptablePropertySource] - Property Source systemEnvironment refreshed
2023-11-10 10:54:17.249 INFO  [restartedMain] [c.u.j.c.CachingDelegateEncryptablePropertySource] - Property Source random refreshed
2023-11-10 10:54:17.249 INFO  [restartedMain] [c.u.j.c.CachingDelegateEncryptablePropertySource] - Property Source Config resource 'class path resource [application.yml]' via location 'optional:classpath:/' refreshed
2023-11-10 10:54:17.249 INFO  [restartedMain] [c.u.j.c.CachingDelegateEncryptablePropertySource] - Property Source devtools refreshed
2023-11-10 10:54:17.249 INFO  [restartedMain] [c.u.j.EncryptablePropertySourceConverter] - Converting PropertySource server.ports [org.springframework.core.env.MapPropertySource] to EncryptableMapPropertySourceWrapper
2023-11-10 10:54:17.249 INFO  [restartedMain] [c.u.j.EncryptablePropertySourceConverter] - Skipping PropertySource configurationProperties [class org.springframework.boot.context.properties.source.ConfigurationPropertySourcesPropertySource
2023-11-10 10:54:17.249 INFO  [restartedMain] [c.u.j.EncryptablePropertySourceConverter] - Skipping PropertySource servletConfigInitParams [class org.springframework.core.env.PropertySource$StubPropertySource
2023-11-10 10:54:17.250 INFO  [restartedMain] [c.u.j.EncryptablePropertySourceConverter] - Converting PropertySource servletContextInitParams [org.springframework.web.context.support.ServletContextPropertySource] to EncryptableEnumerablePropertySourceWrapper
2023-11-10 10:54:17.250 INFO  [restartedMain] [c.u.j.EncryptablePropertySourceConverter] - Converting PropertySource Management Server [org.springframework.boot.actuate.autoconfigure.web.server.ManagementContextAutoConfiguration$SameManagementContextConfiguration$1] to EncryptablePropertySourceWrapper
2023-11-10 10:54:18.306 INFO  [restartedMain] [c.b.back_bipatv.BackBipaTvApplication] - Started BackBipaTvApplication in 37.487 seconds (JVM running for 40.894)
2023-11-10 11:00:15.074 INFO  [http-nio-127.0.0.1-8080-exec-1] [o.a.c.c.C.[Tomcat].[localhost].[/]] - Initializing Spring DispatcherServlet 'dispatcherServlet'
2023-11-10 11:00:15.075 INFO  [http-nio-127.0.0.1-8080-exec-1] [o.s.web.servlet.DispatcherServlet] - Initializing Servlet 'dispatcherServlet'
2023-11-10 11:00:15.080 INFO  [http-nio-127.0.0.1-8080-exec-1] [o.s.web.servlet.DispatcherServlet] - Completed initialization in 4 ms
2023-11-10 11:00:17.988 INFO  [http-nio-127.0.0.1-8080-exec-1] [c.b.back_bipatv.interceptor.Interceptor] - 사용자: 전하은 호출 url: /video/detail/6962459b-018b-1000-0000-80bf0ddb0000
2023-11-10 11:00:18.140 WARN  [http-nio-127.0.0.1-8080-exec-1] [o.a.m.c.t.i.m.jdbc.AbstractJDBCDataModel] - You are not using ConnectionPoolDataSource. Make sure your DataSource pools connections to the database itself, or database performance will be severely reduced.
2023-11-10 11:00:19.934 INFO  [http-nio-127.0.0.1-8080-exec-1] [c.b.back_bipatv.interceptor.Interceptor] - afterCompletion Response status: 400
2023-11-10 11:01:11.978 INFO  [SpringApplicationShutdownHook] [o.s.o.j.LocalContainerEntityManagerFactoryBean] - Closing JPA EntityManagerFactory for persistence unit 'default'
2023-11-10 11:01:11.988 INFO  [SpringApplicationShutdownHook] [com.zaxxer.hikari.HikariDataSource] - HikariPool-1 - Shutdown initiated...
2023-11-10 11:01:12.007 INFO  [SpringApplicationShutdownHook] [com.zaxxer.hikari.HikariDataSource] - HikariPool-1 - Shutdown completed.
2023-11-10 11:01:21.168 INFO  [background-preinit] [o.h.validator.internal.util.Version] - HV000001: Hibernate Validator 6.2.5.Final
2023-11-10 11:01:21.172 INFO  [restartedMain] [c.b.back_bipatv.BackBipaTvApplication] - Starting BackBipaTvApplication using Java 11.0.19 on DESKTOP-D6RL7LJ with PID 8104 (C:\Users\HE-Jeon\Desktop\Bit\teamProject\api\out\production\classes started by HE-Jeon in C:\Users\HE-Jeon\Desktop\Bit\teamProject\api)
2023-11-10 11:01:21.176 INFO  [restartedMain] [c.b.back_bipatv.BackBipaTvApplication] - No active profile set, falling back to 1 default profile: "default"
2023-11-10 11:01:21.307 INFO  [restartedMain] [o.s.b.d.e.DevToolsPropertyDefaultsPostProcessor] - Devtools property defaults active! Set 'spring.devtools.add-properties' to 'false' to disable
2023-11-10 11:01:21.307 INFO  [restartedMain] [o.s.b.d.e.DevToolsPropertyDefaultsPostProcessor] - For additional web related logging consider setting the 'logging.level.web' property to 'DEBUG'
2023-11-10 11:01:33.170 WARN  [restartedMain] [com.amazonaws.util.EC2MetadataUtils] - Unable to retrieve the requested metadata (/latest/meta-data/instance-id). Failed to connect to service endpoint: 
com.amazonaws.SdkClientException: Failed to connect to service endpoint: 
	at com.amazonaws.internal.EC2ResourceFetcher.doReadResource(EC2ResourceFetcher.java:112)
	at com.amazonaws.internal.EC2ResourceFetcher.doReadResource(EC2ResourceFetcher.java:70)
	at com.amazonaws.internal.InstanceMetadataServiceResourceFetcher.readResource(InstanceMetadataServiceResourceFetcher.java:75)
	at com.amazonaws.internal.EC2ResourceFetcher.readResource(EC2ResourceFetcher.java:66)
	at com.amazonaws.util.EC2MetadataUtils.getItems(EC2MetadataUtils.java:407)
	at com.amazonaws.util.EC2MetadataUtils.getData(EC2MetadataUtils.java:376)
	at org.springframework.cloud.aws.context.support.env.AwsCloudEnvironmentCheckUtils.isRunningOnCloudEnvironment(AwsCloudEnvironmentCheckUtils.java:38)
	at org.springframework.cloud.aws.context.annotation.OnAwsCloudEnvironmentCondition.matches(OnAwsCloudEnvironmentCondition.java:37)
	at org.springframework.context.annotation.ConditionEvaluator.shouldSkip(ConditionEvaluator.java:108)
	at org.springframework.context.annotation.ConfigurationClassParser.processConfigurationClass(ConfigurationClassParser.java:225)
	at org.springframework.context.annotation.ConfigurationClassParser.processImports(ConfigurationClassParser.java:599)
	at org.springframework.context.annotation.ConfigurationClassParser.access$800(ConfigurationClassParser.java:110)
	at org.springframework.context.annotation.ConfigurationClassParser$DeferredImportSelectorGroupingHandler.lambda$processGroupImports$1(ConfigurationClassParser.java:812)
	at java.base/java.util.ArrayList.forEach(ArrayList.java:1541)
	at org.springframework.context.annotation.ConfigurationClassParser$DeferredImportSelectorGroupingHandler.processGroupImports(ConfigurationClassParser.java:809)
	at org.springframework.context.annotation.ConfigurationClassParser$DeferredImportSelectorHandler.process(ConfigurationClassParser.java:780)
	at org.springframework.context.annotation.ConfigurationClassParser.parse(ConfigurationClassParser.java:192)
	at org.springframework.context.annotation.ConfigurationClassPostProcessor.processConfigBeanDefinitions(ConfigurationClassPostProcessor.java:331)
	at org.springframework.context.annotation.ConfigurationClassPostProcessor.postProcessBeanDefinitionRegistry(ConfigurationClassPostProcessor.java:247)
	at org.springframework.context.support.PostProcessorRegistrationDelegate.invokeBeanDefinitionRegistryPostProcessors(PostProcessorRegistrationDelegate.java:311)
	at org.springframework.context.support.PostProcessorRegistrationDelegate.invokeBeanFactoryPostProcessors(PostProcessorRegistrationDelegate.java:112)
	at org.springframework.context.support.AbstractApplicationContext.invokeBeanFactoryPostProcessors(AbstractApplicationContext.java:748)
	at org.springframework.context.support.AbstractApplicationContext.refresh(AbstractApplicationContext.java:564)
	at org.springframework.boot.web.servlet.context.ServletWebServerApplicationContext.refresh(ServletWebServerApplicationContext.java:147)
	at org.springframework.boot.SpringApplication.refresh(SpringApplication.java:731)
	at org.springframework.boot.SpringApplication.refreshContext(SpringApplication.java:408)
	at org.springframework.boot.SpringApplication.run(SpringApplication.java:307)
	at org.springframework.boot.SpringApplication.run(SpringApplication.java:1303)
	at org.springframework.boot.SpringApplication.run(SpringApplication.java:1292)
	at com.bipa4.back_bipatv.BackBipaTvApplication.main(BackBipaTvApplication.java:16)
	at java.base/jdk.internal.reflect.NativeMethodAccessorImpl.invoke0(Native Method)
	at java.base/jdk.internal.reflect.NativeMethodAccessorImpl.invoke(NativeMethodAccessorImpl.java:62)
	at java.base/jdk.internal.reflect.DelegatingMethodAccessorImpl.invoke(DelegatingMethodAccessorImpl.java:43)
	at java.base/java.lang.reflect.Method.invoke(Method.java:566)
	at org.springframework.boot.devtools.restart.RestartLauncher.run(RestartLauncher.java:50)
Caused by: java.net.SocketTimeoutException: connect timed out
	at java.base/java.net.PlainSocketImpl.waitForConnect(Native Method)
	at java.base/java.net.PlainSocketImpl.socketConnect(PlainSocketImpl.java:107)
	at java.base/java.net.AbstractPlainSocketImpl.doConnect(AbstractPlainSocketImpl.java:412)
	at java.base/java.net.AbstractPlainSocketImpl.connectToAddress(AbstractPlainSocketImpl.java:255)
	at java.base/java.net.AbstractPlainSocketImpl.connect(AbstractPlainSocketImpl.java:237)
	at java.base/java.net.Socket.connect(Socket.java:609)
	at java.base/sun.net.NetworkClient.doConnect(NetworkClient.java:177)
	at java.base/sun.net.www.http.HttpClient.openServer(HttpClient.java:507)
	at java.base/sun.net.www.http.HttpClient.openServer(HttpClient.java:602)
	at java.base/sun.net.www.http.HttpClient.<init>(HttpClient.java:275)
	at java.base/sun.net.www.http.HttpClient.New(HttpClient.java:374)
	at java.base/sun.net.www.http.HttpClient.New(HttpClient.java:395)
	at java.base/sun.net.www.protocol.http.HttpURLConnection.getNewHttpClient(HttpURLConnection.java:1253)
	at java.base/sun.net.www.protocol.http.HttpURLConnection.plainConnect0(HttpURLConnection.java:1232)
	at java.base/sun.net.www.protocol.http.HttpURLConnection.plainConnect(HttpURLConnection.java:1081)
	at java.base/sun.net.www.protocol.http.HttpURLConnection.connect(HttpURLConnection.java:1015)
	at com.amazonaws.internal.ConnectionUtils.connectToEndpoint(ConnectionUtils.java:95)
	at com.amazonaws.internal.EC2ResourceFetcher.doReadResource(EC2ResourceFetcher.java:84)
	... 34 common frames omitted
2023-11-10 11:01:34.664 INFO  [restartedMain] [o.s.d.r.c.RepositoryConfigurationDelegate] - Multiple Spring Data modules found, entering strict repository configuration mode
2023-11-10 11:01:34.671 INFO  [restartedMain] [o.s.d.r.c.RepositoryConfigurationDelegate] - Bootstrapping Spring Data JPA repositories in DEFAULT mode.
2023-11-10 11:01:35.929 INFO  [restartedMain] [o.s.d.r.c.RepositoryConfigurationDelegate] - Finished Spring Data repository scanning in 1221 ms. Found 6 JPA repository interfaces.
2023-11-10 11:01:35.987 INFO  [restartedMain] [o.s.d.r.c.RepositoryConfigurationDelegate] - Multiple Spring Data modules found, entering strict repository configuration mode
2023-11-10 11:01:35.992 INFO  [restartedMain] [o.s.d.r.c.RepositoryConfigurationDelegate] - Bootstrapping Spring Data Redis repositories in DEFAULT mode.
2023-11-10 11:01:36.096 INFO  [restartedMain] [o.s.d.r.c.RepositoryConfigurationExtensionSupport] - Spring Data Redis - Could not safely identify store assignment for repository candidate interface com.bipa4.back_bipatv.repository.AccountRepository; If you want this repository to be a Redis repository, consider annotating your entities with one of these annotations: org.springframework.data.redis.core.RedisHash (preferred), or consider extending one of the following types with your repository: org.springframework.data.keyvalue.repository.KeyValueRepository
2023-11-10 11:01:36.098 INFO  [restartedMain] [o.s.d.r.c.RepositoryConfigurationExtensionSupport] - Spring Data Redis - Could not safely identify store assignment for repository candidate interface com.bipa4.back_bipatv.repository.ChannelRepository; If you want this repository to be a Redis repository, consider annotating your entities with one of these annotations: org.springframework.data.redis.core.RedisHash (preferred), or consider extending one of the following types with your repository: org.springframework.data.keyvalue.repository.KeyValueRepository
2023-11-10 11:01:36.099 INFO  [restartedMain] [o.s.d.r.c.RepositoryConfigurationExtensionSupport] - Spring Data Redis - Could not safely identify store assignment for repository candidate interface com.bipa4.back_bipatv.repository.CommentRepository; If you want this repository to be a Redis repository, consider annotating your entities with one of these annotations: org.springframework.data.redis.core.RedisHash (preferred), or consider extending one of the following types with your repository: org.springframework.data.keyvalue.repository.KeyValueRepository
2023-11-10 11:01:36.100 INFO  [restartedMain] [o.s.d.r.c.RepositoryConfigurationExtensionSupport] - Spring Data Redis - Could not safely identify store assignment for repository candidate interface com.bipa4.back_bipatv.repository.LogRepository; If you want this repository to be a Redis repository, consider annotating your entities with one of these annotations: org.springframework.data.redis.core.RedisHash (preferred), or consider extending one of the following types with your repository: org.springframework.data.keyvalue.repository.KeyValueRepository
2023-11-10 11:01:36.103 INFO  [restartedMain] [o.s.d.r.c.RepositoryConfigurationExtensionSupport] - Spring Data Redis - Could not safely identify store assignment for repository candidate interface com.bipa4.back_bipatv.repository.VideoChannelRepository; If you want this repository to be a Redis repository, consider annotating your entities with one of these annotations: org.springframework.data.redis.core.RedisHash (preferred), or consider extending one of the following types with your repository: org.springframework.data.keyvalue.repository.KeyValueRepository
2023-11-10 11:01:36.105 INFO  [restartedMain] [o.s.d.r.c.RepositoryConfigurationExtensionSupport] - Spring Data Redis - Could not safely identify store assignment for repository candidate interface com.bipa4.back_bipatv.repository.VideoRepository; If you want this repository to be a Redis repository, consider annotating your entities with one of these annotations: org.springframework.data.redis.core.RedisHash (preferred), or consider extending one of the following types with your repository: org.springframework.data.keyvalue.repository.KeyValueRepository
2023-11-10 11:01:36.105 INFO  [restartedMain] [o.s.d.r.c.RepositoryConfigurationDelegate] - Finished Spring Data repository scanning in 84 ms. Found 0 Redis repository interfaces.
2023-11-10 11:01:37.549 INFO  [restartedMain] [c.u.j.c.EnableEncryptablePropertiesBeanFactoryPostProcessor] - Post-processing PropertySource instances
2023-11-10 11:01:37.551 INFO  [restartedMain] [c.u.j.EncryptablePropertySourceConverter] - Skipping PropertySource configurationProperties [class org.springframework.boot.context.properties.source.ConfigurationPropertySourcesPropertySource
2023-11-10 11:01:37.555 INFO  [restartedMain] [c.u.j.EncryptablePropertySourceConverter] - Skipping PropertySource servletConfigInitParams [class org.springframework.core.env.PropertySource$StubPropertySource
2023-11-10 11:01:37.556 INFO  [restartedMain] [c.u.j.EncryptablePropertySourceConverter] - Skipping PropertySource servletContextInitParams [class org.springframework.core.env.PropertySource$StubPropertySource
2023-11-10 11:01:37.559 INFO  [restartedMain] [c.u.j.EncryptablePropertySourceConverter] - Converting PropertySource systemProperties [org.springframework.core.env.PropertiesPropertySource] to EncryptableMapPropertySourceWrapper
2023-11-10 11:01:37.560 INFO  [restartedMain] [c.u.j.EncryptablePropertySourceConverter] - Converting PropertySource systemEnvironment [org.springframework.boot.env.SystemEnvironmentPropertySourceEnvironmentPostProcessor$OriginAwareSystemEnvironmentPropertySource] to EncryptableSystemEnvironmentPropertySourceWrapper
2023-11-10 11:01:37.560 INFO  [restartedMain] [c.u.j.EncryptablePropertySourceConverter] - Converting PropertySource random [org.springframework.boot.env.RandomValuePropertySource] to EncryptablePropertySourceWrapper
2023-11-10 11:01:37.561 INFO  [restartedMain] [c.u.j.EncryptablePropertySourceConverter] - Converting PropertySource Config resource 'class path resource [application.yml]' via location 'optional:classpath:/' [org.springframework.boot.env.OriginTrackedMapPropertySource] to EncryptableMapPropertySourceWrapper
2023-11-10 11:01:37.561 INFO  [restartedMain] [c.u.j.EncryptablePropertySourceConverter] - Converting PropertySource devtools [org.springframework.core.env.MapPropertySource] to EncryptableMapPropertySourceWrapper
2023-11-10 11:01:39.355 INFO  [restartedMain] [c.u.j.filter.DefaultLazyPropertyFilter] - Property Filter custom Bean not found with name 'encryptablePropertyFilter'. Initializing Default Property Filter
2023-11-10 11:01:39.401 INFO  [restartedMain] [c.u.j.r.DefaultLazyPropertyResolver] - Property Resolver custom Bean not found with name 'encryptablePropertyResolver'. Initializing Default Property Resolver
2023-11-10 11:01:39.412 INFO  [restartedMain] [c.u.j.d.DefaultLazyPropertyDetector] - Property Detector custom Bean not found with name 'encryptablePropertyDetector'. Initializing Default Property Detector
2023-11-10 11:01:42.902 INFO  [restartedMain] [o.s.b.w.embedded.tomcat.TomcatWebServer] - Tomcat initialized with port(s): 8080 (http)
2023-11-10 11:01:42.939 INFO  [restartedMain] [o.apache.coyote.http11.Http11NioProtocol] - Initializing ProtocolHandler ["http-nio-127.0.0.1-8080"]
2023-11-10 11:01:42.945 INFO  [restartedMain] [org.apache.catalina.core.StandardService] - Starting service [Tomcat]
2023-11-10 11:01:42.946 INFO  [restartedMain] [org.apache.catalina.core.StandardEngine] - Starting Servlet engine: [Apache Tomcat/9.0.79]
2023-11-10 11:01:43.682 INFO  [restartedMain] [o.a.c.c.C.[Tomcat].[localhost].[/]] - Initializing Spring embedded WebApplicationContext
2023-11-10 11:01:43.682 INFO  [restartedMain] [o.s.b.w.s.c.ServletWebServerApplicationContext] - Root WebApplicationContext: initialization completed in 22372 ms
2023-11-10 11:01:45.008 INFO  [restartedMain] [o.hibernate.jpa.internal.util.LogHelper] - HHH000204: Processing PersistenceUnitInfo [name: default]
2023-11-10 11:01:45.326 INFO  [restartedMain] [org.hibernate.Version] - HHH000412: Hibernate ORM core version 5.6.15.Final
2023-11-10 11:01:46.163 INFO  [restartedMain] [org.hibernate.annotations.common.Version] - HCANN000001: Hibernate Commons Annotations {5.1.2.Final}
2023-11-10 11:01:46.673 INFO  [restartedMain] [com.zaxxer.hikari.HikariDataSource] - HikariPool-1 - Starting...
2023-11-10 11:01:47.706 INFO  [restartedMain] [com.zaxxer.hikari.HikariDataSource] - HikariPool-1 - Start completed.
2023-11-10 11:01:47.773 INFO  [restartedMain] [org.hibernate.dialect.Dialect] - HHH000400: Using dialect: org.hibernate.dialect.MySQL5InnoDBDialect
2023-11-10 11:01:51.924 INFO  [restartedMain] [o.h.e.t.j.p.i.JtaPlatformInitiator] - HHH000490: Using JtaPlatform implementation: [org.hibernate.engine.transaction.jta.platform.internal.NoJtaPlatform]
2023-11-10 11:01:51.950 INFO  [restartedMain] [o.s.o.j.LocalContainerEntityManagerFactoryBean] - Initialized JPA EntityManagerFactory for persistence unit 'default'
2023-11-10 11:02:02.051 INFO  [restartedMain] [o.s.b.a.e.web.EndpointLinksResolver] - Exposing 2 endpoint(s) beneath base path '/checking'
2023-11-10 11:02:02.769 INFO  [restartedMain] [o.s.b.d.a.OptionalLiveReloadServer] - LiveReload server is running on port 35729
2023-11-10 11:02:04.853 INFO  [restartedMain] [o.apache.coyote.http11.Http11NioProtocol] - Starting ProtocolHandler ["http-nio-127.0.0.1-8080"]
2023-11-10 11:02:04.897 INFO  [restartedMain] [o.s.b.w.embedded.tomcat.TomcatWebServer] - Tomcat started on port(s): 8080 (http) with context path ''
2023-11-10 11:02:04.899 INFO  [restartedMain] [c.u.j.c.RefreshScopeRefreshedEventListener] - Refreshing cached encryptable property sources on ServletWebServerInitializedEvent
2023-11-10 11:02:04.900 INFO  [restartedMain] [c.u.j.c.CachingDelegateEncryptablePropertySource] - Property Source systemProperties refreshed
2023-11-10 11:02:04.901 INFO  [restartedMain] [c.u.j.c.CachingDelegateEncryptablePropertySource] - Property Source systemEnvironment refreshed
2023-11-10 11:02:04.901 INFO  [restartedMain] [c.u.j.c.CachingDelegateEncryptablePropertySource] - Property Source random refreshed
2023-11-10 11:02:04.901 INFO  [restartedMain] [c.u.j.c.CachingDelegateEncryptablePropertySource] - Property Source Config resource 'class path resource [application.yml]' via location 'optional:classpath:/' refreshed
2023-11-10 11:02:04.901 INFO  [restartedMain] [c.u.j.c.CachingDelegateEncryptablePropertySource] - Property Source devtools refreshed
2023-11-10 11:02:04.902 INFO  [restartedMain] [c.u.j.EncryptablePropertySourceConverter] - Converting PropertySource server.ports [org.springframework.core.env.MapPropertySource] to EncryptableMapPropertySourceWrapper
2023-11-10 11:02:04.902 INFO  [restartedMain] [c.u.j.EncryptablePropertySourceConverter] - Skipping PropertySource configurationProperties [class org.springframework.boot.context.properties.source.ConfigurationPropertySourcesPropertySource
2023-11-10 11:02:04.902 INFO  [restartedMain] [c.u.j.EncryptablePropertySourceConverter] - Skipping PropertySource servletConfigInitParams [class org.springframework.core.env.PropertySource$StubPropertySource
2023-11-10 11:02:04.902 INFO  [restartedMain] [c.u.j.EncryptablePropertySourceConverter] - Converting PropertySource servletContextInitParams [org.springframework.web.context.support.ServletContextPropertySource] to EncryptableEnumerablePropertySourceWrapper
2023-11-10 11:02:04.903 INFO  [restartedMain] [c.u.j.EncryptablePropertySourceConverter] - Converting PropertySource Management Server [org.springframework.boot.actuate.autoconfigure.web.server.ManagementContextAutoConfiguration$SameManagementContextConfiguration$1] to EncryptablePropertySourceWrapper
2023-11-10 11:02:06.674 INFO  [restartedMain] [c.b.back_bipatv.BackBipaTvApplication] - Started BackBipaTvApplication in 47.329 seconds (JVM running for 49.747)
2023-11-10 11:02:07.662 INFO  [http-nio-127.0.0.1-8080-exec-1] [o.a.c.c.C.[Tomcat].[localhost].[/]] - Initializing Spring DispatcherServlet 'dispatcherServlet'
2023-11-10 11:02:07.663 INFO  [http-nio-127.0.0.1-8080-exec-1] [o.s.web.servlet.DispatcherServlet] - Initializing Servlet 'dispatcherServlet'
2023-11-10 11:02:07.670 INFO  [http-nio-127.0.0.1-8080-exec-1] [o.s.web.servlet.DispatcherServlet] - Completed initialization in 6 ms
2023-11-10 11:02:10.664 INFO  [http-nio-127.0.0.1-8080-exec-1] [c.b.back_bipatv.interceptor.Interceptor] - 사용자: 전하은 호출 url: /video/detail/6962459b-018b-1000-0000-80bf0ddb0000
2023-11-10 11:02:10.926 WARN  [http-nio-127.0.0.1-8080-exec-1] [o.a.m.c.t.i.m.jdbc.AbstractJDBCDataModel] - You are not using ConnectionPoolDataSource. Make sure your DataSource pools connections to the database itself, or database performance will be severely reduced.
2023-11-10 11:02:13.458 INFO  [http-nio-127.0.0.1-8080-exec-1] [c.b.back_bipatv.interceptor.Interceptor] - afterCompletion Response status: 400
2023-11-10 11:02:20.081 INFO  [SpringApplicationShutdownHook] [o.s.o.j.LocalContainerEntityManagerFactoryBean] - Closing JPA EntityManagerFactory for persistence unit 'default'
2023-11-10 11:02:20.097 INFO  [SpringApplicationShutdownHook] [com.zaxxer.hikari.HikariDataSource] - HikariPool-1 - Shutdown initiated...
2023-11-10 11:02:20.146 INFO  [SpringApplicationShutdownHook] [com.zaxxer.hikari.HikariDataSource] - HikariPool-1 - Shutdown completed.
2023-11-10 11:02:29.982 INFO  [background-preinit] [o.h.validator.internal.util.Version] - HV000001: Hibernate Validator 6.2.5.Final
2023-11-10 11:02:29.991 INFO  [restartedMain] [c.b.back_bipatv.BackBipaTvApplication] - Starting BackBipaTvApplication using Java 11.0.19 on DESKTOP-D6RL7LJ with PID 23652 (C:\Users\HE-Jeon\Desktop\Bit\teamProject\api\out\production\classes started by HE-Jeon in C:\Users\HE-Jeon\Desktop\Bit\teamProject\api)
2023-11-10 11:02:29.997 INFO  [restartedMain] [c.b.back_bipatv.BackBipaTvApplication] - No active profile set, falling back to 1 default profile: "default"
2023-11-10 11:02:30.244 INFO  [restartedMain] [o.s.b.d.e.DevToolsPropertyDefaultsPostProcessor] - Devtools property defaults active! Set 'spring.devtools.add-properties' to 'false' to disable
2023-11-10 11:02:30.246 INFO  [restartedMain] [o.s.b.d.e.DevToolsPropertyDefaultsPostProcessor] - For additional web related logging consider setting the 'logging.level.web' property to 'DEBUG'
2023-11-10 11:02:42.384 WARN  [restartedMain] [com.amazonaws.util.EC2MetadataUtils] - Unable to retrieve the requested metadata (/latest/meta-data/instance-id). Failed to connect to service endpoint: 
com.amazonaws.SdkClientException: Failed to connect to service endpoint: 
	at com.amazonaws.internal.EC2ResourceFetcher.doReadResource(EC2ResourceFetcher.java:112)
	at com.amazonaws.internal.EC2ResourceFetcher.doReadResource(EC2ResourceFetcher.java:70)
	at com.amazonaws.internal.InstanceMetadataServiceResourceFetcher.readResource(InstanceMetadataServiceResourceFetcher.java:75)
	at com.amazonaws.internal.EC2ResourceFetcher.readResource(EC2ResourceFetcher.java:66)
	at com.amazonaws.util.EC2MetadataUtils.getItems(EC2MetadataUtils.java:407)
	at com.amazonaws.util.EC2MetadataUtils.getData(EC2MetadataUtils.java:376)
	at org.springframework.cloud.aws.context.support.env.AwsCloudEnvironmentCheckUtils.isRunningOnCloudEnvironment(AwsCloudEnvironmentCheckUtils.java:38)
	at org.springframework.cloud.aws.context.annotation.OnAwsCloudEnvironmentCondition.matches(OnAwsCloudEnvironmentCondition.java:37)
	at org.springframework.context.annotation.ConditionEvaluator.shouldSkip(ConditionEvaluator.java:108)
	at org.springframework.context.annotation.ConfigurationClassParser.processConfigurationClass(ConfigurationClassParser.java:225)
	at org.springframework.context.annotation.ConfigurationClassParser.processImports(ConfigurationClassParser.java:599)
	at org.springframework.context.annotation.ConfigurationClassParser.access$800(ConfigurationClassParser.java:110)
	at org.springframework.context.annotation.ConfigurationClassParser$DeferredImportSelectorGroupingHandler.lambda$processGroupImports$1(ConfigurationClassParser.java:812)
	at java.base/java.util.ArrayList.forEach(ArrayList.java:1541)
	at org.springframework.context.annotation.ConfigurationClassParser$DeferredImportSelectorGroupingHandler.processGroupImports(ConfigurationClassParser.java:809)
	at org.springframework.context.annotation.ConfigurationClassParser$DeferredImportSelectorHandler.process(ConfigurationClassParser.java:780)
	at org.springframework.context.annotation.ConfigurationClassParser.parse(ConfigurationClassParser.java:192)
	at org.springframework.context.annotation.ConfigurationClassPostProcessor.processConfigBeanDefinitions(ConfigurationClassPostProcessor.java:331)
	at org.springframework.context.annotation.ConfigurationClassPostProcessor.postProcessBeanDefinitionRegistry(ConfigurationClassPostProcessor.java:247)
	at org.springframework.context.support.PostProcessorRegistrationDelegate.invokeBeanDefinitionRegistryPostProcessors(PostProcessorRegistrationDelegate.java:311)
	at org.springframework.context.support.PostProcessorRegistrationDelegate.invokeBeanFactoryPostProcessors(PostProcessorRegistrationDelegate.java:112)
	at org.springframework.context.support.AbstractApplicationContext.invokeBeanFactoryPostProcessors(AbstractApplicationContext.java:748)
	at org.springframework.context.support.AbstractApplicationContext.refresh(AbstractApplicationContext.java:564)
	at org.springframework.boot.web.servlet.context.ServletWebServerApplicationContext.refresh(ServletWebServerApplicationContext.java:147)
	at org.springframework.boot.SpringApplication.refresh(SpringApplication.java:731)
	at org.springframework.boot.SpringApplication.refreshContext(SpringApplication.java:408)
	at org.springframework.boot.SpringApplication.run(SpringApplication.java:307)
	at org.springframework.boot.SpringApplication.run(SpringApplication.java:1303)
	at org.springframework.boot.SpringApplication.run(SpringApplication.java:1292)
	at com.bipa4.back_bipatv.BackBipaTvApplication.main(BackBipaTvApplication.java:16)
	at java.base/jdk.internal.reflect.NativeMethodAccessorImpl.invoke0(Native Method)
	at java.base/jdk.internal.reflect.NativeMethodAccessorImpl.invoke(NativeMethodAccessorImpl.java:62)
	at java.base/jdk.internal.reflect.DelegatingMethodAccessorImpl.invoke(DelegatingMethodAccessorImpl.java:43)
	at java.base/java.lang.reflect.Method.invoke(Method.java:566)
	at org.springframework.boot.devtools.restart.RestartLauncher.run(RestartLauncher.java:50)
Caused by: java.net.SocketTimeoutException: connect timed out
	at java.base/java.net.PlainSocketImpl.waitForConnect(Native Method)
	at java.base/java.net.PlainSocketImpl.socketConnect(PlainSocketImpl.java:107)
	at java.base/java.net.AbstractPlainSocketImpl.doConnect(AbstractPlainSocketImpl.java:412)
	at java.base/java.net.AbstractPlainSocketImpl.connectToAddress(AbstractPlainSocketImpl.java:255)
	at java.base/java.net.AbstractPlainSocketImpl.connect(AbstractPlainSocketImpl.java:237)
	at java.base/java.net.Socket.connect(Socket.java:609)
	at java.base/sun.net.NetworkClient.doConnect(NetworkClient.java:177)
	at java.base/sun.net.www.http.HttpClient.openServer(HttpClient.java:507)
	at java.base/sun.net.www.http.HttpClient.openServer(HttpClient.java:602)
	at java.base/sun.net.www.http.HttpClient.<init>(HttpClient.java:275)
	at java.base/sun.net.www.http.HttpClient.New(HttpClient.java:374)
	at java.base/sun.net.www.http.HttpClient.New(HttpClient.java:395)
	at java.base/sun.net.www.protocol.http.HttpURLConnection.getNewHttpClient(HttpURLConnection.java:1253)
	at java.base/sun.net.www.protocol.http.HttpURLConnection.plainConnect0(HttpURLConnection.java:1232)
	at java.base/sun.net.www.protocol.http.HttpURLConnection.plainConnect(HttpURLConnection.java:1081)
	at java.base/sun.net.www.protocol.http.HttpURLConnection.connect(HttpURLConnection.java:1015)
	at com.amazonaws.internal.ConnectionUtils.connectToEndpoint(ConnectionUtils.java:95)
	at com.amazonaws.internal.EC2ResourceFetcher.doReadResource(EC2ResourceFetcher.java:84)
	... 34 common frames omitted
2023-11-10 11:02:44.166 INFO  [restartedMain] [o.s.d.r.c.RepositoryConfigurationDelegate] - Multiple Spring Data modules found, entering strict repository configuration mode
2023-11-10 11:02:44.179 INFO  [restartedMain] [o.s.d.r.c.RepositoryConfigurationDelegate] - Bootstrapping Spring Data JPA repositories in DEFAULT mode.
2023-11-10 11:02:45.265 INFO  [restartedMain] [o.s.d.r.c.RepositoryConfigurationDelegate] - Finished Spring Data repository scanning in 1038 ms. Found 6 JPA repository interfaces.
2023-11-10 11:02:45.323 INFO  [restartedMain] [o.s.d.r.c.RepositoryConfigurationDelegate] - Multiple Spring Data modules found, entering strict repository configuration mode
2023-11-10 11:02:45.327 INFO  [restartedMain] [o.s.d.r.c.RepositoryConfigurationDelegate] - Bootstrapping Spring Data Redis repositories in DEFAULT mode.
2023-11-10 11:02:45.437 INFO  [restartedMain] [o.s.d.r.c.RepositoryConfigurationExtensionSupport] - Spring Data Redis - Could not safely identify store assignment for repository candidate interface com.bipa4.back_bipatv.repository.AccountRepository; If you want this repository to be a Redis repository, consider annotating your entities with one of these annotations: org.springframework.data.redis.core.RedisHash (preferred), or consider extending one of the following types with your repository: org.springframework.data.keyvalue.repository.KeyValueRepository
2023-11-10 11:02:45.439 INFO  [restartedMain] [o.s.d.r.c.RepositoryConfigurationExtensionSupport] - Spring Data Redis - Could not safely identify store assignment for repository candidate interface com.bipa4.back_bipatv.repository.ChannelRepository; If you want this repository to be a Redis repository, consider annotating your entities with one of these annotations: org.springframework.data.redis.core.RedisHash (preferred), or consider extending one of the following types with your repository: org.springframework.data.keyvalue.repository.KeyValueRepository
2023-11-10 11:02:45.440 INFO  [restartedMain] [o.s.d.r.c.RepositoryConfigurationExtensionSupport] - Spring Data Redis - Could not safely identify store assignment for repository candidate interface com.bipa4.back_bipatv.repository.CommentRepository; If you want this repository to be a Redis repository, consider annotating your entities with one of these annotations: org.springframework.data.redis.core.RedisHash (preferred), or consider extending one of the following types with your repository: org.springframework.data.keyvalue.repository.KeyValueRepository
2023-11-10 11:02:45.441 INFO  [restartedMain] [o.s.d.r.c.RepositoryConfigurationExtensionSupport] - Spring Data Redis - Could not safely identify store assignment for repository candidate interface com.bipa4.back_bipatv.repository.LogRepository; If you want this repository to be a Redis repository, consider annotating your entities with one of these annotations: org.springframework.data.redis.core.RedisHash (preferred), or consider extending one of the following types with your repository: org.springframework.data.keyvalue.repository.KeyValueRepository
2023-11-10 11:02:45.445 INFO  [restartedMain] [o.s.d.r.c.RepositoryConfigurationExtensionSupport] - Spring Data Redis - Could not safely identify store assignment for repository candidate interface com.bipa4.back_bipatv.repository.VideoChannelRepository; If you want this repository to be a Redis repository, consider annotating your entities with one of these annotations: org.springframework.data.redis.core.RedisHash (preferred), or consider extending one of the following types with your repository: org.springframework.data.keyvalue.repository.KeyValueRepository
2023-11-10 11:02:45.446 INFO  [restartedMain] [o.s.d.r.c.RepositoryConfigurationExtensionSupport] - Spring Data Redis - Could not safely identify store assignment for repository candidate interface com.bipa4.back_bipatv.repository.VideoRepository; If you want this repository to be a Redis repository, consider annotating your entities with one of these annotations: org.springframework.data.redis.core.RedisHash (preferred), or consider extending one of the following types with your repository: org.springframework.data.keyvalue.repository.KeyValueRepository
2023-11-10 11:02:45.447 INFO  [restartedMain] [o.s.d.r.c.RepositoryConfigurationDelegate] - Finished Spring Data repository scanning in 89 ms. Found 0 Redis repository interfaces.
2023-11-10 11:02:46.967 INFO  [restartedMain] [c.u.j.c.EnableEncryptablePropertiesBeanFactoryPostProcessor] - Post-processing PropertySource instances
2023-11-10 11:02:46.970 INFO  [restartedMain] [c.u.j.EncryptablePropertySourceConverter] - Skipping PropertySource configurationProperties [class org.springframework.boot.context.properties.source.ConfigurationPropertySourcesPropertySource
2023-11-10 11:02:46.977 INFO  [restartedMain] [c.u.j.EncryptablePropertySourceConverter] - Skipping PropertySource servletConfigInitParams [class org.springframework.core.env.PropertySource$StubPropertySource
2023-11-10 11:02:46.978 INFO  [restartedMain] [c.u.j.EncryptablePropertySourceConverter] - Skipping PropertySource servletContextInitParams [class org.springframework.core.env.PropertySource$StubPropertySource
2023-11-10 11:02:46.981 INFO  [restartedMain] [c.u.j.EncryptablePropertySourceConverter] - Converting PropertySource systemProperties [org.springframework.core.env.PropertiesPropertySource] to EncryptableMapPropertySourceWrapper
2023-11-10 11:02:46.982 INFO  [restartedMain] [c.u.j.EncryptablePropertySourceConverter] - Converting PropertySource systemEnvironment [org.springframework.boot.env.SystemEnvironmentPropertySourceEnvironmentPostProcessor$OriginAwareSystemEnvironmentPropertySource] to EncryptableSystemEnvironmentPropertySourceWrapper
2023-11-10 11:02:46.983 INFO  [restartedMain] [c.u.j.EncryptablePropertySourceConverter] - Converting PropertySource random [org.springframework.boot.env.RandomValuePropertySource] to EncryptablePropertySourceWrapper
2023-11-10 11:02:46.984 INFO  [restartedMain] [c.u.j.EncryptablePropertySourceConverter] - Converting PropertySource Config resource 'class path resource [application.yml]' via location 'optional:classpath:/' [org.springframework.boot.env.OriginTrackedMapPropertySource] to EncryptableMapPropertySourceWrapper
2023-11-10 11:02:46.985 INFO  [restartedMain] [c.u.j.EncryptablePropertySourceConverter] - Converting PropertySource devtools [org.springframework.core.env.MapPropertySource] to EncryptableMapPropertySourceWrapper
2023-11-10 11:02:48.770 INFO  [restartedMain] [c.u.j.filter.DefaultLazyPropertyFilter] - Property Filter custom Bean not found with name 'encryptablePropertyFilter'. Initializing Default Property Filter
2023-11-10 11:02:48.810 INFO  [restartedMain] [c.u.j.r.DefaultLazyPropertyResolver] - Property Resolver custom Bean not found with name 'encryptablePropertyResolver'. Initializing Default Property Resolver
2023-11-10 11:02:48.824 INFO  [restartedMain] [c.u.j.d.DefaultLazyPropertyDetector] - Property Detector custom Bean not found with name 'encryptablePropertyDetector'. Initializing Default Property Detector
2023-11-10 11:02:52.600 INFO  [restartedMain] [o.s.b.w.embedded.tomcat.TomcatWebServer] - Tomcat initialized with port(s): 8080 (http)
2023-11-10 11:02:52.628 INFO  [restartedMain] [o.apache.coyote.http11.Http11NioProtocol] - Initializing ProtocolHandler ["http-nio-127.0.0.1-8080"]
2023-11-10 11:02:52.634 INFO  [restartedMain] [org.apache.catalina.core.StandardService] - Starting service [Tomcat]
2023-11-10 11:02:52.634 INFO  [restartedMain] [org.apache.catalina.core.StandardEngine] - Starting Servlet engine: [Apache Tomcat/9.0.79]
2023-11-10 11:02:53.317 INFO  [restartedMain] [o.a.c.c.C.[Tomcat].[localhost].[/]] - Initializing Spring embedded WebApplicationContext
2023-11-10 11:02:53.317 INFO  [restartedMain] [o.s.b.w.s.c.ServletWebServerApplicationContext] - Root WebApplicationContext: initialization completed in 23069 ms
2023-11-10 11:02:55.168 INFO  [restartedMain] [o.hibernate.jpa.internal.util.LogHelper] - HHH000204: Processing PersistenceUnitInfo [name: default]
2023-11-10 11:02:55.492 INFO  [restartedMain] [org.hibernate.Version] - HHH000412: Hibernate ORM core version 5.6.15.Final
2023-11-10 11:02:56.235 INFO  [restartedMain] [org.hibernate.annotations.common.Version] - HCANN000001: Hibernate Commons Annotations {5.1.2.Final}
2023-11-10 11:02:56.824 INFO  [restartedMain] [com.zaxxer.hikari.HikariDataSource] - HikariPool-1 - Starting...
2023-11-10 11:02:57.889 INFO  [restartedMain] [com.zaxxer.hikari.HikariDataSource] - HikariPool-1 - Start completed.
2023-11-10 11:02:58.001 INFO  [restartedMain] [org.hibernate.dialect.Dialect] - HHH000400: Using dialect: org.hibernate.dialect.MySQL5InnoDBDialect
2023-11-10 11:03:02.048 INFO  [restartedMain] [o.h.e.t.j.p.i.JtaPlatformInitiator] - HHH000490: Using JtaPlatform implementation: [org.hibernate.engine.transaction.jta.platform.internal.NoJtaPlatform]
2023-11-10 11:03:02.090 INFO  [restartedMain] [o.s.o.j.LocalContainerEntityManagerFactoryBean] - Initialized JPA EntityManagerFactory for persistence unit 'default'
2023-11-10 11:03:13.293 INFO  [restartedMain] [o.s.b.a.e.web.EndpointLinksResolver] - Exposing 2 endpoint(s) beneath base path '/checking'
2023-11-10 11:03:14.234 INFO  [restartedMain] [o.s.b.d.a.OptionalLiveReloadServer] - LiveReload server is running on port 35729
2023-11-10 11:03:16.675 INFO  [restartedMain] [o.apache.coyote.http11.Http11NioProtocol] - Starting ProtocolHandler ["http-nio-127.0.0.1-8080"]
2023-11-10 11:03:16.725 INFO  [restartedMain] [o.s.b.w.embedded.tomcat.TomcatWebServer] - Tomcat started on port(s): 8080 (http) with context path ''
2023-11-10 11:03:16.727 INFO  [restartedMain] [c.u.j.c.RefreshScopeRefreshedEventListener] - Refreshing cached encryptable property sources on ServletWebServerInitializedEvent
2023-11-10 11:03:16.728 INFO  [restartedMain] [c.u.j.c.CachingDelegateEncryptablePropertySource] - Property Source systemProperties refreshed
2023-11-10 11:03:16.728 INFO  [restartedMain] [c.u.j.c.CachingDelegateEncryptablePropertySource] - Property Source systemEnvironment refreshed
2023-11-10 11:03:16.729 INFO  [restartedMain] [c.u.j.c.CachingDelegateEncryptablePropertySource] - Property Source random refreshed
2023-11-10 11:03:16.729 INFO  [restartedMain] [c.u.j.c.CachingDelegateEncryptablePropertySource] - Property Source Config resource 'class path resource [application.yml]' via location 'optional:classpath:/' refreshed
2023-11-10 11:03:16.729 INFO  [restartedMain] [c.u.j.c.CachingDelegateEncryptablePropertySource] - Property Source devtools refreshed
2023-11-10 11:03:16.730 INFO  [restartedMain] [c.u.j.EncryptablePropertySourceConverter] - Converting PropertySource server.ports [org.springframework.core.env.MapPropertySource] to EncryptableMapPropertySourceWrapper
2023-11-10 11:03:16.730 INFO  [restartedMain] [c.u.j.EncryptablePropertySourceConverter] - Skipping PropertySource configurationProperties [class org.springframework.boot.context.properties.source.ConfigurationPropertySourcesPropertySource
2023-11-10 11:03:16.730 INFO  [restartedMain] [c.u.j.EncryptablePropertySourceConverter] - Skipping PropertySource servletConfigInitParams [class org.springframework.core.env.PropertySource$StubPropertySource
2023-11-10 11:03:16.731 INFO  [restartedMain] [c.u.j.EncryptablePropertySourceConverter] - Converting PropertySource servletContextInitParams [org.springframework.web.context.support.ServletContextPropertySource] to EncryptableEnumerablePropertySourceWrapper
2023-11-10 11:03:16.731 INFO  [restartedMain] [c.u.j.EncryptablePropertySourceConverter] - Converting PropertySource Management Server [org.springframework.boot.actuate.autoconfigure.web.server.ManagementContextAutoConfiguration$SameManagementContextConfiguration$1] to EncryptablePropertySourceWrapper
2023-11-10 11:03:18.405 INFO  [http-nio-127.0.0.1-8080-exec-1] [o.a.c.c.C.[Tomcat].[localhost].[/]] - Initializing Spring DispatcherServlet 'dispatcherServlet'
2023-11-10 11:03:18.405 INFO  [http-nio-127.0.0.1-8080-exec-1] [o.s.web.servlet.DispatcherServlet] - Initializing Servlet 'dispatcherServlet'
2023-11-10 11:03:18.409 INFO  [http-nio-127.0.0.1-8080-exec-1] [o.s.web.servlet.DispatcherServlet] - Completed initialization in 4 ms
2023-11-10 11:03:18.615 INFO  [restartedMain] [c.b.back_bipatv.BackBipaTvApplication] - Started BackBipaTvApplication in 50.801 seconds (JVM running for 53.471)
2023-11-10 11:03:21.900 INFO  [http-nio-127.0.0.1-8080-exec-1] [c.b.back_bipatv.interceptor.Interceptor] - 사용자: 전하은 호출 url: /video/detail/6962459b-018b-1000-0000-80bf0ddb0000
2023-11-10 11:03:22.058 WARN  [http-nio-127.0.0.1-8080-exec-1] [o.a.m.c.t.i.m.jdbc.AbstractJDBCDataModel] - You are not using ConnectionPoolDataSource. Make sure your DataSource pools connections to the database itself, or database performance will be severely reduced.
2023-11-10 11:08:43.314 WARN  [HikariPool-1 housekeeper] [com.zaxxer.hikari.pool.HikariPool] - HikariPool-1 - Thread starvation or clock leap detected (housekeeper delta=5m15s135ms828µs900ns).
2023-11-10 11:08:43.481 INFO  [http-nio-127.0.0.1-8080-exec-1] [c.b.back_bipatv.interceptor.Interceptor] - afterCompletion Response status: 400
2023-11-10 11:08:44.030 INFO  [SpringApplicationShutdownHook] [o.s.o.j.LocalContainerEntityManagerFactoryBean] - Closing JPA EntityManagerFactory for persistence unit 'default'
2023-11-10 11:08:44.043 INFO  [SpringApplicationShutdownHook] [com.zaxxer.hikari.HikariDataSource] - HikariPool-1 - Shutdown initiated...
2023-11-10 11:08:44.117 INFO  [SpringApplicationShutdownHook] [com.zaxxer.hikari.HikariDataSource] - HikariPool-1 - Shutdown completed.
2023-11-10 11:09:02.947 INFO  [restartedMain] [c.b.back_bipatv.BackBipaTvApplication] - Starting BackBipaTvApplication using Java 11.0.19 on DESKTOP-D6RL7LJ with PID 22856 (C:\Users\HE-Jeon\Desktop\Bit\teamProject\api\out\production\classes started by HE-Jeon in C:\Users\HE-Jeon\Desktop\Bit\teamProject\api)
2023-11-10 11:09:02.951 INFO  [restartedMain] [c.b.back_bipatv.BackBipaTvApplication] - No active profile set, falling back to 1 default profile: "default"
2023-11-10 11:09:02.956 INFO  [background-preinit] [o.h.validator.internal.util.Version] - HV000001: Hibernate Validator 6.2.5.Final
2023-11-10 11:09:03.116 INFO  [restartedMain] [o.s.b.d.e.DevToolsPropertyDefaultsPostProcessor] - Devtools property defaults active! Set 'spring.devtools.add-properties' to 'false' to disable
2023-11-10 11:09:03.116 INFO  [restartedMain] [o.s.b.d.e.DevToolsPropertyDefaultsPostProcessor] - For additional web related logging consider setting the 'logging.level.web' property to 'DEBUG'
2023-11-10 11:09:14.947 WARN  [restartedMain] [com.amazonaws.util.EC2MetadataUtils] - Unable to retrieve the requested metadata (/latest/meta-data/instance-id). Failed to connect to service endpoint: 
com.amazonaws.SdkClientException: Failed to connect to service endpoint: 
	at com.amazonaws.internal.EC2ResourceFetcher.doReadResource(EC2ResourceFetcher.java:112)
	at com.amazonaws.internal.EC2ResourceFetcher.doReadResource(EC2ResourceFetcher.java:70)
	at com.amazonaws.internal.InstanceMetadataServiceResourceFetcher.readResource(InstanceMetadataServiceResourceFetcher.java:75)
	at com.amazonaws.internal.EC2ResourceFetcher.readResource(EC2ResourceFetcher.java:66)
	at com.amazonaws.util.EC2MetadataUtils.getItems(EC2MetadataUtils.java:407)
	at com.amazonaws.util.EC2MetadataUtils.getData(EC2MetadataUtils.java:376)
	at org.springframework.cloud.aws.context.support.env.AwsCloudEnvironmentCheckUtils.isRunningOnCloudEnvironment(AwsCloudEnvironmentCheckUtils.java:38)
	at org.springframework.cloud.aws.context.annotation.OnAwsCloudEnvironmentCondition.matches(OnAwsCloudEnvironmentCondition.java:37)
	at org.springframework.context.annotation.ConditionEvaluator.shouldSkip(ConditionEvaluator.java:108)
	at org.springframework.context.annotation.ConfigurationClassParser.processConfigurationClass(ConfigurationClassParser.java:225)
	at org.springframework.context.annotation.ConfigurationClassParser.processImports(ConfigurationClassParser.java:599)
	at org.springframework.context.annotation.ConfigurationClassParser.access$800(ConfigurationClassParser.java:110)
	at org.springframework.context.annotation.ConfigurationClassParser$DeferredImportSelectorGroupingHandler.lambda$processGroupImports$1(ConfigurationClassParser.java:812)
	at java.base/java.util.ArrayList.forEach(ArrayList.java:1541)
	at org.springframework.context.annotation.ConfigurationClassParser$DeferredImportSelectorGroupingHandler.processGroupImports(ConfigurationClassParser.java:809)
	at org.springframework.context.annotation.ConfigurationClassParser$DeferredImportSelectorHandler.process(ConfigurationClassParser.java:780)
	at org.springframework.context.annotation.ConfigurationClassParser.parse(ConfigurationClassParser.java:192)
	at org.springframework.context.annotation.ConfigurationClassPostProcessor.processConfigBeanDefinitions(ConfigurationClassPostProcessor.java:331)
	at org.springframework.context.annotation.ConfigurationClassPostProcessor.postProcessBeanDefinitionRegistry(ConfigurationClassPostProcessor.java:247)
	at org.springframework.context.support.PostProcessorRegistrationDelegate.invokeBeanDefinitionRegistryPostProcessors(PostProcessorRegistrationDelegate.java:311)
	at org.springframework.context.support.PostProcessorRegistrationDelegate.invokeBeanFactoryPostProcessors(PostProcessorRegistrationDelegate.java:112)
	at org.springframework.context.support.AbstractApplicationContext.invokeBeanFactoryPostProcessors(AbstractApplicationContext.java:748)
	at org.springframework.context.support.AbstractApplicationContext.refresh(AbstractApplicationContext.java:564)
	at org.springframework.boot.web.servlet.context.ServletWebServerApplicationContext.refresh(ServletWebServerApplicationContext.java:147)
	at org.springframework.boot.SpringApplication.refresh(SpringApplication.java:731)
	at org.springframework.boot.SpringApplication.refreshContext(SpringApplication.java:408)
	at org.springframework.boot.SpringApplication.run(SpringApplication.java:307)
	at org.springframework.boot.SpringApplication.run(SpringApplication.java:1303)
	at org.springframework.boot.SpringApplication.run(SpringApplication.java:1292)
	at com.bipa4.back_bipatv.BackBipaTvApplication.main(BackBipaTvApplication.java:16)
	at java.base/jdk.internal.reflect.NativeMethodAccessorImpl.invoke0(Native Method)
	at java.base/jdk.internal.reflect.NativeMethodAccessorImpl.invoke(NativeMethodAccessorImpl.java:62)
	at java.base/jdk.internal.reflect.DelegatingMethodAccessorImpl.invoke(DelegatingMethodAccessorImpl.java:43)
	at java.base/java.lang.reflect.Method.invoke(Method.java:566)
	at org.springframework.boot.devtools.restart.RestartLauncher.run(RestartLauncher.java:50)
Caused by: java.net.SocketTimeoutException: connect timed out
	at java.base/java.net.PlainSocketImpl.waitForConnect(Native Method)
	at java.base/java.net.PlainSocketImpl.socketConnect(PlainSocketImpl.java:107)
	at java.base/java.net.AbstractPlainSocketImpl.doConnect(AbstractPlainSocketImpl.java:412)
	at java.base/java.net.AbstractPlainSocketImpl.connectToAddress(AbstractPlainSocketImpl.java:255)
	at java.base/java.net.AbstractPlainSocketImpl.connect(AbstractPlainSocketImpl.java:237)
	at java.base/java.net.Socket.connect(Socket.java:609)
	at java.base/sun.net.NetworkClient.doConnect(NetworkClient.java:177)
	at java.base/sun.net.www.http.HttpClient.openServer(HttpClient.java:507)
	at java.base/sun.net.www.http.HttpClient.openServer(HttpClient.java:602)
	at java.base/sun.net.www.http.HttpClient.<init>(HttpClient.java:275)
	at java.base/sun.net.www.http.HttpClient.New(HttpClient.java:374)
	at java.base/sun.net.www.http.HttpClient.New(HttpClient.java:395)
	at java.base/sun.net.www.protocol.http.HttpURLConnection.getNewHttpClient(HttpURLConnection.java:1253)
	at java.base/sun.net.www.protocol.http.HttpURLConnection.plainConnect0(HttpURLConnection.java:1232)
	at java.base/sun.net.www.protocol.http.HttpURLConnection.plainConnect(HttpURLConnection.java:1081)
	at java.base/sun.net.www.protocol.http.HttpURLConnection.connect(HttpURLConnection.java:1015)
	at com.amazonaws.internal.ConnectionUtils.connectToEndpoint(ConnectionUtils.java:95)
	at com.amazonaws.internal.EC2ResourceFetcher.doReadResource(EC2ResourceFetcher.java:84)
	... 34 common frames omitted
2023-11-10 11:09:16.551 INFO  [restartedMain] [o.s.d.r.c.RepositoryConfigurationDelegate] - Multiple Spring Data modules found, entering strict repository configuration mode
2023-11-10 11:09:16.558 INFO  [restartedMain] [o.s.d.r.c.RepositoryConfigurationDelegate] - Bootstrapping Spring Data JPA repositories in DEFAULT mode.
2023-11-10 11:09:17.473 INFO  [restartedMain] [o.s.d.r.c.RepositoryConfigurationDelegate] - Finished Spring Data repository scanning in 884 ms. Found 6 JPA repository interfaces.
2023-11-10 11:09:17.533 INFO  [restartedMain] [o.s.d.r.c.RepositoryConfigurationDelegate] - Multiple Spring Data modules found, entering strict repository configuration mode
2023-11-10 11:09:17.538 INFO  [restartedMain] [o.s.d.r.c.RepositoryConfigurationDelegate] - Bootstrapping Spring Data Redis repositories in DEFAULT mode.
2023-11-10 11:09:17.648 INFO  [restartedMain] [o.s.d.r.c.RepositoryConfigurationExtensionSupport] - Spring Data Redis - Could not safely identify store assignment for repository candidate interface com.bipa4.back_bipatv.repository.AccountRepository; If you want this repository to be a Redis repository, consider annotating your entities with one of these annotations: org.springframework.data.redis.core.RedisHash (preferred), or consider extending one of the following types with your repository: org.springframework.data.keyvalue.repository.KeyValueRepository
2023-11-10 11:09:17.649 INFO  [restartedMain] [o.s.d.r.c.RepositoryConfigurationExtensionSupport] - Spring Data Redis - Could not safely identify store assignment for repository candidate interface com.bipa4.back_bipatv.repository.ChannelRepository; If you want this repository to be a Redis repository, consider annotating your entities with one of these annotations: org.springframework.data.redis.core.RedisHash (preferred), or consider extending one of the following types with your repository: org.springframework.data.keyvalue.repository.KeyValueRepository
2023-11-10 11:09:17.651 INFO  [restartedMain] [o.s.d.r.c.RepositoryConfigurationExtensionSupport] - Spring Data Redis - Could not safely identify store assignment for repository candidate interface com.bipa4.back_bipatv.repository.CommentRepository; If you want this repository to be a Redis repository, consider annotating your entities with one of these annotations: org.springframework.data.redis.core.RedisHash (preferred), or consider extending one of the following types with your repository: org.springframework.data.keyvalue.repository.KeyValueRepository
2023-11-10 11:09:17.652 INFO  [restartedMain] [o.s.d.r.c.RepositoryConfigurationExtensionSupport] - Spring Data Redis - Could not safely identify store assignment for repository candidate interface com.bipa4.back_bipatv.repository.LogRepository; If you want this repository to be a Redis repository, consider annotating your entities with one of these annotations: org.springframework.data.redis.core.RedisHash (preferred), or consider extending one of the following types with your repository: org.springframework.data.keyvalue.repository.KeyValueRepository
2023-11-10 11:09:17.655 INFO  [restartedMain] [o.s.d.r.c.RepositoryConfigurationExtensionSupport] - Spring Data Redis - Could not safely identify store assignment for repository candidate interface com.bipa4.back_bipatv.repository.VideoChannelRepository; If you want this repository to be a Redis repository, consider annotating your entities with one of these annotations: org.springframework.data.redis.core.RedisHash (preferred), or consider extending one of the following types with your repository: org.springframework.data.keyvalue.repository.KeyValueRepository
2023-11-10 11:09:17.656 INFO  [restartedMain] [o.s.d.r.c.RepositoryConfigurationExtensionSupport] - Spring Data Redis - Could not safely identify store assignment for repository candidate interface com.bipa4.back_bipatv.repository.VideoRepository; If you want this repository to be a Redis repository, consider annotating your entities with one of these annotations: org.springframework.data.redis.core.RedisHash (preferred), or consider extending one of the following types with your repository: org.springframework.data.keyvalue.repository.KeyValueRepository
2023-11-10 11:09:17.657 INFO  [restartedMain] [o.s.d.r.c.RepositoryConfigurationDelegate] - Finished Spring Data repository scanning in 85 ms. Found 0 Redis repository interfaces.
2023-11-10 11:09:19.073 INFO  [restartedMain] [c.u.j.c.EnableEncryptablePropertiesBeanFactoryPostProcessor] - Post-processing PropertySource instances
2023-11-10 11:09:19.075 INFO  [restartedMain] [c.u.j.EncryptablePropertySourceConverter] - Skipping PropertySource configurationProperties [class org.springframework.boot.context.properties.source.ConfigurationPropertySourcesPropertySource
2023-11-10 11:09:19.079 INFO  [restartedMain] [c.u.j.EncryptablePropertySourceConverter] - Skipping PropertySource servletConfigInitParams [class org.springframework.core.env.PropertySource$StubPropertySource
2023-11-10 11:09:19.079 INFO  [restartedMain] [c.u.j.EncryptablePropertySourceConverter] - Skipping PropertySource servletContextInitParams [class org.springframework.core.env.PropertySource$StubPropertySource
2023-11-10 11:09:19.081 INFO  [restartedMain] [c.u.j.EncryptablePropertySourceConverter] - Converting PropertySource systemProperties [org.springframework.core.env.PropertiesPropertySource] to EncryptableMapPropertySourceWrapper
2023-11-10 11:09:19.082 INFO  [restartedMain] [c.u.j.EncryptablePropertySourceConverter] - Converting PropertySource systemEnvironment [org.springframework.boot.env.SystemEnvironmentPropertySourceEnvironmentPostProcessor$OriginAwareSystemEnvironmentPropertySource] to EncryptableSystemEnvironmentPropertySourceWrapper
2023-11-10 11:09:19.082 INFO  [restartedMain] [c.u.j.EncryptablePropertySourceConverter] - Converting PropertySource random [org.springframework.boot.env.RandomValuePropertySource] to EncryptablePropertySourceWrapper
2023-11-10 11:09:19.083 INFO  [restartedMain] [c.u.j.EncryptablePropertySourceConverter] - Converting PropertySource Config resource 'class path resource [application.yml]' via location 'optional:classpath:/' [org.springframework.boot.env.OriginTrackedMapPropertySource] to EncryptableMapPropertySourceWrapper
2023-11-10 11:09:19.083 INFO  [restartedMain] [c.u.j.EncryptablePropertySourceConverter] - Converting PropertySource devtools [org.springframework.core.env.MapPropertySource] to EncryptableMapPropertySourceWrapper
2023-11-10 11:09:20.790 INFO  [restartedMain] [c.u.j.filter.DefaultLazyPropertyFilter] - Property Filter custom Bean not found with name 'encryptablePropertyFilter'. Initializing Default Property Filter
2023-11-10 11:09:20.816 INFO  [restartedMain] [c.u.j.r.DefaultLazyPropertyResolver] - Property Resolver custom Bean not found with name 'encryptablePropertyResolver'. Initializing Default Property Resolver
2023-11-10 11:09:20.821 INFO  [restartedMain] [c.u.j.d.DefaultLazyPropertyDetector] - Property Detector custom Bean not found with name 'encryptablePropertyDetector'. Initializing Default Property Detector
2023-11-10 11:09:24.352 INFO  [restartedMain] [o.s.b.w.embedded.tomcat.TomcatWebServer] - Tomcat initialized with port(s): 8080 (http)
2023-11-10 11:09:24.384 INFO  [restartedMain] [o.apache.coyote.http11.Http11NioProtocol] - Initializing ProtocolHandler ["http-nio-127.0.0.1-8080"]
2023-11-10 11:09:24.390 INFO  [restartedMain] [org.apache.catalina.core.StandardService] - Starting service [Tomcat]
2023-11-10 11:09:24.391 INFO  [restartedMain] [org.apache.catalina.core.StandardEngine] - Starting Servlet engine: [Apache Tomcat/9.0.79]
2023-11-10 11:09:25.121 INFO  [restartedMain] [o.a.c.c.C.[Tomcat].[localhost].[/]] - Initializing Spring embedded WebApplicationContext
2023-11-10 11:09:25.122 INFO  [restartedMain] [o.s.b.w.s.c.ServletWebServerApplicationContext] - Root WebApplicationContext: initialization completed in 22004 ms
2023-11-10 11:09:26.610 INFO  [restartedMain] [o.hibernate.jpa.internal.util.LogHelper] - HHH000204: Processing PersistenceUnitInfo [name: default]
2023-11-10 11:09:26.855 INFO  [restartedMain] [org.hibernate.Version] - HHH000412: Hibernate ORM core version 5.6.15.Final
2023-11-10 11:09:27.790 INFO  [restartedMain] [org.hibernate.annotations.common.Version] - HCANN000001: Hibernate Commons Annotations {5.1.2.Final}
2023-11-10 11:09:28.290 INFO  [restartedMain] [com.zaxxer.hikari.HikariDataSource] - HikariPool-1 - Starting...
2023-11-10 11:09:29.272 INFO  [restartedMain] [com.zaxxer.hikari.HikariDataSource] - HikariPool-1 - Start completed.
2023-11-10 11:09:29.365 INFO  [restartedMain] [org.hibernate.dialect.Dialect] - HHH000400: Using dialect: org.hibernate.dialect.MySQL5InnoDBDialect
2023-11-10 11:09:33.196 INFO  [restartedMain] [o.h.e.t.j.p.i.JtaPlatformInitiator] - HHH000490: Using JtaPlatform implementation: [org.hibernate.engine.transaction.jta.platform.internal.NoJtaPlatform]
2023-11-10 11:09:33.228 INFO  [restartedMain] [o.s.o.j.LocalContainerEntityManagerFactoryBean] - Initialized JPA EntityManagerFactory for persistence unit 'default'
2023-11-10 11:09:43.456 INFO  [restartedMain] [o.s.b.a.e.web.EndpointLinksResolver] - Exposing 2 endpoint(s) beneath base path '/checking'
2023-11-10 11:09:44.312 INFO  [restartedMain] [o.s.b.d.a.OptionalLiveReloadServer] - LiveReload server is running on port 35729
2023-11-10 11:09:46.587 INFO  [restartedMain] [o.apache.coyote.http11.Http11NioProtocol] - Starting ProtocolHandler ["http-nio-127.0.0.1-8080"]
2023-11-10 11:09:46.634 INFO  [restartedMain] [o.s.b.w.embedded.tomcat.TomcatWebServer] - Tomcat started on port(s): 8080 (http) with context path ''
2023-11-10 11:09:46.636 INFO  [restartedMain] [c.u.j.c.RefreshScopeRefreshedEventListener] - Refreshing cached encryptable property sources on ServletWebServerInitializedEvent
2023-11-10 11:09:46.638 INFO  [restartedMain] [c.u.j.c.CachingDelegateEncryptablePropertySource] - Property Source systemProperties refreshed
2023-11-10 11:09:46.638 INFO  [restartedMain] [c.u.j.c.CachingDelegateEncryptablePropertySource] - Property Source systemEnvironment refreshed
2023-11-10 11:09:46.638 INFO  [restartedMain] [c.u.j.c.CachingDelegateEncryptablePropertySource] - Property Source random refreshed
2023-11-10 11:09:46.638 INFO  [restartedMain] [c.u.j.c.CachingDelegateEncryptablePropertySource] - Property Source Config resource 'class path resource [application.yml]' via location 'optional:classpath:/' refreshed
2023-11-10 11:09:46.639 INFO  [restartedMain] [c.u.j.c.CachingDelegateEncryptablePropertySource] - Property Source devtools refreshed
2023-11-10 11:09:46.639 INFO  [restartedMain] [c.u.j.EncryptablePropertySourceConverter] - Converting PropertySource server.ports [org.springframework.core.env.MapPropertySource] to EncryptableMapPropertySourceWrapper
2023-11-10 11:09:46.639 INFO  [restartedMain] [c.u.j.EncryptablePropertySourceConverter] - Skipping PropertySource configurationProperties [class org.springframework.boot.context.properties.source.ConfigurationPropertySourcesPropertySource
2023-11-10 11:09:46.640 INFO  [restartedMain] [c.u.j.EncryptablePropertySourceConverter] - Skipping PropertySource servletConfigInitParams [class org.springframework.core.env.PropertySource$StubPropertySource
2023-11-10 11:09:46.640 INFO  [restartedMain] [c.u.j.EncryptablePropertySourceConverter] - Converting PropertySource servletContextInitParams [org.springframework.web.context.support.ServletContextPropertySource] to EncryptableEnumerablePropertySourceWrapper
2023-11-10 11:09:46.640 INFO  [restartedMain] [c.u.j.EncryptablePropertySourceConverter] - Converting PropertySource Management Server [org.springframework.boot.actuate.autoconfigure.web.server.ManagementContextAutoConfiguration$SameManagementContextConfiguration$1] to EncryptablePropertySourceWrapper
2023-11-10 11:09:47.619 INFO  [http-nio-127.0.0.1-8080-exec-1] [o.a.c.c.C.[Tomcat].[localhost].[/]] - Initializing Spring DispatcherServlet 'dispatcherServlet'
2023-11-10 11:09:47.620 INFO  [http-nio-127.0.0.1-8080-exec-1] [o.s.web.servlet.DispatcherServlet] - Initializing Servlet 'dispatcherServlet'
2023-11-10 11:09:47.624 INFO  [http-nio-127.0.0.1-8080-exec-1] [o.s.web.servlet.DispatcherServlet] - Completed initialization in 4 ms
2023-11-10 11:09:48.656 INFO  [restartedMain] [c.b.back_bipatv.BackBipaTvApplication] - Started BackBipaTvApplication in 47.307 seconds (JVM running for 49.974)
2023-11-10 11:09:50.809 INFO  [http-nio-127.0.0.1-8080-exec-1] [c.b.back_bipatv.interceptor.Interceptor] - 사용자: 전하은 호출 url: /video/detail/6962459b-018b-1000-0000-80bf0ddb0000
2023-11-10 11:09:50.965 WARN  [http-nio-127.0.0.1-8080-exec-1] [o.a.m.c.t.i.m.jdbc.AbstractJDBCDataModel] - You are not using ConnectionPoolDataSource. Make sure your DataSource pools connections to the database itself, or database performance will be severely reduced.
2023-11-10 11:09:53.143 INFO  [http-nio-127.0.0.1-8080-exec-1] [c.b.back_bipatv.interceptor.Interceptor] - afterCompletion Response status: 400
2023-11-10 11:10:45.736 INFO  [SpringApplicationShutdownHook] [o.s.o.j.LocalContainerEntityManagerFactoryBean] - Closing JPA EntityManagerFactory for persistence unit 'default'
2023-11-10 11:10:45.743 INFO  [SpringApplicationShutdownHook] [com.zaxxer.hikari.HikariDataSource] - HikariPool-1 - Shutdown initiated...
2023-11-10 11:10:45.773 INFO  [SpringApplicationShutdownHook] [com.zaxxer.hikari.HikariDataSource] - HikariPool-1 - Shutdown completed.
2023-11-10 11:10:54.053 INFO  [restartedMain] [c.b.back_bipatv.BackBipaTvApplication] - Starting BackBipaTvApplication using Java 11.0.19 on DESKTOP-D6RL7LJ with PID 28588 (C:\Users\HE-Jeon\Desktop\Bit\teamProject\api\out\production\classes started by HE-Jeon in C:\Users\HE-Jeon\Desktop\Bit\teamProject\api)
2023-11-10 11:10:54.058 INFO  [restartedMain] [c.b.back_bipatv.BackBipaTvApplication] - No active profile set, falling back to 1 default profile: "default"
2023-11-10 11:10:54.059 INFO  [background-preinit] [o.h.validator.internal.util.Version] - HV000001: Hibernate Validator 6.2.5.Final
2023-11-10 11:10:54.210 INFO  [restartedMain] [o.s.b.d.e.DevToolsPropertyDefaultsPostProcessor] - Devtools property defaults active! Set 'spring.devtools.add-properties' to 'false' to disable
2023-11-10 11:10:54.210 INFO  [restartedMain] [o.s.b.d.e.DevToolsPropertyDefaultsPostProcessor] - For additional web related logging consider setting the 'logging.level.web' property to 'DEBUG'
2023-11-10 11:11:06.845 WARN  [restartedMain] [com.amazonaws.util.EC2MetadataUtils] - Unable to retrieve the requested metadata (/latest/meta-data/instance-id). Failed to connect to service endpoint: 
com.amazonaws.SdkClientException: Failed to connect to service endpoint: 
	at com.amazonaws.internal.EC2ResourceFetcher.doReadResource(EC2ResourceFetcher.java:112)
	at com.amazonaws.internal.EC2ResourceFetcher.doReadResource(EC2ResourceFetcher.java:70)
	at com.amazonaws.internal.InstanceMetadataServiceResourceFetcher.readResource(InstanceMetadataServiceResourceFetcher.java:75)
	at com.amazonaws.internal.EC2ResourceFetcher.readResource(EC2ResourceFetcher.java:66)
	at com.amazonaws.util.EC2MetadataUtils.getItems(EC2MetadataUtils.java:407)
	at com.amazonaws.util.EC2MetadataUtils.getData(EC2MetadataUtils.java:376)
	at org.springframework.cloud.aws.context.support.env.AwsCloudEnvironmentCheckUtils.isRunningOnCloudEnvironment(AwsCloudEnvironmentCheckUtils.java:38)
	at org.springframework.cloud.aws.context.annotation.OnAwsCloudEnvironmentCondition.matches(OnAwsCloudEnvironmentCondition.java:37)
	at org.springframework.context.annotation.ConditionEvaluator.shouldSkip(ConditionEvaluator.java:108)
	at org.springframework.context.annotation.ConfigurationClassParser.processConfigurationClass(ConfigurationClassParser.java:225)
	at org.springframework.context.annotation.ConfigurationClassParser.processImports(ConfigurationClassParser.java:599)
	at org.springframework.context.annotation.ConfigurationClassParser.access$800(ConfigurationClassParser.java:110)
	at org.springframework.context.annotation.ConfigurationClassParser$DeferredImportSelectorGroupingHandler.lambda$processGroupImports$1(ConfigurationClassParser.java:812)
	at java.base/java.util.ArrayList.forEach(ArrayList.java:1541)
	at org.springframework.context.annotation.ConfigurationClassParser$DeferredImportSelectorGroupingHandler.processGroupImports(ConfigurationClassParser.java:809)
	at org.springframework.context.annotation.ConfigurationClassParser$DeferredImportSelectorHandler.process(ConfigurationClassParser.java:780)
	at org.springframework.context.annotation.ConfigurationClassParser.parse(ConfigurationClassParser.java:192)
	at org.springframework.context.annotation.ConfigurationClassPostProcessor.processConfigBeanDefinitions(ConfigurationClassPostProcessor.java:331)
	at org.springframework.context.annotation.ConfigurationClassPostProcessor.postProcessBeanDefinitionRegistry(ConfigurationClassPostProcessor.java:247)
	at org.springframework.context.support.PostProcessorRegistrationDelegate.invokeBeanDefinitionRegistryPostProcessors(PostProcessorRegistrationDelegate.java:311)
	at org.springframework.context.support.PostProcessorRegistrationDelegate.invokeBeanFactoryPostProcessors(PostProcessorRegistrationDelegate.java:112)
	at org.springframework.context.support.AbstractApplicationContext.invokeBeanFactoryPostProcessors(AbstractApplicationContext.java:748)
	at org.springframework.context.support.AbstractApplicationContext.refresh(AbstractApplicationContext.java:564)
	at org.springframework.boot.web.servlet.context.ServletWebServerApplicationContext.refresh(ServletWebServerApplicationContext.java:147)
	at org.springframework.boot.SpringApplication.refresh(SpringApplication.java:731)
	at org.springframework.boot.SpringApplication.refreshContext(SpringApplication.java:408)
	at org.springframework.boot.SpringApplication.run(SpringApplication.java:307)
	at org.springframework.boot.SpringApplication.run(SpringApplication.java:1303)
	at org.springframework.boot.SpringApplication.run(SpringApplication.java:1292)
	at com.bipa4.back_bipatv.BackBipaTvApplication.main(BackBipaTvApplication.java:16)
	at java.base/jdk.internal.reflect.NativeMethodAccessorImpl.invoke0(Native Method)
	at java.base/jdk.internal.reflect.NativeMethodAccessorImpl.invoke(NativeMethodAccessorImpl.java:62)
	at java.base/jdk.internal.reflect.DelegatingMethodAccessorImpl.invoke(DelegatingMethodAccessorImpl.java:43)
	at java.base/java.lang.reflect.Method.invoke(Method.java:566)
	at org.springframework.boot.devtools.restart.RestartLauncher.run(RestartLauncher.java:50)
Caused by: java.net.SocketTimeoutException: connect timed out
	at java.base/java.net.PlainSocketImpl.waitForConnect(Native Method)
	at java.base/java.net.PlainSocketImpl.socketConnect(PlainSocketImpl.java:107)
	at java.base/java.net.AbstractPlainSocketImpl.doConnect(AbstractPlainSocketImpl.java:412)
	at java.base/java.net.AbstractPlainSocketImpl.connectToAddress(AbstractPlainSocketImpl.java:255)
	at java.base/java.net.AbstractPlainSocketImpl.connect(AbstractPlainSocketImpl.java:237)
	at java.base/java.net.Socket.connect(Socket.java:609)
	at java.base/sun.net.NetworkClient.doConnect(NetworkClient.java:177)
	at java.base/sun.net.www.http.HttpClient.openServer(HttpClient.java:507)
	at java.base/sun.net.www.http.HttpClient.openServer(HttpClient.java:602)
	at java.base/sun.net.www.http.HttpClient.<init>(HttpClient.java:275)
	at java.base/sun.net.www.http.HttpClient.New(HttpClient.java:374)
	at java.base/sun.net.www.http.HttpClient.New(HttpClient.java:395)
	at java.base/sun.net.www.protocol.http.HttpURLConnection.getNewHttpClient(HttpURLConnection.java:1253)
	at java.base/sun.net.www.protocol.http.HttpURLConnection.plainConnect0(HttpURLConnection.java:1232)
	at java.base/sun.net.www.protocol.http.HttpURLConnection.plainConnect(HttpURLConnection.java:1081)
	at java.base/sun.net.www.protocol.http.HttpURLConnection.connect(HttpURLConnection.java:1015)
	at com.amazonaws.internal.ConnectionUtils.connectToEndpoint(ConnectionUtils.java:95)
	at com.amazonaws.internal.EC2ResourceFetcher.doReadResource(EC2ResourceFetcher.java:84)
	... 34 common frames omitted
2023-11-10 11:11:08.052 INFO  [restartedMain] [o.s.d.r.c.RepositoryConfigurationDelegate] - Multiple Spring Data modules found, entering strict repository configuration mode
2023-11-10 11:11:08.057 INFO  [restartedMain] [o.s.d.r.c.RepositoryConfigurationDelegate] - Bootstrapping Spring Data JPA repositories in DEFAULT mode.
2023-11-10 11:11:08.638 INFO  [restartedMain] [o.s.d.r.c.RepositoryConfigurationDelegate] - Finished Spring Data repository scanning in 556 ms. Found 6 JPA repository interfaces.
2023-11-10 11:11:08.677 INFO  [restartedMain] [o.s.d.r.c.RepositoryConfigurationDelegate] - Multiple Spring Data modules found, entering strict repository configuration mode
2023-11-10 11:11:08.681 INFO  [restartedMain] [o.s.d.r.c.RepositoryConfigurationDelegate] - Bootstrapping Spring Data Redis repositories in DEFAULT mode.
2023-11-10 11:11:08.744 INFO  [restartedMain] [o.s.d.r.c.RepositoryConfigurationExtensionSupport] - Spring Data Redis - Could not safely identify store assignment for repository candidate interface com.bipa4.back_bipatv.repository.AccountRepository; If you want this repository to be a Redis repository, consider annotating your entities with one of these annotations: org.springframework.data.redis.core.RedisHash (preferred), or consider extending one of the following types with your repository: org.springframework.data.keyvalue.repository.KeyValueRepository
2023-11-10 11:11:08.746 INFO  [restartedMain] [o.s.d.r.c.RepositoryConfigurationExtensionSupport] - Spring Data Redis - Could not safely identify store assignment for repository candidate interface com.bipa4.back_bipatv.repository.ChannelRepository; If you want this repository to be a Redis repository, consider annotating your entities with one of these annotations: org.springframework.data.redis.core.RedisHash (preferred), or consider extending one of the following types with your repository: org.springframework.data.keyvalue.repository.KeyValueRepository
2023-11-10 11:11:08.747 INFO  [restartedMain] [o.s.d.r.c.RepositoryConfigurationExtensionSupport] - Spring Data Redis - Could not safely identify store assignment for repository candidate interface com.bipa4.back_bipatv.repository.CommentRepository; If you want this repository to be a Redis repository, consider annotating your entities with one of these annotations: org.springframework.data.redis.core.RedisHash (preferred), or consider extending one of the following types with your repository: org.springframework.data.keyvalue.repository.KeyValueRepository
2023-11-10 11:11:08.747 INFO  [restartedMain] [o.s.d.r.c.RepositoryConfigurationExtensionSupport] - Spring Data Redis - Could not safely identify store assignment for repository candidate interface com.bipa4.back_bipatv.repository.LogRepository; If you want this repository to be a Redis repository, consider annotating your entities with one of these annotations: org.springframework.data.redis.core.RedisHash (preferred), or consider extending one of the following types with your repository: org.springframework.data.keyvalue.repository.KeyValueRepository
2023-11-10 11:11:08.750 INFO  [restartedMain] [o.s.d.r.c.RepositoryConfigurationExtensionSupport] - Spring Data Redis - Could not safely identify store assignment for repository candidate interface com.bipa4.back_bipatv.repository.VideoChannelRepository; If you want this repository to be a Redis repository, consider annotating your entities with one of these annotations: org.springframework.data.redis.core.RedisHash (preferred), or consider extending one of the following types with your repository: org.springframework.data.keyvalue.repository.KeyValueRepository
2023-11-10 11:11:08.750 INFO  [restartedMain] [o.s.d.r.c.RepositoryConfigurationExtensionSupport] - Spring Data Redis - Could not safely identify store assignment for repository candidate interface com.bipa4.back_bipatv.repository.VideoRepository; If you want this repository to be a Redis repository, consider annotating your entities with one of these annotations: org.springframework.data.redis.core.RedisHash (preferred), or consider extending one of the following types with your repository: org.springframework.data.keyvalue.repository.KeyValueRepository
2023-11-10 11:11:08.751 INFO  [restartedMain] [o.s.d.r.c.RepositoryConfigurationDelegate] - Finished Spring Data repository scanning in 47 ms. Found 0 Redis repository interfaces.
2023-11-10 11:11:09.628 INFO  [restartedMain] [c.u.j.c.EnableEncryptablePropertiesBeanFactoryPostProcessor] - Post-processing PropertySource instances
2023-11-10 11:11:09.630 INFO  [restartedMain] [c.u.j.EncryptablePropertySourceConverter] - Skipping PropertySource configurationProperties [class org.springframework.boot.context.properties.source.ConfigurationPropertySourcesPropertySource
2023-11-10 11:11:09.633 INFO  [restartedMain] [c.u.j.EncryptablePropertySourceConverter] - Skipping PropertySource servletConfigInitParams [class org.springframework.core.env.PropertySource$StubPropertySource
2023-11-10 11:11:09.634 INFO  [restartedMain] [c.u.j.EncryptablePropertySourceConverter] - Skipping PropertySource servletContextInitParams [class org.springframework.core.env.PropertySource$StubPropertySource
2023-11-10 11:11:09.636 INFO  [restartedMain] [c.u.j.EncryptablePropertySourceConverter] - Converting PropertySource systemProperties [org.springframework.core.env.PropertiesPropertySource] to EncryptableMapPropertySourceWrapper
2023-11-10 11:11:09.637 INFO  [restartedMain] [c.u.j.EncryptablePropertySourceConverter] - Converting PropertySource systemEnvironment [org.springframework.boot.env.SystemEnvironmentPropertySourceEnvironmentPostProcessor$OriginAwareSystemEnvironmentPropertySource] to EncryptableSystemEnvironmentPropertySourceWrapper
2023-11-10 11:11:09.637 INFO  [restartedMain] [c.u.j.EncryptablePropertySourceConverter] - Converting PropertySource random [org.springframework.boot.env.RandomValuePropertySource] to EncryptablePropertySourceWrapper
2023-11-10 11:11:09.637 INFO  [restartedMain] [c.u.j.EncryptablePropertySourceConverter] - Converting PropertySource Config resource 'class path resource [application.yml]' via location 'optional:classpath:/' [org.springframework.boot.env.OriginTrackedMapPropertySource] to EncryptableMapPropertySourceWrapper
2023-11-10 11:11:09.637 INFO  [restartedMain] [c.u.j.EncryptablePropertySourceConverter] - Converting PropertySource devtools [org.springframework.core.env.MapPropertySource] to EncryptableMapPropertySourceWrapper
2023-11-10 11:11:10.727 INFO  [restartedMain] [c.u.j.filter.DefaultLazyPropertyFilter] - Property Filter custom Bean not found with name 'encryptablePropertyFilter'. Initializing Default Property Filter
2023-11-10 11:11:10.743 INFO  [restartedMain] [c.u.j.r.DefaultLazyPropertyResolver] - Property Resolver custom Bean not found with name 'encryptablePropertyResolver'. Initializing Default Property Resolver
2023-11-10 11:11:10.747 INFO  [restartedMain] [c.u.j.d.DefaultLazyPropertyDetector] - Property Detector custom Bean not found with name 'encryptablePropertyDetector'. Initializing Default Property Detector
2023-11-10 11:11:13.452 INFO  [restartedMain] [o.s.b.w.embedded.tomcat.TomcatWebServer] - Tomcat initialized with port(s): 8080 (http)
2023-11-10 11:11:13.476 INFO  [restartedMain] [o.apache.coyote.http11.Http11NioProtocol] - Initializing ProtocolHandler ["http-nio-127.0.0.1-8080"]
2023-11-10 11:11:13.480 INFO  [restartedMain] [org.apache.catalina.core.StandardService] - Starting service [Tomcat]
2023-11-10 11:11:13.480 INFO  [restartedMain] [org.apache.catalina.core.StandardEngine] - Starting Servlet engine: [Apache Tomcat/9.0.79]
2023-11-10 11:11:13.930 INFO  [restartedMain] [o.a.c.c.C.[Tomcat].[localhost].[/]] - Initializing Spring embedded WebApplicationContext
2023-11-10 11:11:13.931 INFO  [restartedMain] [o.s.b.w.s.c.ServletWebServerApplicationContext] - Root WebApplicationContext: initialization completed in 19719 ms
2023-11-10 11:11:14.795 INFO  [restartedMain] [o.hibernate.jpa.internal.util.LogHelper] - HHH000204: Processing PersistenceUnitInfo [name: default]
2023-11-10 11:11:14.991 INFO  [restartedMain] [org.hibernate.Version] - HHH000412: Hibernate ORM core version 5.6.15.Final
2023-11-10 11:11:15.488 INFO  [restartedMain] [org.hibernate.annotations.common.Version] - HCANN000001: Hibernate Commons Annotations {5.1.2.Final}
2023-11-10 11:11:15.777 INFO  [restartedMain] [com.zaxxer.hikari.HikariDataSource] - HikariPool-1 - Starting...
2023-11-10 11:11:16.510 INFO  [restartedMain] [com.zaxxer.hikari.HikariDataSource] - HikariPool-1 - Start completed.
2023-11-10 11:11:16.555 INFO  [restartedMain] [org.hibernate.dialect.Dialect] - HHH000400: Using dialect: org.hibernate.dialect.MySQL5InnoDBDialect
2023-11-10 11:11:19.695 INFO  [restartedMain] [o.h.e.t.j.p.i.JtaPlatformInitiator] - HHH000490: Using JtaPlatform implementation: [org.hibernate.engine.transaction.jta.platform.internal.NoJtaPlatform]
2023-11-10 11:11:19.721 INFO  [restartedMain] [o.s.o.j.LocalContainerEntityManagerFactoryBean] - Initialized JPA EntityManagerFactory for persistence unit 'default'
2023-11-10 11:11:26.238 INFO  [restartedMain] [o.s.b.a.e.web.EndpointLinksResolver] - Exposing 2 endpoint(s) beneath base path '/checking'
2023-11-10 11:11:26.792 INFO  [restartedMain] [o.s.b.d.a.OptionalLiveReloadServer] - LiveReload server is running on port 35729
2023-11-10 11:11:28.064 INFO  [restartedMain] [o.apache.coyote.http11.Http11NioProtocol] - Starting ProtocolHandler ["http-nio-127.0.0.1-8080"]
2023-11-10 11:11:28.091 INFO  [restartedMain] [o.s.b.w.embedded.tomcat.TomcatWebServer] - Tomcat started on port(s): 8080 (http) with context path ''
2023-11-10 11:11:28.093 INFO  [restartedMain] [c.u.j.c.RefreshScopeRefreshedEventListener] - Refreshing cached encryptable property sources on ServletWebServerInitializedEvent
2023-11-10 11:11:28.093 INFO  [restartedMain] [c.u.j.c.CachingDelegateEncryptablePropertySource] - Property Source systemProperties refreshed
2023-11-10 11:11:28.093 INFO  [restartedMain] [c.u.j.c.CachingDelegateEncryptablePropertySource] - Property Source systemEnvironment refreshed
2023-11-10 11:11:28.094 INFO  [restartedMain] [c.u.j.c.CachingDelegateEncryptablePropertySource] - Property Source random refreshed
2023-11-10 11:11:28.094 INFO  [restartedMain] [c.u.j.c.CachingDelegateEncryptablePropertySource] - Property Source Config resource 'class path resource [application.yml]' via location 'optional:classpath:/' refreshed
2023-11-10 11:11:28.094 INFO  [restartedMain] [c.u.j.c.CachingDelegateEncryptablePropertySource] - Property Source devtools refreshed
2023-11-10 11:11:28.094 INFO  [restartedMain] [c.u.j.EncryptablePropertySourceConverter] - Converting PropertySource server.ports [org.springframework.core.env.MapPropertySource] to EncryptableMapPropertySourceWrapper
2023-11-10 11:11:28.094 INFO  [restartedMain] [c.u.j.EncryptablePropertySourceConverter] - Skipping PropertySource configurationProperties [class org.springframework.boot.context.properties.source.ConfigurationPropertySourcesPropertySource
2023-11-10 11:11:28.094 INFO  [restartedMain] [c.u.j.EncryptablePropertySourceConverter] - Skipping PropertySource servletConfigInitParams [class org.springframework.core.env.PropertySource$StubPropertySource
2023-11-10 11:11:28.095 INFO  [restartedMain] [c.u.j.EncryptablePropertySourceConverter] - Converting PropertySource servletContextInitParams [org.springframework.web.context.support.ServletContextPropertySource] to EncryptableEnumerablePropertySourceWrapper
2023-11-10 11:11:28.095 INFO  [restartedMain] [c.u.j.EncryptablePropertySourceConverter] - Converting PropertySource Management Server [org.springframework.boot.actuate.autoconfigure.web.server.ManagementContextAutoConfiguration$SameManagementContextConfiguration$1] to EncryptablePropertySourceWrapper
2023-11-10 11:11:29.158 INFO  [restartedMain] [c.b.back_bipatv.BackBipaTvApplication] - Started BackBipaTvApplication in 36.759 seconds (JVM running for 39.019)
2023-11-10 11:23:29.354 INFO  [SpringApplicationShutdownHook] [o.s.o.j.LocalContainerEntityManagerFactoryBean] - Closing JPA EntityManagerFactory for persistence unit 'default'
2023-11-10 11:23:29.416 INFO  [SpringApplicationShutdownHook] [com.zaxxer.hikari.HikariDataSource] - HikariPool-1 - Shutdown initiated...
2023-11-10 11:23:30.013 INFO  [SpringApplicationShutdownHook] [com.zaxxer.hikari.HikariDataSource] - HikariPool-1 - Shutdown completed.
2023-11-10 11:23:51.271 INFO  [restartedMain] [c.b.back_bipatv.BackBipaTvApplication] - Starting BackBipaTvApplication using Java 11.0.19 on DESKTOP-D6RL7LJ with PID 20844 (C:\Users\HE-Jeon\Desktop\Bit\teamProject\api\out\production\classes started by HE-Jeon in C:\Users\HE-Jeon\Desktop\Bit\teamProject\api)
2023-11-10 11:23:51.278 INFO  [restartedMain] [c.b.back_bipatv.BackBipaTvApplication] - No active profile set, falling back to 1 default profile: "default"
2023-11-10 11:23:51.278 INFO  [background-preinit] [o.h.validator.internal.util.Version] - HV000001: Hibernate Validator 6.2.5.Final
2023-11-10 11:23:51.431 INFO  [restartedMain] [o.s.b.d.e.DevToolsPropertyDefaultsPostProcessor] - Devtools property defaults active! Set 'spring.devtools.add-properties' to 'false' to disable
2023-11-10 11:23:51.432 INFO  [restartedMain] [o.s.b.d.e.DevToolsPropertyDefaultsPostProcessor] - For additional web related logging consider setting the 'logging.level.web' property to 'DEBUG'
2023-11-10 11:24:03.319 WARN  [restartedMain] [com.amazonaws.util.EC2MetadataUtils] - Unable to retrieve the requested metadata (/latest/meta-data/instance-id). Failed to connect to service endpoint: 
com.amazonaws.SdkClientException: Failed to connect to service endpoint: 
	at com.amazonaws.internal.EC2ResourceFetcher.doReadResource(EC2ResourceFetcher.java:112)
	at com.amazonaws.internal.EC2ResourceFetcher.doReadResource(EC2ResourceFetcher.java:70)
	at com.amazonaws.internal.InstanceMetadataServiceResourceFetcher.readResource(InstanceMetadataServiceResourceFetcher.java:75)
	at com.amazonaws.internal.EC2ResourceFetcher.readResource(EC2ResourceFetcher.java:66)
	at com.amazonaws.util.EC2MetadataUtils.getItems(EC2MetadataUtils.java:407)
	at com.amazonaws.util.EC2MetadataUtils.getData(EC2MetadataUtils.java:376)
	at org.springframework.cloud.aws.context.support.env.AwsCloudEnvironmentCheckUtils.isRunningOnCloudEnvironment(AwsCloudEnvironmentCheckUtils.java:38)
	at org.springframework.cloud.aws.context.annotation.OnAwsCloudEnvironmentCondition.matches(OnAwsCloudEnvironmentCondition.java:37)
	at org.springframework.context.annotation.ConditionEvaluator.shouldSkip(ConditionEvaluator.java:108)
	at org.springframework.context.annotation.ConfigurationClassParser.processConfigurationClass(ConfigurationClassParser.java:225)
	at org.springframework.context.annotation.ConfigurationClassParser.processImports(ConfigurationClassParser.java:599)
	at org.springframework.context.annotation.ConfigurationClassParser.access$800(ConfigurationClassParser.java:110)
	at org.springframework.context.annotation.ConfigurationClassParser$DeferredImportSelectorGroupingHandler.lambda$processGroupImports$1(ConfigurationClassParser.java:812)
	at java.base/java.util.ArrayList.forEach(ArrayList.java:1541)
	at org.springframework.context.annotation.ConfigurationClassParser$DeferredImportSelectorGroupingHandler.processGroupImports(ConfigurationClassParser.java:809)
	at org.springframework.context.annotation.ConfigurationClassParser$DeferredImportSelectorHandler.process(ConfigurationClassParser.java:780)
	at org.springframework.context.annotation.ConfigurationClassParser.parse(ConfigurationClassParser.java:192)
	at org.springframework.context.annotation.ConfigurationClassPostProcessor.processConfigBeanDefinitions(ConfigurationClassPostProcessor.java:331)
	at org.springframework.context.annotation.ConfigurationClassPostProcessor.postProcessBeanDefinitionRegistry(ConfigurationClassPostProcessor.java:247)
	at org.springframework.context.support.PostProcessorRegistrationDelegate.invokeBeanDefinitionRegistryPostProcessors(PostProcessorRegistrationDelegate.java:311)
	at org.springframework.context.support.PostProcessorRegistrationDelegate.invokeBeanFactoryPostProcessors(PostProcessorRegistrationDelegate.java:112)
	at org.springframework.context.support.AbstractApplicationContext.invokeBeanFactoryPostProcessors(AbstractApplicationContext.java:748)
	at org.springframework.context.support.AbstractApplicationContext.refresh(AbstractApplicationContext.java:564)
	at org.springframework.boot.web.servlet.context.ServletWebServerApplicationContext.refresh(ServletWebServerApplicationContext.java:147)
	at org.springframework.boot.SpringApplication.refresh(SpringApplication.java:731)
	at org.springframework.boot.SpringApplication.refreshContext(SpringApplication.java:408)
	at org.springframework.boot.SpringApplication.run(SpringApplication.java:307)
	at org.springframework.boot.SpringApplication.run(SpringApplication.java:1303)
	at org.springframework.boot.SpringApplication.run(SpringApplication.java:1292)
	at com.bipa4.back_bipatv.BackBipaTvApplication.main(BackBipaTvApplication.java:16)
	at java.base/jdk.internal.reflect.NativeMethodAccessorImpl.invoke0(Native Method)
	at java.base/jdk.internal.reflect.NativeMethodAccessorImpl.invoke(NativeMethodAccessorImpl.java:62)
	at java.base/jdk.internal.reflect.DelegatingMethodAccessorImpl.invoke(DelegatingMethodAccessorImpl.java:43)
	at java.base/java.lang.reflect.Method.invoke(Method.java:566)
	at org.springframework.boot.devtools.restart.RestartLauncher.run(RestartLauncher.java:50)
Caused by: java.net.SocketTimeoutException: connect timed out
	at java.base/java.net.PlainSocketImpl.waitForConnect(Native Method)
	at java.base/java.net.PlainSocketImpl.socketConnect(PlainSocketImpl.java:107)
	at java.base/java.net.AbstractPlainSocketImpl.doConnect(AbstractPlainSocketImpl.java:412)
	at java.base/java.net.AbstractPlainSocketImpl.connectToAddress(AbstractPlainSocketImpl.java:255)
	at java.base/java.net.AbstractPlainSocketImpl.connect(AbstractPlainSocketImpl.java:237)
	at java.base/java.net.Socket.connect(Socket.java:609)
	at java.base/sun.net.NetworkClient.doConnect(NetworkClient.java:177)
	at java.base/sun.net.www.http.HttpClient.openServer(HttpClient.java:507)
	at java.base/sun.net.www.http.HttpClient.openServer(HttpClient.java:602)
	at java.base/sun.net.www.http.HttpClient.<init>(HttpClient.java:275)
	at java.base/sun.net.www.http.HttpClient.New(HttpClient.java:374)
	at java.base/sun.net.www.http.HttpClient.New(HttpClient.java:395)
	at java.base/sun.net.www.protocol.http.HttpURLConnection.getNewHttpClient(HttpURLConnection.java:1253)
	at java.base/sun.net.www.protocol.http.HttpURLConnection.plainConnect0(HttpURLConnection.java:1232)
	at java.base/sun.net.www.protocol.http.HttpURLConnection.plainConnect(HttpURLConnection.java:1081)
	at java.base/sun.net.www.protocol.http.HttpURLConnection.connect(HttpURLConnection.java:1015)
	at com.amazonaws.internal.ConnectionUtils.connectToEndpoint(ConnectionUtils.java:95)
	at com.amazonaws.internal.EC2ResourceFetcher.doReadResource(EC2ResourceFetcher.java:84)
	... 34 common frames omitted
2023-11-10 11:24:04.877 INFO  [restartedMain] [o.s.d.r.c.RepositoryConfigurationDelegate] - Multiple Spring Data modules found, entering strict repository configuration mode
2023-11-10 11:24:04.887 INFO  [restartedMain] [o.s.d.r.c.RepositoryConfigurationDelegate] - Bootstrapping Spring Data JPA repositories in DEFAULT mode.
2023-11-10 11:24:05.868 INFO  [restartedMain] [o.s.d.r.c.RepositoryConfigurationDelegate] - Finished Spring Data repository scanning in 947 ms. Found 6 JPA repository interfaces.
2023-11-10 11:24:05.920 INFO  [restartedMain] [o.s.d.r.c.RepositoryConfigurationDelegate] - Multiple Spring Data modules found, entering strict repository configuration mode
2023-11-10 11:24:05.924 INFO  [restartedMain] [o.s.d.r.c.RepositoryConfigurationDelegate] - Bootstrapping Spring Data Redis repositories in DEFAULT mode.
2023-11-10 11:24:06.031 INFO  [restartedMain] [o.s.d.r.c.RepositoryConfigurationExtensionSupport] - Spring Data Redis - Could not safely identify store assignment for repository candidate interface com.bipa4.back_bipatv.repository.AccountRepository; If you want this repository to be a Redis repository, consider annotating your entities with one of these annotations: org.springframework.data.redis.core.RedisHash (preferred), or consider extending one of the following types with your repository: org.springframework.data.keyvalue.repository.KeyValueRepository
2023-11-10 11:24:06.032 INFO  [restartedMain] [o.s.d.r.c.RepositoryConfigurationExtensionSupport] - Spring Data Redis - Could not safely identify store assignment for repository candidate interface com.bipa4.back_bipatv.repository.ChannelRepository; If you want this repository to be a Redis repository, consider annotating your entities with one of these annotations: org.springframework.data.redis.core.RedisHash (preferred), or consider extending one of the following types with your repository: org.springframework.data.keyvalue.repository.KeyValueRepository
2023-11-10 11:24:06.034 INFO  [restartedMain] [o.s.d.r.c.RepositoryConfigurationExtensionSupport] - Spring Data Redis - Could not safely identify store assignment for repository candidate interface com.bipa4.back_bipatv.repository.CommentRepository; If you want this repository to be a Redis repository, consider annotating your entities with one of these annotations: org.springframework.data.redis.core.RedisHash (preferred), or consider extending one of the following types with your repository: org.springframework.data.keyvalue.repository.KeyValueRepository
2023-11-10 11:24:06.035 INFO  [restartedMain] [o.s.d.r.c.RepositoryConfigurationExtensionSupport] - Spring Data Redis - Could not safely identify store assignment for repository candidate interface com.bipa4.back_bipatv.repository.LogRepository; If you want this repository to be a Redis repository, consider annotating your entities with one of these annotations: org.springframework.data.redis.core.RedisHash (preferred), or consider extending one of the following types with your repository: org.springframework.data.keyvalue.repository.KeyValueRepository
2023-11-10 11:24:06.037 INFO  [restartedMain] [o.s.d.r.c.RepositoryConfigurationExtensionSupport] - Spring Data Redis - Could not safely identify store assignment for repository candidate interface com.bipa4.back_bipatv.repository.VideoChannelRepository; If you want this repository to be a Redis repository, consider annotating your entities with one of these annotations: org.springframework.data.redis.core.RedisHash (preferred), or consider extending one of the following types with your repository: org.springframework.data.keyvalue.repository.KeyValueRepository
2023-11-10 11:24:06.038 INFO  [restartedMain] [o.s.d.r.c.RepositoryConfigurationExtensionSupport] - Spring Data Redis - Could not safely identify store assignment for repository candidate interface com.bipa4.back_bipatv.repository.VideoRepository; If you want this repository to be a Redis repository, consider annotating your entities with one of these annotations: org.springframework.data.redis.core.RedisHash (preferred), or consider extending one of the following types with your repository: org.springframework.data.keyvalue.repository.KeyValueRepository
2023-11-10 11:24:06.039 INFO  [restartedMain] [o.s.d.r.c.RepositoryConfigurationDelegate] - Finished Spring Data repository scanning in 84 ms. Found 0 Redis repository interfaces.
2023-11-10 11:24:07.571 INFO  [restartedMain] [c.u.j.c.EnableEncryptablePropertiesBeanFactoryPostProcessor] - Post-processing PropertySource instances
2023-11-10 11:24:07.574 INFO  [restartedMain] [c.u.j.EncryptablePropertySourceConverter] - Skipping PropertySource configurationProperties [class org.springframework.boot.context.properties.source.ConfigurationPropertySourcesPropertySource
2023-11-10 11:24:07.581 INFO  [restartedMain] [c.u.j.EncryptablePropertySourceConverter] - Skipping PropertySource servletConfigInitParams [class org.springframework.core.env.PropertySource$StubPropertySource
2023-11-10 11:24:07.582 INFO  [restartedMain] [c.u.j.EncryptablePropertySourceConverter] - Skipping PropertySource servletContextInitParams [class org.springframework.core.env.PropertySource$StubPropertySource
2023-11-10 11:24:07.587 INFO  [restartedMain] [c.u.j.EncryptablePropertySourceConverter] - Converting PropertySource systemProperties [org.springframework.core.env.PropertiesPropertySource] to EncryptableMapPropertySourceWrapper
2023-11-10 11:24:07.588 INFO  [restartedMain] [c.u.j.EncryptablePropertySourceConverter] - Converting PropertySource systemEnvironment [org.springframework.boot.env.SystemEnvironmentPropertySourceEnvironmentPostProcessor$OriginAwareSystemEnvironmentPropertySource] to EncryptableSystemEnvironmentPropertySourceWrapper
2023-11-10 11:24:07.589 INFO  [restartedMain] [c.u.j.EncryptablePropertySourceConverter] - Converting PropertySource random [org.springframework.boot.env.RandomValuePropertySource] to EncryptablePropertySourceWrapper
2023-11-10 11:24:07.589 INFO  [restartedMain] [c.u.j.EncryptablePropertySourceConverter] - Converting PropertySource Config resource 'class path resource [application.yml]' via location 'optional:classpath:/' [org.springframework.boot.env.OriginTrackedMapPropertySource] to EncryptableMapPropertySourceWrapper
2023-11-10 11:24:07.590 INFO  [restartedMain] [c.u.j.EncryptablePropertySourceConverter] - Converting PropertySource devtools [org.springframework.core.env.MapPropertySource] to EncryptableMapPropertySourceWrapper
2023-11-10 11:24:09.600 INFO  [restartedMain] [c.u.j.filter.DefaultLazyPropertyFilter] - Property Filter custom Bean not found with name 'encryptablePropertyFilter'. Initializing Default Property Filter
2023-11-10 11:24:09.627 INFO  [restartedMain] [c.u.j.r.DefaultLazyPropertyResolver] - Property Resolver custom Bean not found with name 'encryptablePropertyResolver'. Initializing Default Property Resolver
2023-11-10 11:24:09.635 INFO  [restartedMain] [c.u.j.d.DefaultLazyPropertyDetector] - Property Detector custom Bean not found with name 'encryptablePropertyDetector'. Initializing Default Property Detector
2023-11-10 11:24:13.149 INFO  [restartedMain] [o.s.b.w.embedded.tomcat.TomcatWebServer] - Tomcat initialized with port(s): 8080 (http)
2023-11-10 11:24:13.185 INFO  [restartedMain] [o.apache.coyote.http11.Http11NioProtocol] - Initializing ProtocolHandler ["http-nio-127.0.0.1-8080"]
2023-11-10 11:24:13.194 INFO  [restartedMain] [org.apache.catalina.core.StandardService] - Starting service [Tomcat]
2023-11-10 11:24:13.194 INFO  [restartedMain] [org.apache.catalina.core.StandardEngine] - Starting Servlet engine: [Apache Tomcat/9.0.79]
2023-11-10 11:24:14.003 INFO  [restartedMain] [o.a.c.c.C.[Tomcat].[localhost].[/]] - Initializing Spring embedded WebApplicationContext
2023-11-10 11:24:14.004 INFO  [restartedMain] [o.s.b.w.s.c.ServletWebServerApplicationContext] - Root WebApplicationContext: initialization completed in 22570 ms
2023-11-10 11:24:15.467 INFO  [restartedMain] [o.hibernate.jpa.internal.util.LogHelper] - HHH000204: Processing PersistenceUnitInfo [name: default]
2023-11-10 11:24:15.724 INFO  [restartedMain] [org.hibernate.Version] - HHH000412: Hibernate ORM core version 5.6.15.Final
2023-11-10 11:24:16.440 INFO  [restartedMain] [org.hibernate.annotations.common.Version] - HCANN000001: Hibernate Commons Annotations {5.1.2.Final}
2023-11-10 11:24:17.015 INFO  [restartedMain] [com.zaxxer.hikari.HikariDataSource] - HikariPool-1 - Starting...
2023-11-10 11:24:17.903 INFO  [restartedMain] [com.zaxxer.hikari.HikariDataSource] - HikariPool-1 - Start completed.
2023-11-10 11:24:17.997 INFO  [restartedMain] [org.hibernate.dialect.Dialect] - HHH000400: Using dialect: org.hibernate.dialect.MySQL5InnoDBDialect
2023-11-10 11:24:21.965 INFO  [restartedMain] [o.h.e.t.j.p.i.JtaPlatformInitiator] - HHH000490: Using JtaPlatform implementation: [org.hibernate.engine.transaction.jta.platform.internal.NoJtaPlatform]
2023-11-10 11:24:22.024 INFO  [restartedMain] [o.s.o.j.LocalContainerEntityManagerFactoryBean] - Initialized JPA EntityManagerFactory for persistence unit 'default'
2023-11-10 11:24:31.678 INFO  [restartedMain] [o.s.b.a.e.web.EndpointLinksResolver] - Exposing 2 endpoint(s) beneath base path '/checking'
2023-11-10 11:24:32.533 INFO  [restartedMain] [o.s.b.d.a.OptionalLiveReloadServer] - LiveReload server is running on port 35729
2023-11-10 11:24:34.678 INFO  [restartedMain] [o.apache.coyote.http11.Http11NioProtocol] - Starting ProtocolHandler ["http-nio-127.0.0.1-8080"]
2023-11-10 11:24:34.717 INFO  [restartedMain] [o.s.b.w.embedded.tomcat.TomcatWebServer] - Tomcat started on port(s): 8080 (http) with context path ''
2023-11-10 11:24:34.720 INFO  [restartedMain] [c.u.j.c.RefreshScopeRefreshedEventListener] - Refreshing cached encryptable property sources on ServletWebServerInitializedEvent
2023-11-10 11:24:34.722 INFO  [restartedMain] [c.u.j.c.CachingDelegateEncryptablePropertySource] - Property Source systemProperties refreshed
2023-11-10 11:24:34.722 INFO  [restartedMain] [c.u.j.c.CachingDelegateEncryptablePropertySource] - Property Source systemEnvironment refreshed
2023-11-10 11:24:34.722 INFO  [restartedMain] [c.u.j.c.CachingDelegateEncryptablePropertySource] - Property Source random refreshed
2023-11-10 11:24:34.722 INFO  [restartedMain] [c.u.j.c.CachingDelegateEncryptablePropertySource] - Property Source Config resource 'class path resource [application.yml]' via location 'optional:classpath:/' refreshed
2023-11-10 11:24:34.722 INFO  [restartedMain] [c.u.j.c.CachingDelegateEncryptablePropertySource] - Property Source devtools refreshed
2023-11-10 11:24:34.723 INFO  [restartedMain] [c.u.j.EncryptablePropertySourceConverter] - Converting PropertySource server.ports [org.springframework.core.env.MapPropertySource] to EncryptableMapPropertySourceWrapper
2023-11-10 11:24:34.723 INFO  [restartedMain] [c.u.j.EncryptablePropertySourceConverter] - Skipping PropertySource configurationProperties [class org.springframework.boot.context.properties.source.ConfigurationPropertySourcesPropertySource
2023-11-10 11:24:34.723 INFO  [restartedMain] [c.u.j.EncryptablePropertySourceConverter] - Skipping PropertySource servletConfigInitParams [class org.springframework.core.env.PropertySource$StubPropertySource
2023-11-10 11:24:34.723 INFO  [restartedMain] [c.u.j.EncryptablePropertySourceConverter] - Converting PropertySource servletContextInitParams [org.springframework.web.context.support.ServletContextPropertySource] to EncryptableEnumerablePropertySourceWrapper
2023-11-10 11:24:34.723 INFO  [restartedMain] [c.u.j.EncryptablePropertySourceConverter] - Converting PropertySource Management Server [org.springframework.boot.actuate.autoconfigure.web.server.ManagementContextAutoConfiguration$SameManagementContextConfiguration$1] to EncryptablePropertySourceWrapper
2023-11-10 11:24:35.029 INFO  [http-nio-127.0.0.1-8080-exec-1] [o.a.c.c.C.[Tomcat].[localhost].[/]] - Initializing Spring DispatcherServlet 'dispatcherServlet'
2023-11-10 11:24:35.030 INFO  [http-nio-127.0.0.1-8080-exec-1] [o.s.web.servlet.DispatcherServlet] - Initializing Servlet 'dispatcherServlet'
2023-11-10 11:24:35.036 INFO  [http-nio-127.0.0.1-8080-exec-1] [o.s.web.servlet.DispatcherServlet] - Completed initialization in 5 ms
2023-11-10 11:24:36.360 INFO  [restartedMain] [c.b.back_bipatv.BackBipaTvApplication] - Started BackBipaTvApplication in 46.839 seconds (JVM running for 49.234)
2023-11-10 11:24:37.408 INFO  [http-nio-127.0.0.1-8080-exec-1] [c.b.back_bipatv.interceptor.Interceptor] - 사용자: 전하은 호출 url: /video/detail/6962459b-018b-1000-0000-80bf0ddb0000
2023-11-10 11:24:37.475 WARN  [http-nio-127.0.0.1-8080-exec-1] [o.a.m.c.t.i.m.jdbc.AbstractJDBCDataModel] - You are not using ConnectionPoolDataSource. Make sure your DataSource pools connections to the database itself, or database performance will be severely reduced.
2023-11-10 11:24:41.230 INFO  [http-nio-127.0.0.1-8080-exec-1] [c.b.back_bipatv.interceptor.Interceptor] - afterCompletion Response status: 400
2023-11-10 11:24:52.597 INFO  [SpringApplicationShutdownHook] [o.s.o.j.LocalContainerEntityManagerFactoryBean] - Closing JPA EntityManagerFactory for persistence unit 'default'
2023-11-10 11:24:52.607 INFO  [SpringApplicationShutdownHook] [com.zaxxer.hikari.HikariDataSource] - HikariPool-1 - Shutdown initiated...
2023-11-10 11:24:52.643 INFO  [SpringApplicationShutdownHook] [com.zaxxer.hikari.HikariDataSource] - HikariPool-1 - Shutdown completed.
2023-11-10 11:25:02.085 INFO  [restartedMain] [c.b.back_bipatv.BackBipaTvApplication] - Starting BackBipaTvApplication using Java 11.0.19 on DESKTOP-D6RL7LJ with PID 11168 (C:\Users\HE-Jeon\Desktop\Bit\teamProject\api\out\production\classes started by HE-Jeon in C:\Users\HE-Jeon\Desktop\Bit\teamProject\api)
2023-11-10 11:25:02.090 INFO  [background-preinit] [o.h.validator.internal.util.Version] - HV000001: Hibernate Validator 6.2.5.Final
2023-11-10 11:25:02.093 INFO  [restartedMain] [c.b.back_bipatv.BackBipaTvApplication] - No active profile set, falling back to 1 default profile: "default"
2023-11-10 11:25:02.332 INFO  [restartedMain] [o.s.b.d.e.DevToolsPropertyDefaultsPostProcessor] - Devtools property defaults active! Set 'spring.devtools.add-properties' to 'false' to disable
2023-11-10 11:25:02.333 INFO  [restartedMain] [o.s.b.d.e.DevToolsPropertyDefaultsPostProcessor] - For additional web related logging consider setting the 'logging.level.web' property to 'DEBUG'
2023-11-10 11:25:14.838 WARN  [restartedMain] [com.amazonaws.util.EC2MetadataUtils] - Unable to retrieve the requested metadata (/latest/meta-data/instance-id). Failed to connect to service endpoint: 
com.amazonaws.SdkClientException: Failed to connect to service endpoint: 
	at com.amazonaws.internal.EC2ResourceFetcher.doReadResource(EC2ResourceFetcher.java:112)
	at com.amazonaws.internal.EC2ResourceFetcher.doReadResource(EC2ResourceFetcher.java:70)
	at com.amazonaws.internal.InstanceMetadataServiceResourceFetcher.readResource(InstanceMetadataServiceResourceFetcher.java:75)
	at com.amazonaws.internal.EC2ResourceFetcher.readResource(EC2ResourceFetcher.java:66)
	at com.amazonaws.util.EC2MetadataUtils.getItems(EC2MetadataUtils.java:407)
	at com.amazonaws.util.EC2MetadataUtils.getData(EC2MetadataUtils.java:376)
	at org.springframework.cloud.aws.context.support.env.AwsCloudEnvironmentCheckUtils.isRunningOnCloudEnvironment(AwsCloudEnvironmentCheckUtils.java:38)
	at org.springframework.cloud.aws.context.annotation.OnAwsCloudEnvironmentCondition.matches(OnAwsCloudEnvironmentCondition.java:37)
	at org.springframework.context.annotation.ConditionEvaluator.shouldSkip(ConditionEvaluator.java:108)
	at org.springframework.context.annotation.ConfigurationClassParser.processConfigurationClass(ConfigurationClassParser.java:225)
	at org.springframework.context.annotation.ConfigurationClassParser.processImports(ConfigurationClassParser.java:599)
	at org.springframework.context.annotation.ConfigurationClassParser.access$800(ConfigurationClassParser.java:110)
	at org.springframework.context.annotation.ConfigurationClassParser$DeferredImportSelectorGroupingHandler.lambda$processGroupImports$1(ConfigurationClassParser.java:812)
	at java.base/java.util.ArrayList.forEach(ArrayList.java:1541)
	at org.springframework.context.annotation.ConfigurationClassParser$DeferredImportSelectorGroupingHandler.processGroupImports(ConfigurationClassParser.java:809)
	at org.springframework.context.annotation.ConfigurationClassParser$DeferredImportSelectorHandler.process(ConfigurationClassParser.java:780)
	at org.springframework.context.annotation.ConfigurationClassParser.parse(ConfigurationClassParser.java:192)
	at org.springframework.context.annotation.ConfigurationClassPostProcessor.processConfigBeanDefinitions(ConfigurationClassPostProcessor.java:331)
	at org.springframework.context.annotation.ConfigurationClassPostProcessor.postProcessBeanDefinitionRegistry(ConfigurationClassPostProcessor.java:247)
	at org.springframework.context.support.PostProcessorRegistrationDelegate.invokeBeanDefinitionRegistryPostProcessors(PostProcessorRegistrationDelegate.java:311)
	at org.springframework.context.support.PostProcessorRegistrationDelegate.invokeBeanFactoryPostProcessors(PostProcessorRegistrationDelegate.java:112)
	at org.springframework.context.support.AbstractApplicationContext.invokeBeanFactoryPostProcessors(AbstractApplicationContext.java:748)
	at org.springframework.context.support.AbstractApplicationContext.refresh(AbstractApplicationContext.java:564)
	at org.springframework.boot.web.servlet.context.ServletWebServerApplicationContext.refresh(ServletWebServerApplicationContext.java:147)
	at org.springframework.boot.SpringApplication.refresh(SpringApplication.java:731)
	at org.springframework.boot.SpringApplication.refreshContext(SpringApplication.java:408)
	at org.springframework.boot.SpringApplication.run(SpringApplication.java:307)
	at org.springframework.boot.SpringApplication.run(SpringApplication.java:1303)
	at org.springframework.boot.SpringApplication.run(SpringApplication.java:1292)
	at com.bipa4.back_bipatv.BackBipaTvApplication.main(BackBipaTvApplication.java:16)
	at java.base/jdk.internal.reflect.NativeMethodAccessorImpl.invoke0(Native Method)
	at java.base/jdk.internal.reflect.NativeMethodAccessorImpl.invoke(NativeMethodAccessorImpl.java:62)
	at java.base/jdk.internal.reflect.DelegatingMethodAccessorImpl.invoke(DelegatingMethodAccessorImpl.java:43)
	at java.base/java.lang.reflect.Method.invoke(Method.java:566)
	at org.springframework.boot.devtools.restart.RestartLauncher.run(RestartLauncher.java:50)
Caused by: java.net.SocketTimeoutException: connect timed out
	at java.base/java.net.PlainSocketImpl.waitForConnect(Native Method)
	at java.base/java.net.PlainSocketImpl.socketConnect(PlainSocketImpl.java:107)
	at java.base/java.net.AbstractPlainSocketImpl.doConnect(AbstractPlainSocketImpl.java:412)
	at java.base/java.net.AbstractPlainSocketImpl.connectToAddress(AbstractPlainSocketImpl.java:255)
	at java.base/java.net.AbstractPlainSocketImpl.connect(AbstractPlainSocketImpl.java:237)
	at java.base/java.net.Socket.connect(Socket.java:609)
	at java.base/sun.net.NetworkClient.doConnect(NetworkClient.java:177)
	at java.base/sun.net.www.http.HttpClient.openServer(HttpClient.java:507)
	at java.base/sun.net.www.http.HttpClient.openServer(HttpClient.java:602)
	at java.base/sun.net.www.http.HttpClient.<init>(HttpClient.java:275)
	at java.base/sun.net.www.http.HttpClient.New(HttpClient.java:374)
	at java.base/sun.net.www.http.HttpClient.New(HttpClient.java:395)
	at java.base/sun.net.www.protocol.http.HttpURLConnection.getNewHttpClient(HttpURLConnection.java:1253)
	at java.base/sun.net.www.protocol.http.HttpURLConnection.plainConnect0(HttpURLConnection.java:1232)
	at java.base/sun.net.www.protocol.http.HttpURLConnection.plainConnect(HttpURLConnection.java:1081)
	at java.base/sun.net.www.protocol.http.HttpURLConnection.connect(HttpURLConnection.java:1015)
	at com.amazonaws.internal.ConnectionUtils.connectToEndpoint(ConnectionUtils.java:95)
	at com.amazonaws.internal.EC2ResourceFetcher.doReadResource(EC2ResourceFetcher.java:84)
	... 34 common frames omitted
2023-11-10 11:25:16.519 INFO  [restartedMain] [o.s.d.r.c.RepositoryConfigurationDelegate] - Multiple Spring Data modules found, entering strict repository configuration mode
2023-11-10 11:25:16.528 INFO  [restartedMain] [o.s.d.r.c.RepositoryConfigurationDelegate] - Bootstrapping Spring Data JPA repositories in DEFAULT mode.
2023-11-10 11:25:17.591 INFO  [restartedMain] [o.s.d.r.c.RepositoryConfigurationDelegate] - Finished Spring Data repository scanning in 1010 ms. Found 6 JPA repository interfaces.
2023-11-10 11:25:17.639 INFO  [restartedMain] [o.s.d.r.c.RepositoryConfigurationDelegate] - Multiple Spring Data modules found, entering strict repository configuration mode
2023-11-10 11:25:17.645 INFO  [restartedMain] [o.s.d.r.c.RepositoryConfigurationDelegate] - Bootstrapping Spring Data Redis repositories in DEFAULT mode.
2023-11-10 11:25:17.754 INFO  [restartedMain] [o.s.d.r.c.RepositoryConfigurationExtensionSupport] - Spring Data Redis - Could not safely identify store assignment for repository candidate interface com.bipa4.back_bipatv.repository.AccountRepository; If you want this repository to be a Redis repository, consider annotating your entities with one of these annotations: org.springframework.data.redis.core.RedisHash (preferred), or consider extending one of the following types with your repository: org.springframework.data.keyvalue.repository.KeyValueRepository
2023-11-10 11:25:17.755 INFO  [restartedMain] [o.s.d.r.c.RepositoryConfigurationExtensionSupport] - Spring Data Redis - Could not safely identify store assignment for repository candidate interface com.bipa4.back_bipatv.repository.ChannelRepository; If you want this repository to be a Redis repository, consider annotating your entities with one of these annotations: org.springframework.data.redis.core.RedisHash (preferred), or consider extending one of the following types with your repository: org.springframework.data.keyvalue.repository.KeyValueRepository
2023-11-10 11:25:17.756 INFO  [restartedMain] [o.s.d.r.c.RepositoryConfigurationExtensionSupport] - Spring Data Redis - Could not safely identify store assignment for repository candidate interface com.bipa4.back_bipatv.repository.CommentRepository; If you want this repository to be a Redis repository, consider annotating your entities with one of these annotations: org.springframework.data.redis.core.RedisHash (preferred), or consider extending one of the following types with your repository: org.springframework.data.keyvalue.repository.KeyValueRepository
2023-11-10 11:25:17.758 INFO  [restartedMain] [o.s.d.r.c.RepositoryConfigurationExtensionSupport] - Spring Data Redis - Could not safely identify store assignment for repository candidate interface com.bipa4.back_bipatv.repository.LogRepository; If you want this repository to be a Redis repository, consider annotating your entities with one of these annotations: org.springframework.data.redis.core.RedisHash (preferred), or consider extending one of the following types with your repository: org.springframework.data.keyvalue.repository.KeyValueRepository
2023-11-10 11:25:17.760 INFO  [restartedMain] [o.s.d.r.c.RepositoryConfigurationExtensionSupport] - Spring Data Redis - Could not safely identify store assignment for repository candidate interface com.bipa4.back_bipatv.repository.VideoChannelRepository; If you want this repository to be a Redis repository, consider annotating your entities with one of these annotations: org.springframework.data.redis.core.RedisHash (preferred), or consider extending one of the following types with your repository: org.springframework.data.keyvalue.repository.KeyValueRepository
2023-11-10 11:25:17.761 INFO  [restartedMain] [o.s.d.r.c.RepositoryConfigurationExtensionSupport] - Spring Data Redis - Could not safely identify store assignment for repository candidate interface com.bipa4.back_bipatv.repository.VideoRepository; If you want this repository to be a Redis repository, consider annotating your entities with one of these annotations: org.springframework.data.redis.core.RedisHash (preferred), or consider extending one of the following types with your repository: org.springframework.data.keyvalue.repository.KeyValueRepository
2023-11-10 11:25:17.762 INFO  [restartedMain] [o.s.d.r.c.RepositoryConfigurationDelegate] - Finished Spring Data repository scanning in 84 ms. Found 0 Redis repository interfaces.
2023-11-10 11:25:19.227 INFO  [restartedMain] [c.u.j.c.EnableEncryptablePropertiesBeanFactoryPostProcessor] - Post-processing PropertySource instances
2023-11-10 11:25:19.229 INFO  [restartedMain] [c.u.j.EncryptablePropertySourceConverter] - Skipping PropertySource configurationProperties [class org.springframework.boot.context.properties.source.ConfigurationPropertySourcesPropertySource
2023-11-10 11:25:19.234 INFO  [restartedMain] [c.u.j.EncryptablePropertySourceConverter] - Skipping PropertySource servletConfigInitParams [class org.springframework.core.env.PropertySource$StubPropertySource
2023-11-10 11:25:19.234 INFO  [restartedMain] [c.u.j.EncryptablePropertySourceConverter] - Skipping PropertySource servletContextInitParams [class org.springframework.core.env.PropertySource$StubPropertySource
2023-11-10 11:25:19.238 INFO  [restartedMain] [c.u.j.EncryptablePropertySourceConverter] - Converting PropertySource systemProperties [org.springframework.core.env.PropertiesPropertySource] to EncryptableMapPropertySourceWrapper
2023-11-10 11:25:19.238 INFO  [restartedMain] [c.u.j.EncryptablePropertySourceConverter] - Converting PropertySource systemEnvironment [org.springframework.boot.env.SystemEnvironmentPropertySourceEnvironmentPostProcessor$OriginAwareSystemEnvironmentPropertySource] to EncryptableSystemEnvironmentPropertySourceWrapper
2023-11-10 11:25:19.239 INFO  [restartedMain] [c.u.j.EncryptablePropertySourceConverter] - Converting PropertySource random [org.springframework.boot.env.RandomValuePropertySource] to EncryptablePropertySourceWrapper
2023-11-10 11:25:19.239 INFO  [restartedMain] [c.u.j.EncryptablePropertySourceConverter] - Converting PropertySource Config resource 'class path resource [application.yml]' via location 'optional:classpath:/' [org.springframework.boot.env.OriginTrackedMapPropertySource] to EncryptableMapPropertySourceWrapper
2023-11-10 11:25:19.239 INFO  [restartedMain] [c.u.j.EncryptablePropertySourceConverter] - Converting PropertySource devtools [org.springframework.core.env.MapPropertySource] to EncryptableMapPropertySourceWrapper
2023-11-10 11:25:21.184 INFO  [restartedMain] [c.u.j.filter.DefaultLazyPropertyFilter] - Property Filter custom Bean not found with name 'encryptablePropertyFilter'. Initializing Default Property Filter
2023-11-10 11:25:21.214 INFO  [restartedMain] [c.u.j.r.DefaultLazyPropertyResolver] - Property Resolver custom Bean not found with name 'encryptablePropertyResolver'. Initializing Default Property Resolver
2023-11-10 11:25:21.223 INFO  [restartedMain] [c.u.j.d.DefaultLazyPropertyDetector] - Property Detector custom Bean not found with name 'encryptablePropertyDetector'. Initializing Default Property Detector
2023-11-10 11:25:24.939 INFO  [restartedMain] [o.s.b.w.embedded.tomcat.TomcatWebServer] - Tomcat initialized with port(s): 8080 (http)
2023-11-10 11:25:24.975 INFO  [restartedMain] [o.apache.coyote.http11.Http11NioProtocol] - Initializing ProtocolHandler ["http-nio-127.0.0.1-8080"]
2023-11-10 11:25:24.980 INFO  [restartedMain] [org.apache.catalina.core.StandardService] - Starting service [Tomcat]
2023-11-10 11:25:24.981 INFO  [restartedMain] [org.apache.catalina.core.StandardEngine] - Starting Servlet engine: [Apache Tomcat/9.0.79]
2023-11-10 11:25:25.701 INFO  [restartedMain] [o.a.c.c.C.[Tomcat].[localhost].[/]] - Initializing Spring embedded WebApplicationContext
2023-11-10 11:25:25.701 INFO  [restartedMain] [o.s.b.w.s.c.ServletWebServerApplicationContext] - Root WebApplicationContext: initialization completed in 23356 ms
2023-11-10 11:25:27.395 INFO  [restartedMain] [o.hibernate.jpa.internal.util.LogHelper] - HHH000204: Processing PersistenceUnitInfo [name: default]
2023-11-10 11:25:27.645 INFO  [restartedMain] [org.hibernate.Version] - HHH000412: Hibernate ORM core version 5.6.15.Final
2023-11-10 11:25:28.646 INFO  [restartedMain] [org.hibernate.annotations.common.Version] - HCANN000001: Hibernate Commons Annotations {5.1.2.Final}
2023-11-10 11:25:29.207 INFO  [restartedMain] [com.zaxxer.hikari.HikariDataSource] - HikariPool-1 - Starting...
2023-11-10 11:25:30.192 INFO  [restartedMain] [com.zaxxer.hikari.HikariDataSource] - HikariPool-1 - Start completed.
2023-11-10 11:25:30.274 INFO  [restartedMain] [org.hibernate.dialect.Dialect] - HHH000400: Using dialect: org.hibernate.dialect.MySQL5InnoDBDialect
2023-11-10 11:25:34.238 INFO  [restartedMain] [o.h.e.t.j.p.i.JtaPlatformInitiator] - HHH000490: Using JtaPlatform implementation: [org.hibernate.engine.transaction.jta.platform.internal.NoJtaPlatform]
2023-11-10 11:25:34.286 INFO  [restartedMain] [o.s.o.j.LocalContainerEntityManagerFactoryBean] - Initialized JPA EntityManagerFactory for persistence unit 'default'
2023-11-10 11:25:44.781 INFO  [restartedMain] [o.s.b.a.e.web.EndpointLinksResolver] - Exposing 2 endpoint(s) beneath base path '/checking'
2023-11-10 11:25:45.687 INFO  [restartedMain] [o.s.b.d.a.OptionalLiveReloadServer] - LiveReload server is running on port 35729
2023-11-10 11:25:47.989 INFO  [restartedMain] [o.apache.coyote.http11.Http11NioProtocol] - Starting ProtocolHandler ["http-nio-127.0.0.1-8080"]
2023-11-10 11:25:48.047 INFO  [restartedMain] [o.s.b.w.embedded.tomcat.TomcatWebServer] - Tomcat started on port(s): 8080 (http) with context path ''
2023-11-10 11:25:48.049 INFO  [restartedMain] [c.u.j.c.RefreshScopeRefreshedEventListener] - Refreshing cached encryptable property sources on ServletWebServerInitializedEvent
2023-11-10 11:25:48.050 INFO  [restartedMain] [c.u.j.c.CachingDelegateEncryptablePropertySource] - Property Source systemProperties refreshed
2023-11-10 11:25:48.051 INFO  [restartedMain] [c.u.j.c.CachingDelegateEncryptablePropertySource] - Property Source systemEnvironment refreshed
2023-11-10 11:25:48.051 INFO  [restartedMain] [c.u.j.c.CachingDelegateEncryptablePropertySource] - Property Source random refreshed
2023-11-10 11:25:48.051 INFO  [restartedMain] [c.u.j.c.CachingDelegateEncryptablePropertySource] - Property Source Config resource 'class path resource [application.yml]' via location 'optional:classpath:/' refreshed
2023-11-10 11:25:48.051 INFO  [restartedMain] [c.u.j.c.CachingDelegateEncryptablePropertySource] - Property Source devtools refreshed
2023-11-10 11:25:48.052 INFO  [restartedMain] [c.u.j.EncryptablePropertySourceConverter] - Converting PropertySource server.ports [org.springframework.core.env.MapPropertySource] to EncryptableMapPropertySourceWrapper
2023-11-10 11:25:48.052 INFO  [restartedMain] [c.u.j.EncryptablePropertySourceConverter] - Skipping PropertySource configurationProperties [class org.springframework.boot.context.properties.source.ConfigurationPropertySourcesPropertySource
2023-11-10 11:25:48.052 INFO  [restartedMain] [c.u.j.EncryptablePropertySourceConverter] - Skipping PropertySource servletConfigInitParams [class org.springframework.core.env.PropertySource$StubPropertySource
2023-11-10 11:25:48.053 INFO  [restartedMain] [c.u.j.EncryptablePropertySourceConverter] - Converting PropertySource servletContextInitParams [org.springframework.web.context.support.ServletContextPropertySource] to EncryptableEnumerablePropertySourceWrapper
2023-11-10 11:25:48.053 INFO  [restartedMain] [c.u.j.EncryptablePropertySourceConverter] - Converting PropertySource Management Server [org.springframework.boot.actuate.autoconfigure.web.server.ManagementContextAutoConfiguration$SameManagementContextConfiguration$1] to EncryptablePropertySourceWrapper
2023-11-10 11:25:49.659 INFO  [restartedMain] [c.b.back_bipatv.BackBipaTvApplication] - Started BackBipaTvApplication in 49.547 seconds (JVM running for 52.306)
2023-11-10 11:25:49.980 INFO  [http-nio-127.0.0.1-8080-exec-1] [o.a.c.c.C.[Tomcat].[localhost].[/]] - Initializing Spring DispatcherServlet 'dispatcherServlet'
2023-11-10 11:25:49.980 INFO  [http-nio-127.0.0.1-8080-exec-1] [o.s.web.servlet.DispatcherServlet] - Initializing Servlet 'dispatcherServlet'
2023-11-10 11:25:49.986 INFO  [http-nio-127.0.0.1-8080-exec-1] [o.s.web.servlet.DispatcherServlet] - Completed initialization in 6 ms
2023-11-10 11:25:52.740 INFO  [http-nio-127.0.0.1-8080-exec-1] [c.b.back_bipatv.interceptor.Interceptor] - 사용자: 전하은 호출 url: /video/detail/6962459b-018b-1000-0000-80bf0ddb0000
2023-11-10 11:25:52.829 WARN  [http-nio-127.0.0.1-8080-exec-1] [o.a.m.c.t.i.m.jdbc.AbstractJDBCDataModel] - You are not using ConnectionPoolDataSource. Make sure your DataSource pools connections to the database itself, or database performance will be severely reduced.
2023-11-10 11:28:31.225 WARN  [HikariPool-1 housekeeper] [com.zaxxer.hikari.pool.HikariPool] - HikariPool-1 - Thread starvation or clock leap detected (housekeeper delta=2m30s916ms936µs600ns).
2023-11-10 11:28:31.321 INFO  [http-nio-127.0.0.1-8080-exec-2] [c.b.back_bipatv.interceptor.Interceptor] - 사용자: 전하은 호출 url: /video/detail/6962459b-018b-1000-0000-80bf0ddb0000
2023-11-10 11:28:31.323 WARN  [http-nio-127.0.0.1-8080-exec-2] [o.a.m.c.t.i.m.jdbc.AbstractJDBCDataModel] - You are not using ConnectionPoolDataSource. Make sure your DataSource pools connections to the database itself, or database performance will be severely reduced.
2023-11-10 11:28:31.415 INFO  [http-nio-127.0.0.1-8080-exec-1] [c.b.back_bipatv.interceptor.Interceptor] - afterCompletion Response status: 400
2023-11-10 11:28:34.529 WARN  [http-nio-127.0.0.1-8080-exec-2] [o.s.w.s.m.m.a.ExceptionHandlerExceptionResolver] - Failure in @ExceptionHandler com.bipa4.back_bipatv.controller.ExceptionController#customExHandler(CustomApiException)
org.apache.catalina.connector.ClientAbortException: java.nio.channels.ClosedChannelException
	at org.apache.catalina.connector.OutputBuffer.realWriteBytes(OutputBuffer.java:351)
	at org.apache.catalina.connector.OutputBuffer.flushByteBuffer(OutputBuffer.java:784)
	at org.apache.catalina.connector.OutputBuffer.doFlush(OutputBuffer.java:298)
	at org.apache.catalina.connector.OutputBuffer.flush(OutputBuffer.java:271)
	at org.apache.catalina.connector.CoyoteOutputStream.flush(CoyoteOutputStream.java:120)
	at java.base/java.io.FilterOutputStream.flush(FilterOutputStream.java:153)
	at com.fasterxml.jackson.core.json.UTF8JsonGenerator.flush(UTF8JsonGenerator.java:1187)
	at com.fasterxml.jackson.databind.ObjectWriter.writeValue(ObjectWriter.java:1009)
	at org.springframework.http.converter.json.AbstractJackson2HttpMessageConverter.writeInternal(AbstractJackson2HttpMessageConverter.java:456)
	at org.springframework.http.converter.AbstractGenericHttpMessageConverter.write(AbstractGenericHttpMessageConverter.java:104)
	at org.springframework.web.servlet.mvc.method.annotation.AbstractMessageConverterMethodProcessor.writeWithMessageConverters(AbstractMessageConverterMethodProcessor.java:290)
	at org.springframework.web.servlet.mvc.method.annotation.RequestResponseBodyMethodProcessor.handleReturnValue(RequestResponseBodyMethodProcessor.java:183)
	at org.springframework.web.method.support.HandlerMethodReturnValueHandlerComposite.handleReturnValue(HandlerMethodReturnValueHandlerComposite.java:78)
	at org.springframework.web.servlet.mvc.method.annotation.ServletInvocableHandlerMethod.invokeAndHandle(ServletInvocableHandlerMethod.java:135)
	at org.springframework.web.servlet.mvc.method.annotation.ExceptionHandlerExceptionResolver.doResolveHandlerMethodException(ExceptionHandlerExceptionResolver.java:428)
	at org.springframework.web.servlet.handler.AbstractHandlerMethodExceptionResolver.doResolveException(AbstractHandlerMethodExceptionResolver.java:75)
	at org.springframework.web.servlet.handler.AbstractHandlerExceptionResolver.resolveException(AbstractHandlerExceptionResolver.java:142)
	at org.springframework.web.servlet.handler.HandlerExceptionResolverComposite.resolveException(HandlerExceptionResolverComposite.java:80)
	at org.springframework.web.servlet.DispatcherServlet.processHandlerException(DispatcherServlet.java:1332)
	at org.springframework.web.servlet.DispatcherServlet.processDispatchResult(DispatcherServlet.java:1143)
	at org.springframework.web.servlet.DispatcherServlet.doDispatch(DispatcherServlet.java:1089)
	at org.springframework.web.servlet.DispatcherServlet.doService(DispatcherServlet.java:965)
	at org.springframework.web.servlet.FrameworkServlet.processRequest(FrameworkServlet.java:1006)
	at org.springframework.web.servlet.FrameworkServlet.doGet(FrameworkServlet.java:898)
	at javax.servlet.http.HttpServlet.service(HttpServlet.java:529)
	at org.springframework.web.servlet.FrameworkServlet.service(FrameworkServlet.java:883)
	at javax.servlet.http.HttpServlet.service(HttpServlet.java:623)
	at org.apache.catalina.core.ApplicationFilterChain.internalDoFilter(ApplicationFilterChain.java:209)
	at org.apache.catalina.core.ApplicationFilterChain.doFilter(ApplicationFilterChain.java:153)
	at org.apache.tomcat.websocket.server.WsFilter.doFilter(WsFilter.java:51)
	at org.apache.catalina.core.ApplicationFilterChain.internalDoFilter(ApplicationFilterChain.java:178)
	at org.apache.catalina.core.ApplicationFilterChain.doFilter(ApplicationFilterChain.java:153)
	at org.springframework.boot.actuate.metrics.web.servlet.WebMvcMetricsFilter.doFilterInternal(WebMvcMetricsFilter.java:96)
	at org.springframework.web.filter.OncePerRequestFilter.doFilter(OncePerRequestFilter.java:117)
	at org.apache.catalina.core.ApplicationFilterChain.internalDoFilter(ApplicationFilterChain.java:178)
	at org.apache.catalina.core.ApplicationFilterChain.doFilter(ApplicationFilterChain.java:153)
	at org.springframework.web.filter.CharacterEncodingFilter.doFilterInternal(CharacterEncodingFilter.java:201)
	at org.springframework.web.filter.OncePerRequestFilter.doFilter(OncePerRequestFilter.java:117)
	at org.apache.catalina.core.ApplicationFilterChain.internalDoFilter(ApplicationFilterChain.java:178)
	at org.apache.catalina.core.ApplicationFilterChain.doFilter(ApplicationFilterChain.java:153)
	at com.bipa4.back_bipatv.filter.CorsFilter.doFilter(CorsFilter.java:45)
	at org.apache.catalina.core.ApplicationFilterChain.internalDoFilter(ApplicationFilterChain.java:178)
	at org.apache.catalina.core.ApplicationFilterChain.doFilter(ApplicationFilterChain.java:153)
	at org.apache.catalina.core.StandardWrapperValve.invoke(StandardWrapperValve.java:167)
	at org.apache.catalina.core.StandardContextValve.invoke(StandardContextValve.java:90)
	at org.apache.catalina.authenticator.AuthenticatorBase.invoke(AuthenticatorBase.java:481)
	at org.apache.catalina.core.StandardHostValve.invoke(StandardHostValve.java:130)
	at org.apache.catalina.valves.ErrorReportValve.invoke(ErrorReportValve.java:93)
	at org.apache.catalina.core.StandardEngineValve.invoke(StandardEngineValve.java:74)
	at org.apache.catalina.connector.CoyoteAdapter.service(CoyoteAdapter.java:343)
	at org.apache.coyote.http11.Http11Processor.service(Http11Processor.java:390)
	at org.apache.coyote.AbstractProcessorLight.process(AbstractProcessorLight.java:63)
	at org.apache.coyote.AbstractProtocol$ConnectionHandler.process(AbstractProtocol.java:926)
	at org.apache.tomcat.util.net.NioEndpoint$SocketProcessor.doRun(NioEndpoint.java:1790)
	at org.apache.tomcat.util.net.SocketProcessorBase.run(SocketProcessorBase.java:52)
	at org.apache.tomcat.util.threads.ThreadPoolExecutor.runWorker(ThreadPoolExecutor.java:1191)
	at org.apache.tomcat.util.threads.ThreadPoolExecutor$Worker.run(ThreadPoolExecutor.java:659)
	at org.apache.tomcat.util.threads.TaskThread$WrappingRunnable.run(TaskThread.java:61)
	at java.base/java.lang.Thread.run(Thread.java:829)
Caused by: java.nio.channels.ClosedChannelException: null
	at org.apache.tomcat.util.net.NioEndpoint$NioSocketWrapper.doWrite(NioEndpoint.java:1396)
	at org.apache.tomcat.util.net.SocketWrapperBase.doWrite(SocketWrapperBase.java:775)
	at org.apache.tomcat.util.net.SocketWrapperBase.writeBlocking(SocketWrapperBase.java:600)
	at org.apache.tomcat.util.net.SocketWrapperBase.write(SocketWrapperBase.java:544)
	at org.apache.coyote.http11.Http11OutputBuffer$SocketOutputBuffer.doWrite(Http11OutputBuffer.java:540)
	at org.apache.coyote.http11.filters.ChunkedOutputFilter.doWrite(ChunkedOutputFilter.java:110)
	at org.apache.coyote.http11.Http11OutputBuffer.doWrite(Http11OutputBuffer.java:193)
	at org.apache.coyote.Response.doWrite(Response.java:606)
	at org.apache.catalina.connector.OutputBuffer.realWriteBytes(OutputBuffer.java:338)
	... 58 common frames omitted
2023-11-10 11:28:34.531 ERROR [http-nio-127.0.0.1-8080-exec-2] [c.b.back_bipatv.interceptor.Interceptor] - afterCompletion Request completed with error: null
2023-11-10 11:28:34.716 INFO  [SpringApplicationShutdownHook] [o.s.o.j.LocalContainerEntityManagerFactoryBean] - Closing JPA EntityManagerFactory for persistence unit 'default'
2023-11-10 11:28:34.722 INFO  [SpringApplicationShutdownHook] [com.zaxxer.hikari.HikariDataSource] - HikariPool-1 - Shutdown initiated...
2023-11-10 11:28:34.745 INFO  [SpringApplicationShutdownHook] [com.zaxxer.hikari.HikariDataSource] - HikariPool-1 - Shutdown completed.
2023-11-10 11:28:53.453 INFO  [background-preinit] [o.h.validator.internal.util.Version] - HV000001: Hibernate Validator 6.2.5.Final
2023-11-10 11:28:53.456 INFO  [restartedMain] [c.b.back_bipatv.BackBipaTvApplication] - Starting BackBipaTvApplication using Java 11.0.19 on DESKTOP-D6RL7LJ with PID 3524 (C:\Users\HE-Jeon\Desktop\Bit\teamProject\api\out\production\classes started by HE-Jeon in C:\Users\HE-Jeon\Desktop\Bit\teamProject\api)
2023-11-10 11:28:53.460 INFO  [restartedMain] [c.b.back_bipatv.BackBipaTvApplication] - No active profile set, falling back to 1 default profile: "default"
2023-11-10 11:28:53.648 INFO  [restartedMain] [o.s.b.d.e.DevToolsPropertyDefaultsPostProcessor] - Devtools property defaults active! Set 'spring.devtools.add-properties' to 'false' to disable
2023-11-10 11:28:53.649 INFO  [restartedMain] [o.s.b.d.e.DevToolsPropertyDefaultsPostProcessor] - For additional web related logging consider setting the 'logging.level.web' property to 'DEBUG'
2023-11-10 11:29:06.299 WARN  [restartedMain] [com.amazonaws.util.EC2MetadataUtils] - Unable to retrieve the requested metadata (/latest/meta-data/instance-id). Failed to connect to service endpoint: 
com.amazonaws.SdkClientException: Failed to connect to service endpoint: 
	at com.amazonaws.internal.EC2ResourceFetcher.doReadResource(EC2ResourceFetcher.java:112)
	at com.amazonaws.internal.EC2ResourceFetcher.doReadResource(EC2ResourceFetcher.java:70)
	at com.amazonaws.internal.InstanceMetadataServiceResourceFetcher.readResource(InstanceMetadataServiceResourceFetcher.java:75)
	at com.amazonaws.internal.EC2ResourceFetcher.readResource(EC2ResourceFetcher.java:66)
	at com.amazonaws.util.EC2MetadataUtils.getItems(EC2MetadataUtils.java:407)
	at com.amazonaws.util.EC2MetadataUtils.getData(EC2MetadataUtils.java:376)
	at org.springframework.cloud.aws.context.support.env.AwsCloudEnvironmentCheckUtils.isRunningOnCloudEnvironment(AwsCloudEnvironmentCheckUtils.java:38)
	at org.springframework.cloud.aws.context.annotation.OnAwsCloudEnvironmentCondition.matches(OnAwsCloudEnvironmentCondition.java:37)
	at org.springframework.context.annotation.ConditionEvaluator.shouldSkip(ConditionEvaluator.java:108)
	at org.springframework.context.annotation.ConfigurationClassParser.processConfigurationClass(ConfigurationClassParser.java:225)
	at org.springframework.context.annotation.ConfigurationClassParser.processImports(ConfigurationClassParser.java:599)
	at org.springframework.context.annotation.ConfigurationClassParser.access$800(ConfigurationClassParser.java:110)
	at org.springframework.context.annotation.ConfigurationClassParser$DeferredImportSelectorGroupingHandler.lambda$processGroupImports$1(ConfigurationClassParser.java:812)
	at java.base/java.util.ArrayList.forEach(ArrayList.java:1541)
	at org.springframework.context.annotation.ConfigurationClassParser$DeferredImportSelectorGroupingHandler.processGroupImports(ConfigurationClassParser.java:809)
	at org.springframework.context.annotation.ConfigurationClassParser$DeferredImportSelectorHandler.process(ConfigurationClassParser.java:780)
	at org.springframework.context.annotation.ConfigurationClassParser.parse(ConfigurationClassParser.java:192)
	at org.springframework.context.annotation.ConfigurationClassPostProcessor.processConfigBeanDefinitions(ConfigurationClassPostProcessor.java:331)
	at org.springframework.context.annotation.ConfigurationClassPostProcessor.postProcessBeanDefinitionRegistry(ConfigurationClassPostProcessor.java:247)
	at org.springframework.context.support.PostProcessorRegistrationDelegate.invokeBeanDefinitionRegistryPostProcessors(PostProcessorRegistrationDelegate.java:311)
	at org.springframework.context.support.PostProcessorRegistrationDelegate.invokeBeanFactoryPostProcessors(PostProcessorRegistrationDelegate.java:112)
	at org.springframework.context.support.AbstractApplicationContext.invokeBeanFactoryPostProcessors(AbstractApplicationContext.java:748)
	at org.springframework.context.support.AbstractApplicationContext.refresh(AbstractApplicationContext.java:564)
	at org.springframework.boot.web.servlet.context.ServletWebServerApplicationContext.refresh(ServletWebServerApplicationContext.java:147)
	at org.springframework.boot.SpringApplication.refresh(SpringApplication.java:731)
	at org.springframework.boot.SpringApplication.refreshContext(SpringApplication.java:408)
	at org.springframework.boot.SpringApplication.run(SpringApplication.java:307)
	at org.springframework.boot.SpringApplication.run(SpringApplication.java:1303)
	at org.springframework.boot.SpringApplication.run(SpringApplication.java:1292)
	at com.bipa4.back_bipatv.BackBipaTvApplication.main(BackBipaTvApplication.java:16)
	at java.base/jdk.internal.reflect.NativeMethodAccessorImpl.invoke0(Native Method)
	at java.base/jdk.internal.reflect.NativeMethodAccessorImpl.invoke(NativeMethodAccessorImpl.java:62)
	at java.base/jdk.internal.reflect.DelegatingMethodAccessorImpl.invoke(DelegatingMethodAccessorImpl.java:43)
	at java.base/java.lang.reflect.Method.invoke(Method.java:566)
	at org.springframework.boot.devtools.restart.RestartLauncher.run(RestartLauncher.java:50)
Caused by: java.net.SocketTimeoutException: connect timed out
	at java.base/java.net.PlainSocketImpl.waitForConnect(Native Method)
	at java.base/java.net.PlainSocketImpl.socketConnect(PlainSocketImpl.java:107)
	at java.base/java.net.AbstractPlainSocketImpl.doConnect(AbstractPlainSocketImpl.java:412)
	at java.base/java.net.AbstractPlainSocketImpl.connectToAddress(AbstractPlainSocketImpl.java:255)
	at java.base/java.net.AbstractPlainSocketImpl.connect(AbstractPlainSocketImpl.java:237)
	at java.base/java.net.Socket.connect(Socket.java:609)
	at java.base/sun.net.NetworkClient.doConnect(NetworkClient.java:177)
	at java.base/sun.net.www.http.HttpClient.openServer(HttpClient.java:507)
	at java.base/sun.net.www.http.HttpClient.openServer(HttpClient.java:602)
	at java.base/sun.net.www.http.HttpClient.<init>(HttpClient.java:275)
	at java.base/sun.net.www.http.HttpClient.New(HttpClient.java:374)
	at java.base/sun.net.www.http.HttpClient.New(HttpClient.java:395)
	at java.base/sun.net.www.protocol.http.HttpURLConnection.getNewHttpClient(HttpURLConnection.java:1253)
	at java.base/sun.net.www.protocol.http.HttpURLConnection.plainConnect0(HttpURLConnection.java:1232)
	at java.base/sun.net.www.protocol.http.HttpURLConnection.plainConnect(HttpURLConnection.java:1081)
	at java.base/sun.net.www.protocol.http.HttpURLConnection.connect(HttpURLConnection.java:1015)
	at com.amazonaws.internal.ConnectionUtils.connectToEndpoint(ConnectionUtils.java:95)
	at com.amazonaws.internal.EC2ResourceFetcher.doReadResource(EC2ResourceFetcher.java:84)
	... 34 common frames omitted
2023-11-10 11:29:07.542 INFO  [restartedMain] [o.s.d.r.c.RepositoryConfigurationDelegate] - Multiple Spring Data modules found, entering strict repository configuration mode
2023-11-10 11:29:07.547 INFO  [restartedMain] [o.s.d.r.c.RepositoryConfigurationDelegate] - Bootstrapping Spring Data JPA repositories in DEFAULT mode.
2023-11-10 11:29:08.522 INFO  [restartedMain] [o.s.d.r.c.RepositoryConfigurationDelegate] - Finished Spring Data repository scanning in 949 ms. Found 6 JPA repository interfaces.
2023-11-10 11:29:08.558 INFO  [restartedMain] [o.s.d.r.c.RepositoryConfigurationDelegate] - Multiple Spring Data modules found, entering strict repository configuration mode
2023-11-10 11:29:08.560 INFO  [restartedMain] [o.s.d.r.c.RepositoryConfigurationDelegate] - Bootstrapping Spring Data Redis repositories in DEFAULT mode.
2023-11-10 11:29:08.623 INFO  [restartedMain] [o.s.d.r.c.RepositoryConfigurationExtensionSupport] - Spring Data Redis - Could not safely identify store assignment for repository candidate interface com.bipa4.back_bipatv.repository.AccountRepository; If you want this repository to be a Redis repository, consider annotating your entities with one of these annotations: org.springframework.data.redis.core.RedisHash (preferred), or consider extending one of the following types with your repository: org.springframework.data.keyvalue.repository.KeyValueRepository
2023-11-10 11:29:08.623 INFO  [restartedMain] [o.s.d.r.c.RepositoryConfigurationExtensionSupport] - Spring Data Redis - Could not safely identify store assignment for repository candidate interface com.bipa4.back_bipatv.repository.ChannelRepository; If you want this repository to be a Redis repository, consider annotating your entities with one of these annotations: org.springframework.data.redis.core.RedisHash (preferred), or consider extending one of the following types with your repository: org.springframework.data.keyvalue.repository.KeyValueRepository
2023-11-10 11:29:08.624 INFO  [restartedMain] [o.s.d.r.c.RepositoryConfigurationExtensionSupport] - Spring Data Redis - Could not safely identify store assignment for repository candidate interface com.bipa4.back_bipatv.repository.CommentRepository; If you want this repository to be a Redis repository, consider annotating your entities with one of these annotations: org.springframework.data.redis.core.RedisHash (preferred), or consider extending one of the following types with your repository: org.springframework.data.keyvalue.repository.KeyValueRepository
2023-11-10 11:29:08.625 INFO  [restartedMain] [o.s.d.r.c.RepositoryConfigurationExtensionSupport] - Spring Data Redis - Could not safely identify store assignment for repository candidate interface com.bipa4.back_bipatv.repository.LogRepository; If you want this repository to be a Redis repository, consider annotating your entities with one of these annotations: org.springframework.data.redis.core.RedisHash (preferred), or consider extending one of the following types with your repository: org.springframework.data.keyvalue.repository.KeyValueRepository
2023-11-10 11:29:08.626 INFO  [restartedMain] [o.s.d.r.c.RepositoryConfigurationExtensionSupport] - Spring Data Redis - Could not safely identify store assignment for repository candidate interface com.bipa4.back_bipatv.repository.VideoChannelRepository; If you want this repository to be a Redis repository, consider annotating your entities with one of these annotations: org.springframework.data.redis.core.RedisHash (preferred), or consider extending one of the following types with your repository: org.springframework.data.keyvalue.repository.KeyValueRepository
2023-11-10 11:29:08.627 INFO  [restartedMain] [o.s.d.r.c.RepositoryConfigurationExtensionSupport] - Spring Data Redis - Could not safely identify store assignment for repository candidate interface com.bipa4.back_bipatv.repository.VideoRepository; If you want this repository to be a Redis repository, consider annotating your entities with one of these annotations: org.springframework.data.redis.core.RedisHash (preferred), or consider extending one of the following types with your repository: org.springframework.data.keyvalue.repository.KeyValueRepository
2023-11-10 11:29:08.627 INFO  [restartedMain] [o.s.d.r.c.RepositoryConfigurationDelegate] - Finished Spring Data repository scanning in 48 ms. Found 0 Redis repository interfaces.
2023-11-10 11:29:09.553 INFO  [restartedMain] [c.u.j.c.EnableEncryptablePropertiesBeanFactoryPostProcessor] - Post-processing PropertySource instances
2023-11-10 11:29:09.554 INFO  [restartedMain] [c.u.j.EncryptablePropertySourceConverter] - Skipping PropertySource configurationProperties [class org.springframework.boot.context.properties.source.ConfigurationPropertySourcesPropertySource
2023-11-10 11:29:09.557 INFO  [restartedMain] [c.u.j.EncryptablePropertySourceConverter] - Skipping PropertySource servletConfigInitParams [class org.springframework.core.env.PropertySource$StubPropertySource
2023-11-10 11:29:09.558 INFO  [restartedMain] [c.u.j.EncryptablePropertySourceConverter] - Skipping PropertySource servletContextInitParams [class org.springframework.core.env.PropertySource$StubPropertySource
2023-11-10 11:29:09.560 INFO  [restartedMain] [c.u.j.EncryptablePropertySourceConverter] - Converting PropertySource systemProperties [org.springframework.core.env.PropertiesPropertySource] to EncryptableMapPropertySourceWrapper
2023-11-10 11:29:09.560 INFO  [restartedMain] [c.u.j.EncryptablePropertySourceConverter] - Converting PropertySource systemEnvironment [org.springframework.boot.env.SystemEnvironmentPropertySourceEnvironmentPostProcessor$OriginAwareSystemEnvironmentPropertySource] to EncryptableSystemEnvironmentPropertySourceWrapper
2023-11-10 11:29:09.562 INFO  [restartedMain] [c.u.j.EncryptablePropertySourceConverter] - Converting PropertySource random [org.springframework.boot.env.RandomValuePropertySource] to EncryptablePropertySourceWrapper
2023-11-10 11:29:09.562 INFO  [restartedMain] [c.u.j.EncryptablePropertySourceConverter] - Converting PropertySource Config resource 'class path resource [application.yml]' via location 'optional:classpath:/' [org.springframework.boot.env.OriginTrackedMapPropertySource] to EncryptableMapPropertySourceWrapper
2023-11-10 11:29:09.562 INFO  [restartedMain] [c.u.j.EncryptablePropertySourceConverter] - Converting PropertySource devtools [org.springframework.core.env.MapPropertySource] to EncryptableMapPropertySourceWrapper
2023-11-10 11:29:11.499 INFO  [restartedMain] [c.u.j.filter.DefaultLazyPropertyFilter] - Property Filter custom Bean not found with name 'encryptablePropertyFilter'. Initializing Default Property Filter
2023-11-10 11:29:11.556 INFO  [restartedMain] [c.u.j.r.DefaultLazyPropertyResolver] - Property Resolver custom Bean not found with name 'encryptablePropertyResolver'. Initializing Default Property Resolver
2023-11-10 11:29:11.587 INFO  [restartedMain] [c.u.j.d.DefaultLazyPropertyDetector] - Property Detector custom Bean not found with name 'encryptablePropertyDetector'. Initializing Default Property Detector
2023-11-10 11:29:14.807 INFO  [restartedMain] [o.s.b.w.embedded.tomcat.TomcatWebServer] - Tomcat initialized with port(s): 8080 (http)
2023-11-10 11:29:14.833 INFO  [restartedMain] [o.apache.coyote.http11.Http11NioProtocol] - Initializing ProtocolHandler ["http-nio-127.0.0.1-8080"]
2023-11-10 11:29:14.838 INFO  [restartedMain] [org.apache.catalina.core.StandardService] - Starting service [Tomcat]
2023-11-10 11:29:14.839 INFO  [restartedMain] [org.apache.catalina.core.StandardEngine] - Starting Servlet engine: [Apache Tomcat/9.0.79]
2023-11-10 11:29:15.273 INFO  [restartedMain] [o.a.c.c.C.[Tomcat].[localhost].[/]] - Initializing Spring embedded WebApplicationContext
2023-11-10 11:29:15.273 INFO  [restartedMain] [o.s.b.w.s.c.ServletWebServerApplicationContext] - Root WebApplicationContext: initialization completed in 21623 ms
2023-11-10 11:29:16.181 INFO  [restartedMain] [o.hibernate.jpa.internal.util.LogHelper] - HHH000204: Processing PersistenceUnitInfo [name: default]
2023-11-10 11:29:16.347 INFO  [restartedMain] [org.hibernate.Version] - HHH000412: Hibernate ORM core version 5.6.15.Final
2023-11-10 11:29:16.883 INFO  [restartedMain] [org.hibernate.annotations.common.Version] - HCANN000001: Hibernate Commons Annotations {5.1.2.Final}
2023-11-10 11:29:17.187 INFO  [restartedMain] [com.zaxxer.hikari.HikariDataSource] - HikariPool-1 - Starting...
2023-11-10 11:29:17.835 INFO  [restartedMain] [com.zaxxer.hikari.HikariDataSource] - HikariPool-1 - Start completed.
2023-11-10 11:29:17.884 INFO  [restartedMain] [org.hibernate.dialect.Dialect] - HHH000400: Using dialect: org.hibernate.dialect.MySQL5InnoDBDialect
2023-11-10 11:29:21.145 INFO  [restartedMain] [o.h.e.t.j.p.i.JtaPlatformInitiator] - HHH000490: Using JtaPlatform implementation: [org.hibernate.engine.transaction.jta.platform.internal.NoJtaPlatform]
2023-11-10 11:29:21.188 INFO  [restartedMain] [o.s.o.j.LocalContainerEntityManagerFactoryBean] - Initialized JPA EntityManagerFactory for persistence unit 'default'
2023-11-10 11:29:28.380 INFO  [restartedMain] [o.s.b.a.e.web.EndpointLinksResolver] - Exposing 2 endpoint(s) beneath base path '/checking'
2023-11-10 11:29:28.890 INFO  [restartedMain] [o.s.b.d.a.OptionalLiveReloadServer] - LiveReload server is running on port 35729
2023-11-10 11:29:30.179 INFO  [restartedMain] [o.apache.coyote.http11.Http11NioProtocol] - Starting ProtocolHandler ["http-nio-127.0.0.1-8080"]
2023-11-10 11:29:30.215 INFO  [restartedMain] [o.s.b.w.embedded.tomcat.TomcatWebServer] - Tomcat started on port(s): 8080 (http) with context path ''
2023-11-10 11:29:30.216 INFO  [restartedMain] [c.u.j.c.RefreshScopeRefreshedEventListener] - Refreshing cached encryptable property sources on ServletWebServerInitializedEvent
2023-11-10 11:29:30.217 INFO  [restartedMain] [c.u.j.c.CachingDelegateEncryptablePropertySource] - Property Source systemProperties refreshed
2023-11-10 11:29:30.218 INFO  [restartedMain] [c.u.j.c.CachingDelegateEncryptablePropertySource] - Property Source systemEnvironment refreshed
2023-11-10 11:29:30.218 INFO  [restartedMain] [c.u.j.c.CachingDelegateEncryptablePropertySource] - Property Source random refreshed
2023-11-10 11:29:30.218 INFO  [restartedMain] [c.u.j.c.CachingDelegateEncryptablePropertySource] - Property Source Config resource 'class path resource [application.yml]' via location 'optional:classpath:/' refreshed
2023-11-10 11:29:30.218 INFO  [restartedMain] [c.u.j.c.CachingDelegateEncryptablePropertySource] - Property Source devtools refreshed
2023-11-10 11:29:30.219 INFO  [restartedMain] [c.u.j.EncryptablePropertySourceConverter] - Converting PropertySource server.ports [org.springframework.core.env.MapPropertySource] to EncryptableMapPropertySourceWrapper
2023-11-10 11:29:30.219 INFO  [restartedMain] [c.u.j.EncryptablePropertySourceConverter] - Skipping PropertySource configurationProperties [class org.springframework.boot.context.properties.source.ConfigurationPropertySourcesPropertySource
2023-11-10 11:29:30.219 INFO  [restartedMain] [c.u.j.EncryptablePropertySourceConverter] - Skipping PropertySource servletConfigInitParams [class org.springframework.core.env.PropertySource$StubPropertySource
2023-11-10 11:29:30.220 INFO  [restartedMain] [c.u.j.EncryptablePropertySourceConverter] - Converting PropertySource servletContextInitParams [org.springframework.web.context.support.ServletContextPropertySource] to EncryptableEnumerablePropertySourceWrapper
2023-11-10 11:29:30.220 INFO  [restartedMain] [c.u.j.EncryptablePropertySourceConverter] - Converting PropertySource Management Server [org.springframework.boot.actuate.autoconfigure.web.server.ManagementContextAutoConfiguration$SameManagementContextConfiguration$1] to EncryptablePropertySourceWrapper
2023-11-10 11:29:31.115 INFO  [http-nio-127.0.0.1-8080-exec-1] [o.a.c.c.C.[Tomcat].[localhost].[/]] - Initializing Spring DispatcherServlet 'dispatcherServlet'
2023-11-10 11:29:31.115 INFO  [http-nio-127.0.0.1-8080-exec-1] [o.s.web.servlet.DispatcherServlet] - Initializing Servlet 'dispatcherServlet'
2023-11-10 11:29:31.117 INFO  [http-nio-127.0.0.1-8080-exec-1] [o.s.web.servlet.DispatcherServlet] - Completed initialization in 2 ms
2023-11-10 11:29:31.730 INFO  [restartedMain] [c.b.back_bipatv.BackBipaTvApplication] - Started BackBipaTvApplication in 39.979 seconds (JVM running for 43.238)
2023-11-10 11:29:33.500 INFO  [http-nio-127.0.0.1-8080-exec-1] [c.b.back_bipatv.interceptor.Interceptor] - 사용자: 전하은 호출 url: /video/detail/699cb8a7-018b-1000-ffff-9ec59c940000
2023-11-10 11:29:33.566 WARN  [http-nio-127.0.0.1-8080-exec-1] [o.a.m.c.t.i.m.jdbc.AbstractJDBCDataModel] - You are not using ConnectionPoolDataSource. Make sure your DataSource pools connections to the database itself, or database performance will be severely reduced.
2023-11-10 11:29:35.443 INFO  [http-nio-127.0.0.1-8080-exec-1] [c.b.back_bipatv.interceptor.Interceptor] - afterCompletion Response status: 400
2023-11-10 11:33:59.497 INFO  [http-nio-127.0.0.1-8080-exec-2] [c.b.back_bipatv.interceptor.Interceptor] - 사용자: 전하은 호출 url: /video/detail/aee36157-018b-1000-ffff-ce5b556e0000
2023-11-10 11:33:59.499 WARN  [http-nio-127.0.0.1-8080-exec-2] [o.a.m.c.t.i.m.jdbc.AbstractJDBCDataModel] - You are not using ConnectionPoolDataSource. Make sure your DataSource pools connections to the database itself, or database performance will be severely reduced.
2023-11-10 11:34:09.846 INFO  [http-nio-127.0.0.1-8080-exec-2] [c.b.back_bipatv.interceptor.Interceptor] - postHandle response status: 200
2023-11-10 11:34:09.847 INFO  [http-nio-127.0.0.1-8080-exec-2] [c.b.back_bipatv.interceptor.Interceptor] - afterCompletion Response status: 200
2023-11-10 11:36:21.527 INFO  [http-nio-127.0.0.1-8080-exec-4] [c.b.back_bipatv.interceptor.Interceptor] - 사용자: 전하은 호출 url: /video/detail/aee36157-018b-1000-ffff-ce5b556e0000
2023-11-10 11:36:21.529 WARN  [http-nio-127.0.0.1-8080-exec-4] [o.a.m.c.t.i.m.jdbc.AbstractJDBCDataModel] - You are not using ConnectionPoolDataSource. Make sure your DataSource pools connections to the database itself, or database performance will be severely reduced.
2023-11-10 11:36:31.233 INFO  [http-nio-127.0.0.1-8080-exec-4] [c.b.back_bipatv.interceptor.Interceptor] - postHandle response status: 200
2023-11-10 11:36:31.234 INFO  [http-nio-127.0.0.1-8080-exec-4] [c.b.back_bipatv.interceptor.Interceptor] - afterCompletion Response status: 200
2023-11-10 11:36:39.576 INFO  [http-nio-127.0.0.1-8080-exec-5] [c.b.back_bipatv.interceptor.Interceptor] - 사용자: 전하은 호출 url: /video/detail/6962459b-018b-1000-0000-80bf0ddb0000
2023-11-10 11:36:39.577 WARN  [http-nio-127.0.0.1-8080-exec-5] [o.a.m.c.t.i.m.jdbc.AbstractJDBCDataModel] - You are not using ConnectionPoolDataSource. Make sure your DataSource pools connections to the database itself, or database performance will be severely reduced.
2023-11-10 11:36:42.488 INFO  [http-nio-127.0.0.1-8080-exec-5] [c.b.back_bipatv.interceptor.Interceptor] - afterCompletion Response status: 400
2023-11-10 11:37:09.960 INFO  [http-nio-127.0.0.1-8080-exec-7] [c.b.back_bipatv.interceptor.Interceptor] - 사용자: 비회원 호출 url: /video/detail/69a7ce02-018b-1000-0000-a3cfb9950000
2023-11-10 11:37:09.961 WARN  [http-nio-127.0.0.1-8080-exec-7] [o.a.m.c.t.i.m.jdbc.AbstractJDBCDataModel] - You are not using ConnectionPoolDataSource. Make sure your DataSource pools connections to the database itself, or database performance will be severely reduced.
2023-11-10 11:37:10.960 INFO  [http-nio-127.0.0.1-8080-exec-7] [c.b.back_bipatv.interceptor.Interceptor] - afterCompletion Response status: 400
2023-11-10 11:37:19.487 INFO  [http-nio-127.0.0.1-8080-exec-8] [c.b.back_bipatv.interceptor.Interceptor] - 사용자: 비회원 호출 url: /video/detail/4bd82909-018b-1000-ffff-8b824fb30000
2023-11-10 11:37:19.488 WARN  [http-nio-127.0.0.1-8080-exec-8] [o.a.m.c.t.i.m.jdbc.AbstractJDBCDataModel] - You are not using ConnectionPoolDataSource. Make sure your DataSource pools connections to the database itself, or database performance will be severely reduced.
2023-11-10 11:37:19.681 INFO  [http-nio-127.0.0.1-8080-exec-8] [c.b.back_bipatv.interceptor.Interceptor] - postHandle response status: 200
2023-11-10 11:37:19.681 INFO  [http-nio-127.0.0.1-8080-exec-8] [c.b.back_bipatv.interceptor.Interceptor] - afterCompletion Response status: 200
2023-11-10 11:38:09.532 INFO  [http-nio-127.0.0.1-8080-exec-9] [c.b.back_bipatv.interceptor.Interceptor] - 사용자: 비회원 호출 url: /video/detail/6962459b-018b-1000-0000-80bf0ddb0000
2023-11-10 11:38:09.534 WARN  [http-nio-127.0.0.1-8080-exec-9] [o.a.m.c.t.i.m.jdbc.AbstractJDBCDataModel] - You are not using ConnectionPoolDataSource. Make sure your DataSource pools connections to the database itself, or database performance will be severely reduced.
2023-11-10 11:38:12.623 INFO  [http-nio-127.0.0.1-8080-exec-9] [c.b.back_bipatv.interceptor.Interceptor] - afterCompletion Response status: 400
2023-11-10 11:38:53.590 INFO  [SpringApplicationShutdownHook] [o.s.o.j.LocalContainerEntityManagerFactoryBean] - Closing JPA EntityManagerFactory for persistence unit 'default'
2023-11-10 11:38:53.601 INFO  [SpringApplicationShutdownHook] [com.zaxxer.hikari.HikariDataSource] - HikariPool-1 - Shutdown initiated...
2023-11-10 11:38:53.635 INFO  [SpringApplicationShutdownHook] [com.zaxxer.hikari.HikariDataSource] - HikariPool-1 - Shutdown completed.
2023-11-10 11:39:04.187 INFO  [background-preinit] [o.h.validator.internal.util.Version] - HV000001: Hibernate Validator 6.2.5.Final
2023-11-10 11:39:04.188 INFO  [restartedMain] [c.b.back_bipatv.BackBipaTvApplication] - Starting BackBipaTvApplication using Java 11.0.19 on DESKTOP-D6RL7LJ with PID 25728 (C:\Users\HE-Jeon\Desktop\Bit\teamProject\api\out\production\classes started by HE-Jeon in C:\Users\HE-Jeon\Desktop\Bit\teamProject\api)
2023-11-10 11:39:04.192 INFO  [restartedMain] [c.b.back_bipatv.BackBipaTvApplication] - No active profile set, falling back to 1 default profile: "default"
2023-11-10 11:39:04.379 INFO  [restartedMain] [o.s.b.d.e.DevToolsPropertyDefaultsPostProcessor] - Devtools property defaults active! Set 'spring.devtools.add-properties' to 'false' to disable
2023-11-10 11:39:04.379 INFO  [restartedMain] [o.s.b.d.e.DevToolsPropertyDefaultsPostProcessor] - For additional web related logging consider setting the 'logging.level.web' property to 'DEBUG'
2023-11-10 11:39:16.792 WARN  [restartedMain] [com.amazonaws.util.EC2MetadataUtils] - Unable to retrieve the requested metadata (/latest/meta-data/instance-id). Failed to connect to service endpoint: 
com.amazonaws.SdkClientException: Failed to connect to service endpoint: 
	at com.amazonaws.internal.EC2ResourceFetcher.doReadResource(EC2ResourceFetcher.java:112)
	at com.amazonaws.internal.EC2ResourceFetcher.doReadResource(EC2ResourceFetcher.java:70)
	at com.amazonaws.internal.InstanceMetadataServiceResourceFetcher.readResource(InstanceMetadataServiceResourceFetcher.java:75)
	at com.amazonaws.internal.EC2ResourceFetcher.readResource(EC2ResourceFetcher.java:66)
	at com.amazonaws.util.EC2MetadataUtils.getItems(EC2MetadataUtils.java:407)
	at com.amazonaws.util.EC2MetadataUtils.getData(EC2MetadataUtils.java:376)
	at org.springframework.cloud.aws.context.support.env.AwsCloudEnvironmentCheckUtils.isRunningOnCloudEnvironment(AwsCloudEnvironmentCheckUtils.java:38)
	at org.springframework.cloud.aws.context.annotation.OnAwsCloudEnvironmentCondition.matches(OnAwsCloudEnvironmentCondition.java:37)
	at org.springframework.context.annotation.ConditionEvaluator.shouldSkip(ConditionEvaluator.java:108)
	at org.springframework.context.annotation.ConfigurationClassParser.processConfigurationClass(ConfigurationClassParser.java:225)
	at org.springframework.context.annotation.ConfigurationClassParser.processImports(ConfigurationClassParser.java:599)
	at org.springframework.context.annotation.ConfigurationClassParser.access$800(ConfigurationClassParser.java:110)
	at org.springframework.context.annotation.ConfigurationClassParser$DeferredImportSelectorGroupingHandler.lambda$processGroupImports$1(ConfigurationClassParser.java:812)
	at java.base/java.util.ArrayList.forEach(ArrayList.java:1541)
	at org.springframework.context.annotation.ConfigurationClassParser$DeferredImportSelectorGroupingHandler.processGroupImports(ConfigurationClassParser.java:809)
	at org.springframework.context.annotation.ConfigurationClassParser$DeferredImportSelectorHandler.process(ConfigurationClassParser.java:780)
	at org.springframework.context.annotation.ConfigurationClassParser.parse(ConfigurationClassParser.java:192)
	at org.springframework.context.annotation.ConfigurationClassPostProcessor.processConfigBeanDefinitions(ConfigurationClassPostProcessor.java:331)
	at org.springframework.context.annotation.ConfigurationClassPostProcessor.postProcessBeanDefinitionRegistry(ConfigurationClassPostProcessor.java:247)
	at org.springframework.context.support.PostProcessorRegistrationDelegate.invokeBeanDefinitionRegistryPostProcessors(PostProcessorRegistrationDelegate.java:311)
	at org.springframework.context.support.PostProcessorRegistrationDelegate.invokeBeanFactoryPostProcessors(PostProcessorRegistrationDelegate.java:112)
	at org.springframework.context.support.AbstractApplicationContext.invokeBeanFactoryPostProcessors(AbstractApplicationContext.java:748)
	at org.springframework.context.support.AbstractApplicationContext.refresh(AbstractApplicationContext.java:564)
	at org.springframework.boot.web.servlet.context.ServletWebServerApplicationContext.refresh(ServletWebServerApplicationContext.java:147)
	at org.springframework.boot.SpringApplication.refresh(SpringApplication.java:731)
	at org.springframework.boot.SpringApplication.refreshContext(SpringApplication.java:408)
	at org.springframework.boot.SpringApplication.run(SpringApplication.java:307)
	at org.springframework.boot.SpringApplication.run(SpringApplication.java:1303)
	at org.springframework.boot.SpringApplication.run(SpringApplication.java:1292)
	at com.bipa4.back_bipatv.BackBipaTvApplication.main(BackBipaTvApplication.java:16)
	at java.base/jdk.internal.reflect.NativeMethodAccessorImpl.invoke0(Native Method)
	at java.base/jdk.internal.reflect.NativeMethodAccessorImpl.invoke(NativeMethodAccessorImpl.java:62)
	at java.base/jdk.internal.reflect.DelegatingMethodAccessorImpl.invoke(DelegatingMethodAccessorImpl.java:43)
	at java.base/java.lang.reflect.Method.invoke(Method.java:566)
	at org.springframework.boot.devtools.restart.RestartLauncher.run(RestartLauncher.java:50)
Caused by: java.net.SocketTimeoutException: connect timed out
	at java.base/java.net.PlainSocketImpl.waitForConnect(Native Method)
	at java.base/java.net.PlainSocketImpl.socketConnect(PlainSocketImpl.java:107)
	at java.base/java.net.AbstractPlainSocketImpl.doConnect(AbstractPlainSocketImpl.java:412)
	at java.base/java.net.AbstractPlainSocketImpl.connectToAddress(AbstractPlainSocketImpl.java:255)
	at java.base/java.net.AbstractPlainSocketImpl.connect(AbstractPlainSocketImpl.java:237)
	at java.base/java.net.Socket.connect(Socket.java:609)
	at java.base/sun.net.NetworkClient.doConnect(NetworkClient.java:177)
	at java.base/sun.net.www.http.HttpClient.openServer(HttpClient.java:507)
	at java.base/sun.net.www.http.HttpClient.openServer(HttpClient.java:602)
	at java.base/sun.net.www.http.HttpClient.<init>(HttpClient.java:275)
	at java.base/sun.net.www.http.HttpClient.New(HttpClient.java:374)
	at java.base/sun.net.www.http.HttpClient.New(HttpClient.java:395)
	at java.base/sun.net.www.protocol.http.HttpURLConnection.getNewHttpClient(HttpURLConnection.java:1253)
	at java.base/sun.net.www.protocol.http.HttpURLConnection.plainConnect0(HttpURLConnection.java:1232)
	at java.base/sun.net.www.protocol.http.HttpURLConnection.plainConnect(HttpURLConnection.java:1081)
	at java.base/sun.net.www.protocol.http.HttpURLConnection.connect(HttpURLConnection.java:1015)
	at com.amazonaws.internal.ConnectionUtils.connectToEndpoint(ConnectionUtils.java:95)
	at com.amazonaws.internal.EC2ResourceFetcher.doReadResource(EC2ResourceFetcher.java:84)
	... 34 common frames omitted
2023-11-10 11:39:18.455 INFO  [restartedMain] [o.s.d.r.c.RepositoryConfigurationDelegate] - Multiple Spring Data modules found, entering strict repository configuration mode
2023-11-10 11:39:18.466 INFO  [restartedMain] [o.s.d.r.c.RepositoryConfigurationDelegate] - Bootstrapping Spring Data JPA repositories in DEFAULT mode.
2023-11-10 11:39:19.407 INFO  [restartedMain] [o.s.d.r.c.RepositoryConfigurationDelegate] - Finished Spring Data repository scanning in 899 ms. Found 6 JPA repository interfaces.
2023-11-10 11:39:19.463 INFO  [restartedMain] [o.s.d.r.c.RepositoryConfigurationDelegate] - Multiple Spring Data modules found, entering strict repository configuration mode
2023-11-10 11:39:19.468 INFO  [restartedMain] [o.s.d.r.c.RepositoryConfigurationDelegate] - Bootstrapping Spring Data Redis repositories in DEFAULT mode.
2023-11-10 11:39:19.562 INFO  [restartedMain] [o.s.d.r.c.RepositoryConfigurationExtensionSupport] - Spring Data Redis - Could not safely identify store assignment for repository candidate interface com.bipa4.back_bipatv.repository.AccountRepository; If you want this repository to be a Redis repository, consider annotating your entities with one of these annotations: org.springframework.data.redis.core.RedisHash (preferred), or consider extending one of the following types with your repository: org.springframework.data.keyvalue.repository.KeyValueRepository
2023-11-10 11:39:19.564 INFO  [restartedMain] [o.s.d.r.c.RepositoryConfigurationExtensionSupport] - Spring Data Redis - Could not safely identify store assignment for repository candidate interface com.bipa4.back_bipatv.repository.ChannelRepository; If you want this repository to be a Redis repository, consider annotating your entities with one of these annotations: org.springframework.data.redis.core.RedisHash (preferred), or consider extending one of the following types with your repository: org.springframework.data.keyvalue.repository.KeyValueRepository
2023-11-10 11:39:19.564 INFO  [restartedMain] [o.s.d.r.c.RepositoryConfigurationExtensionSupport] - Spring Data Redis - Could not safely identify store assignment for repository candidate interface com.bipa4.back_bipatv.repository.CommentRepository; If you want this repository to be a Redis repository, consider annotating your entities with one of these annotations: org.springframework.data.redis.core.RedisHash (preferred), or consider extending one of the following types with your repository: org.springframework.data.keyvalue.repository.KeyValueRepository
2023-11-10 11:39:19.565 INFO  [restartedMain] [o.s.d.r.c.RepositoryConfigurationExtensionSupport] - Spring Data Redis - Could not safely identify store assignment for repository candidate interface com.bipa4.back_bipatv.repository.LogRepository; If you want this repository to be a Redis repository, consider annotating your entities with one of these annotations: org.springframework.data.redis.core.RedisHash (preferred), or consider extending one of the following types with your repository: org.springframework.data.keyvalue.repository.KeyValueRepository
2023-11-10 11:39:19.568 INFO  [restartedMain] [o.s.d.r.c.RepositoryConfigurationExtensionSupport] - Spring Data Redis - Could not safely identify store assignment for repository candidate interface com.bipa4.back_bipatv.repository.VideoChannelRepository; If you want this repository to be a Redis repository, consider annotating your entities with one of these annotations: org.springframework.data.redis.core.RedisHash (preferred), or consider extending one of the following types with your repository: org.springframework.data.keyvalue.repository.KeyValueRepository
2023-11-10 11:39:19.568 INFO  [restartedMain] [o.s.d.r.c.RepositoryConfigurationExtensionSupport] - Spring Data Redis - Could not safely identify store assignment for repository candidate interface com.bipa4.back_bipatv.repository.VideoRepository; If you want this repository to be a Redis repository, consider annotating your entities with one of these annotations: org.springframework.data.redis.core.RedisHash (preferred), or consider extending one of the following types with your repository: org.springframework.data.keyvalue.repository.KeyValueRepository
2023-11-10 11:39:19.569 INFO  [restartedMain] [o.s.d.r.c.RepositoryConfigurationDelegate] - Finished Spring Data repository scanning in 69 ms. Found 0 Redis repository interfaces.
2023-11-10 11:39:21.112 INFO  [restartedMain] [c.u.j.c.EnableEncryptablePropertiesBeanFactoryPostProcessor] - Post-processing PropertySource instances
2023-11-10 11:39:21.115 INFO  [restartedMain] [c.u.j.EncryptablePropertySourceConverter] - Skipping PropertySource configurationProperties [class org.springframework.boot.context.properties.source.ConfigurationPropertySourcesPropertySource
2023-11-10 11:39:21.121 INFO  [restartedMain] [c.u.j.EncryptablePropertySourceConverter] - Skipping PropertySource servletConfigInitParams [class org.springframework.core.env.PropertySource$StubPropertySource
2023-11-10 11:39:21.122 INFO  [restartedMain] [c.u.j.EncryptablePropertySourceConverter] - Skipping PropertySource servletContextInitParams [class org.springframework.core.env.PropertySource$StubPropertySource
2023-11-10 11:39:21.126 INFO  [restartedMain] [c.u.j.EncryptablePropertySourceConverter] - Converting PropertySource systemProperties [org.springframework.core.env.PropertiesPropertySource] to EncryptableMapPropertySourceWrapper
2023-11-10 11:39:21.127 INFO  [restartedMain] [c.u.j.EncryptablePropertySourceConverter] - Converting PropertySource systemEnvironment [org.springframework.boot.env.SystemEnvironmentPropertySourceEnvironmentPostProcessor$OriginAwareSystemEnvironmentPropertySource] to EncryptableSystemEnvironmentPropertySourceWrapper
2023-11-10 11:39:21.128 INFO  [restartedMain] [c.u.j.EncryptablePropertySourceConverter] - Converting PropertySource random [org.springframework.boot.env.RandomValuePropertySource] to EncryptablePropertySourceWrapper
2023-11-10 11:39:21.128 INFO  [restartedMain] [c.u.j.EncryptablePropertySourceConverter] - Converting PropertySource Config resource 'class path resource [application.yml]' via location 'optional:classpath:/' [org.springframework.boot.env.OriginTrackedMapPropertySource] to EncryptableMapPropertySourceWrapper
2023-11-10 11:39:21.128 INFO  [restartedMain] [c.u.j.EncryptablePropertySourceConverter] - Converting PropertySource devtools [org.springframework.core.env.MapPropertySource] to EncryptableMapPropertySourceWrapper
2023-11-10 11:39:22.876 INFO  [restartedMain] [c.u.j.filter.DefaultLazyPropertyFilter] - Property Filter custom Bean not found with name 'encryptablePropertyFilter'. Initializing Default Property Filter
2023-11-10 11:39:22.905 INFO  [restartedMain] [c.u.j.r.DefaultLazyPropertyResolver] - Property Resolver custom Bean not found with name 'encryptablePropertyResolver'. Initializing Default Property Resolver
2023-11-10 11:39:22.916 INFO  [restartedMain] [c.u.j.d.DefaultLazyPropertyDetector] - Property Detector custom Bean not found with name 'encryptablePropertyDetector'. Initializing Default Property Detector
2023-11-10 11:39:26.647 INFO  [restartedMain] [o.s.b.w.embedded.tomcat.TomcatWebServer] - Tomcat initialized with port(s): 8080 (http)
2023-11-10 11:39:26.685 INFO  [restartedMain] [o.apache.coyote.http11.Http11NioProtocol] - Initializing ProtocolHandler ["http-nio-127.0.0.1-8080"]
2023-11-10 11:39:26.692 INFO  [restartedMain] [org.apache.catalina.core.StandardService] - Starting service [Tomcat]
2023-11-10 11:39:26.692 INFO  [restartedMain] [org.apache.catalina.core.StandardEngine] - Starting Servlet engine: [Apache Tomcat/9.0.79]
2023-11-10 11:39:27.431 INFO  [restartedMain] [o.a.c.c.C.[Tomcat].[localhost].[/]] - Initializing Spring embedded WebApplicationContext
2023-11-10 11:39:27.431 INFO  [restartedMain] [o.s.b.w.s.c.ServletWebServerApplicationContext] - Root WebApplicationContext: initialization completed in 23050 ms
2023-11-10 11:39:29.118 INFO  [restartedMain] [o.hibernate.jpa.internal.util.LogHelper] - HHH000204: Processing PersistenceUnitInfo [name: default]
2023-11-10 11:39:29.454 INFO  [restartedMain] [org.hibernate.Version] - HHH000412: Hibernate ORM core version 5.6.15.Final
2023-11-10 11:39:30.294 INFO  [restartedMain] [org.hibernate.annotations.common.Version] - HCANN000001: Hibernate Commons Annotations {5.1.2.Final}
2023-11-10 11:39:30.802 INFO  [restartedMain] [com.zaxxer.hikari.HikariDataSource] - HikariPool-1 - Starting...
2023-11-10 11:39:31.935 INFO  [restartedMain] [com.zaxxer.hikari.HikariDataSource] - HikariPool-1 - Start completed.
2023-11-10 11:39:31.995 INFO  [restartedMain] [org.hibernate.dialect.Dialect] - HHH000400: Using dialect: org.hibernate.dialect.MySQL5InnoDBDialect
2023-11-10 11:39:36.040 INFO  [restartedMain] [o.h.e.t.j.p.i.JtaPlatformInitiator] - HHH000490: Using JtaPlatform implementation: [org.hibernate.engine.transaction.jta.platform.internal.NoJtaPlatform]
2023-11-10 11:39:36.089 INFO  [restartedMain] [o.s.o.j.LocalContainerEntityManagerFactoryBean] - Initialized JPA EntityManagerFactory for persistence unit 'default'
2023-11-10 11:39:47.730 INFO  [restartedMain] [o.s.b.a.e.web.EndpointLinksResolver] - Exposing 2 endpoint(s) beneath base path '/checking'
2023-11-10 11:39:48.781 INFO  [restartedMain] [o.s.b.d.a.OptionalLiveReloadServer] - LiveReload server is running on port 35729
2023-11-10 11:39:51.168 INFO  [restartedMain] [o.apache.coyote.http11.Http11NioProtocol] - Starting ProtocolHandler ["http-nio-127.0.0.1-8080"]
2023-11-10 11:39:51.217 INFO  [restartedMain] [o.s.b.w.embedded.tomcat.TomcatWebServer] - Tomcat started on port(s): 8080 (http) with context path ''
2023-11-10 11:39:51.219 INFO  [restartedMain] [c.u.j.c.RefreshScopeRefreshedEventListener] - Refreshing cached encryptable property sources on ServletWebServerInitializedEvent
2023-11-10 11:39:51.221 INFO  [restartedMain] [c.u.j.c.CachingDelegateEncryptablePropertySource] - Property Source systemProperties refreshed
2023-11-10 11:39:51.221 INFO  [restartedMain] [c.u.j.c.CachingDelegateEncryptablePropertySource] - Property Source systemEnvironment refreshed
2023-11-10 11:39:51.222 INFO  [restartedMain] [c.u.j.c.CachingDelegateEncryptablePropertySource] - Property Source random refreshed
2023-11-10 11:39:51.222 INFO  [restartedMain] [c.u.j.c.CachingDelegateEncryptablePropertySource] - Property Source Config resource 'class path resource [application.yml]' via location 'optional:classpath:/' refreshed
2023-11-10 11:39:51.222 INFO  [restartedMain] [c.u.j.c.CachingDelegateEncryptablePropertySource] - Property Source devtools refreshed
2023-11-10 11:39:51.223 INFO  [restartedMain] [c.u.j.EncryptablePropertySourceConverter] - Converting PropertySource server.ports [org.springframework.core.env.MapPropertySource] to EncryptableMapPropertySourceWrapper
2023-11-10 11:39:51.223 INFO  [restartedMain] [c.u.j.EncryptablePropertySourceConverter] - Skipping PropertySource configurationProperties [class org.springframework.boot.context.properties.source.ConfigurationPropertySourcesPropertySource
2023-11-10 11:39:51.223 INFO  [restartedMain] [c.u.j.EncryptablePropertySourceConverter] - Skipping PropertySource servletConfigInitParams [class org.springframework.core.env.PropertySource$StubPropertySource
2023-11-10 11:39:51.224 INFO  [restartedMain] [c.u.j.EncryptablePropertySourceConverter] - Converting PropertySource servletContextInitParams [org.springframework.web.context.support.ServletContextPropertySource] to EncryptableEnumerablePropertySourceWrapper
2023-11-10 11:39:51.225 INFO  [restartedMain] [c.u.j.EncryptablePropertySourceConverter] - Converting PropertySource Management Server [org.springframework.boot.actuate.autoconfigure.web.server.ManagementContextAutoConfiguration$SameManagementContextConfiguration$1] to EncryptablePropertySourceWrapper
2023-11-10 11:39:52.441 INFO  [http-nio-127.0.0.1-8080-exec-1] [o.a.c.c.C.[Tomcat].[localhost].[/]] - Initializing Spring DispatcherServlet 'dispatcherServlet'
2023-11-10 11:39:52.442 INFO  [http-nio-127.0.0.1-8080-exec-1] [o.s.web.servlet.DispatcherServlet] - Initializing Servlet 'dispatcherServlet'
2023-11-10 11:39:52.448 INFO  [http-nio-127.0.0.1-8080-exec-1] [o.s.web.servlet.DispatcherServlet] - Completed initialization in 5 ms
2023-11-10 11:39:52.525 INFO  [http-nio-127.0.0.1-8080-exec-1] [c.b.back_bipatv.interceptor.Interceptor] - 사용자: 비회원 호출 url: /video/detail/6962459b-018b-1000-0000-80bf0ddb0000
2023-11-10 11:39:52.642 WARN  [http-nio-127.0.0.1-8080-exec-1] [o.a.m.c.t.i.m.jdbc.AbstractJDBCDataModel] - You are not using ConnectionPoolDataSource. Make sure your DataSource pools connections to the database itself, or database performance will be severely reduced.
2023-11-10 11:39:53.235 INFO  [restartedMain] [c.b.back_bipatv.BackBipaTvApplication] - Started BackBipaTvApplication in 51.137 seconds (JVM running for 53.833)
2023-11-10 11:45:12.029 WARN  [HikariPool-1 housekeeper] [com.zaxxer.hikari.pool.HikariPool] - HikariPool-1 - Thread starvation or clock leap detected (housekeeper delta=4m59s480ms521µs300ns).
2023-11-10 11:45:12.043 INFO  [http-nio-127.0.0.1-8080-exec-2] [c.b.back_bipatv.interceptor.Interceptor] - 사용자: 비회원 호출 url: /video/detail/aee36157-018b-1000-ffff-ce5b556e0000
2023-11-10 11:45:12.046 WARN  [http-nio-127.0.0.1-8080-exec-2] [o.a.m.c.t.i.m.jdbc.AbstractJDBCDataModel] - You are not using ConnectionPoolDataSource. Make sure your DataSource pools connections to the database itself, or database performance will be severely reduced.
2023-11-10 11:45:12.222 INFO  [http-nio-127.0.0.1-8080-exec-1] [c.b.back_bipatv.interceptor.Interceptor] - afterCompletion Response status: 400
2023-11-10 11:45:19.696 INFO  [SpringApplicationShutdownHook] [o.s.o.j.LocalContainerEntityManagerFactoryBean] - Closing JPA EntityManagerFactory for persistence unit 'default'
2023-11-10 11:45:19.713 INFO  [SpringApplicationShutdownHook] [com.zaxxer.hikari.HikariDataSource] - HikariPool-1 - Shutdown initiated...
2023-11-10 11:45:19.777 INFO  [SpringApplicationShutdownHook] [com.zaxxer.hikari.HikariDataSource] - HikariPool-1 - Shutdown completed.
2023-11-10 11:45:27.315 INFO  [restartedMain] [c.b.back_bipatv.BackBipaTvApplication] - Starting BackBipaTvApplication using Java 11.0.19 on DESKTOP-D6RL7LJ with PID 15304 (C:\Users\HE-Jeon\Desktop\Bit\teamProject\api\out\production\classes started by HE-Jeon in C:\Users\HE-Jeon\Desktop\Bit\teamProject\api)
2023-11-10 11:45:27.322 INFO  [restartedMain] [c.b.back_bipatv.BackBipaTvApplication] - No active profile set, falling back to 1 default profile: "default"
2023-11-10 11:45:27.343 INFO  [background-preinit] [o.h.validator.internal.util.Version] - HV000001: Hibernate Validator 6.2.5.Final
2023-11-10 11:45:27.581 INFO  [restartedMain] [o.s.b.d.e.DevToolsPropertyDefaultsPostProcessor] - Devtools property defaults active! Set 'spring.devtools.add-properties' to 'false' to disable
2023-11-10 11:45:27.581 INFO  [restartedMain] [o.s.b.d.e.DevToolsPropertyDefaultsPostProcessor] - For additional web related logging consider setting the 'logging.level.web' property to 'DEBUG'
2023-11-10 11:45:39.320 WARN  [restartedMain] [com.amazonaws.util.EC2MetadataUtils] - Unable to retrieve the requested metadata (/latest/meta-data/instance-id). Failed to connect to service endpoint: 
com.amazonaws.SdkClientException: Failed to connect to service endpoint: 
	at com.amazonaws.internal.EC2ResourceFetcher.doReadResource(EC2ResourceFetcher.java:112)
	at com.amazonaws.internal.EC2ResourceFetcher.doReadResource(EC2ResourceFetcher.java:70)
	at com.amazonaws.internal.InstanceMetadataServiceResourceFetcher.readResource(InstanceMetadataServiceResourceFetcher.java:75)
	at com.amazonaws.internal.EC2ResourceFetcher.readResource(EC2ResourceFetcher.java:66)
	at com.amazonaws.util.EC2MetadataUtils.getItems(EC2MetadataUtils.java:407)
	at com.amazonaws.util.EC2MetadataUtils.getData(EC2MetadataUtils.java:376)
	at org.springframework.cloud.aws.context.support.env.AwsCloudEnvironmentCheckUtils.isRunningOnCloudEnvironment(AwsCloudEnvironmentCheckUtils.java:38)
	at org.springframework.cloud.aws.context.annotation.OnAwsCloudEnvironmentCondition.matches(OnAwsCloudEnvironmentCondition.java:37)
	at org.springframework.context.annotation.ConditionEvaluator.shouldSkip(ConditionEvaluator.java:108)
	at org.springframework.context.annotation.ConfigurationClassParser.processConfigurationClass(ConfigurationClassParser.java:225)
	at org.springframework.context.annotation.ConfigurationClassParser.processImports(ConfigurationClassParser.java:599)
	at org.springframework.context.annotation.ConfigurationClassParser.access$800(ConfigurationClassParser.java:110)
	at org.springframework.context.annotation.ConfigurationClassParser$DeferredImportSelectorGroupingHandler.lambda$processGroupImports$1(ConfigurationClassParser.java:812)
	at java.base/java.util.ArrayList.forEach(ArrayList.java:1541)
	at org.springframework.context.annotation.ConfigurationClassParser$DeferredImportSelectorGroupingHandler.processGroupImports(ConfigurationClassParser.java:809)
	at org.springframework.context.annotation.ConfigurationClassParser$DeferredImportSelectorHandler.process(ConfigurationClassParser.java:780)
	at org.springframework.context.annotation.ConfigurationClassParser.parse(ConfigurationClassParser.java:192)
	at org.springframework.context.annotation.ConfigurationClassPostProcessor.processConfigBeanDefinitions(ConfigurationClassPostProcessor.java:331)
	at org.springframework.context.annotation.ConfigurationClassPostProcessor.postProcessBeanDefinitionRegistry(ConfigurationClassPostProcessor.java:247)
	at org.springframework.context.support.PostProcessorRegistrationDelegate.invokeBeanDefinitionRegistryPostProcessors(PostProcessorRegistrationDelegate.java:311)
	at org.springframework.context.support.PostProcessorRegistrationDelegate.invokeBeanFactoryPostProcessors(PostProcessorRegistrationDelegate.java:112)
	at org.springframework.context.support.AbstractApplicationContext.invokeBeanFactoryPostProcessors(AbstractApplicationContext.java:748)
	at org.springframework.context.support.AbstractApplicationContext.refresh(AbstractApplicationContext.java:564)
	at org.springframework.boot.web.servlet.context.ServletWebServerApplicationContext.refresh(ServletWebServerApplicationContext.java:147)
	at org.springframework.boot.SpringApplication.refresh(SpringApplication.java:731)
	at org.springframework.boot.SpringApplication.refreshContext(SpringApplication.java:408)
	at org.springframework.boot.SpringApplication.run(SpringApplication.java:307)
	at org.springframework.boot.SpringApplication.run(SpringApplication.java:1303)
	at org.springframework.boot.SpringApplication.run(SpringApplication.java:1292)
	at com.bipa4.back_bipatv.BackBipaTvApplication.main(BackBipaTvApplication.java:16)
	at java.base/jdk.internal.reflect.NativeMethodAccessorImpl.invoke0(Native Method)
	at java.base/jdk.internal.reflect.NativeMethodAccessorImpl.invoke(NativeMethodAccessorImpl.java:62)
	at java.base/jdk.internal.reflect.DelegatingMethodAccessorImpl.invoke(DelegatingMethodAccessorImpl.java:43)
	at java.base/java.lang.reflect.Method.invoke(Method.java:566)
	at org.springframework.boot.devtools.restart.RestartLauncher.run(RestartLauncher.java:50)
Caused by: java.net.SocketTimeoutException: connect timed out
	at java.base/java.net.PlainSocketImpl.waitForConnect(Native Method)
	at java.base/java.net.PlainSocketImpl.socketConnect(PlainSocketImpl.java:107)
	at java.base/java.net.AbstractPlainSocketImpl.doConnect(AbstractPlainSocketImpl.java:412)
	at java.base/java.net.AbstractPlainSocketImpl.connectToAddress(AbstractPlainSocketImpl.java:255)
	at java.base/java.net.AbstractPlainSocketImpl.connect(AbstractPlainSocketImpl.java:237)
	at java.base/java.net.Socket.connect(Socket.java:609)
	at java.base/sun.net.NetworkClient.doConnect(NetworkClient.java:177)
	at java.base/sun.net.www.http.HttpClient.openServer(HttpClient.java:507)
	at java.base/sun.net.www.http.HttpClient.openServer(HttpClient.java:602)
	at java.base/sun.net.www.http.HttpClient.<init>(HttpClient.java:275)
	at java.base/sun.net.www.http.HttpClient.New(HttpClient.java:374)
	at java.base/sun.net.www.http.HttpClient.New(HttpClient.java:395)
	at java.base/sun.net.www.protocol.http.HttpURLConnection.getNewHttpClient(HttpURLConnection.java:1253)
	at java.base/sun.net.www.protocol.http.HttpURLConnection.plainConnect0(HttpURLConnection.java:1232)
	at java.base/sun.net.www.protocol.http.HttpURLConnection.plainConnect(HttpURLConnection.java:1081)
	at java.base/sun.net.www.protocol.http.HttpURLConnection.connect(HttpURLConnection.java:1015)
	at com.amazonaws.internal.ConnectionUtils.connectToEndpoint(ConnectionUtils.java:95)
	at com.amazonaws.internal.EC2ResourceFetcher.doReadResource(EC2ResourceFetcher.java:84)
	... 34 common frames omitted
2023-11-10 11:45:40.701 INFO  [restartedMain] [o.s.d.r.c.RepositoryConfigurationDelegate] - Multiple Spring Data modules found, entering strict repository configuration mode
2023-11-10 11:45:40.709 INFO  [restartedMain] [o.s.d.r.c.RepositoryConfigurationDelegate] - Bootstrapping Spring Data JPA repositories in DEFAULT mode.
2023-11-10 11:45:41.604 INFO  [restartedMain] [o.s.d.r.c.RepositoryConfigurationDelegate] - Finished Spring Data repository scanning in 859 ms. Found 6 JPA repository interfaces.
2023-11-10 11:45:41.657 INFO  [restartedMain] [o.s.d.r.c.RepositoryConfigurationDelegate] - Multiple Spring Data modules found, entering strict repository configuration mode
2023-11-10 11:45:41.661 INFO  [restartedMain] [o.s.d.r.c.RepositoryConfigurationDelegate] - Bootstrapping Spring Data Redis repositories in DEFAULT mode.
2023-11-10 11:45:41.757 INFO  [restartedMain] [o.s.d.r.c.RepositoryConfigurationExtensionSupport] - Spring Data Redis - Could not safely identify store assignment for repository candidate interface com.bipa4.back_bipatv.repository.AccountRepository; If you want this repository to be a Redis repository, consider annotating your entities with one of these annotations: org.springframework.data.redis.core.RedisHash (preferred), or consider extending one of the following types with your repository: org.springframework.data.keyvalue.repository.KeyValueRepository
2023-11-10 11:45:41.759 INFO  [restartedMain] [o.s.d.r.c.RepositoryConfigurationExtensionSupport] - Spring Data Redis - Could not safely identify store assignment for repository candidate interface com.bipa4.back_bipatv.repository.ChannelRepository; If you want this repository to be a Redis repository, consider annotating your entities with one of these annotations: org.springframework.data.redis.core.RedisHash (preferred), or consider extending one of the following types with your repository: org.springframework.data.keyvalue.repository.KeyValueRepository
2023-11-10 11:45:41.760 INFO  [restartedMain] [o.s.d.r.c.RepositoryConfigurationExtensionSupport] - Spring Data Redis - Could not safely identify store assignment for repository candidate interface com.bipa4.back_bipatv.repository.CommentRepository; If you want this repository to be a Redis repository, consider annotating your entities with one of these annotations: org.springframework.data.redis.core.RedisHash (preferred), or consider extending one of the following types with your repository: org.springframework.data.keyvalue.repository.KeyValueRepository
2023-11-10 11:45:41.761 INFO  [restartedMain] [o.s.d.r.c.RepositoryConfigurationExtensionSupport] - Spring Data Redis - Could not safely identify store assignment for repository candidate interface com.bipa4.back_bipatv.repository.LogRepository; If you want this repository to be a Redis repository, consider annotating your entities with one of these annotations: org.springframework.data.redis.core.RedisHash (preferred), or consider extending one of the following types with your repository: org.springframework.data.keyvalue.repository.KeyValueRepository
2023-11-10 11:45:41.765 INFO  [restartedMain] [o.s.d.r.c.RepositoryConfigurationExtensionSupport] - Spring Data Redis - Could not safely identify store assignment for repository candidate interface com.bipa4.back_bipatv.repository.VideoChannelRepository; If you want this repository to be a Redis repository, consider annotating your entities with one of these annotations: org.springframework.data.redis.core.RedisHash (preferred), or consider extending one of the following types with your repository: org.springframework.data.keyvalue.repository.KeyValueRepository
2023-11-10 11:45:41.766 INFO  [restartedMain] [o.s.d.r.c.RepositoryConfigurationExtensionSupport] - Spring Data Redis - Could not safely identify store assignment for repository candidate interface com.bipa4.back_bipatv.repository.VideoRepository; If you want this repository to be a Redis repository, consider annotating your entities with one of these annotations: org.springframework.data.redis.core.RedisHash (preferred), or consider extending one of the following types with your repository: org.springframework.data.keyvalue.repository.KeyValueRepository
2023-11-10 11:45:41.767 INFO  [restartedMain] [o.s.d.r.c.RepositoryConfigurationDelegate] - Finished Spring Data repository scanning in 77 ms. Found 0 Redis repository interfaces.
2023-11-10 11:45:43.291 INFO  [restartedMain] [c.u.j.c.EnableEncryptablePropertiesBeanFactoryPostProcessor] - Post-processing PropertySource instances
2023-11-10 11:45:43.294 INFO  [restartedMain] [c.u.j.EncryptablePropertySourceConverter] - Skipping PropertySource configurationProperties [class org.springframework.boot.context.properties.source.ConfigurationPropertySourcesPropertySource
2023-11-10 11:45:43.301 INFO  [restartedMain] [c.u.j.EncryptablePropertySourceConverter] - Skipping PropertySource servletConfigInitParams [class org.springframework.core.env.PropertySource$StubPropertySource
2023-11-10 11:45:43.301 INFO  [restartedMain] [c.u.j.EncryptablePropertySourceConverter] - Skipping PropertySource servletContextInitParams [class org.springframework.core.env.PropertySource$StubPropertySource
2023-11-10 11:45:43.305 INFO  [restartedMain] [c.u.j.EncryptablePropertySourceConverter] - Converting PropertySource systemProperties [org.springframework.core.env.PropertiesPropertySource] to EncryptableMapPropertySourceWrapper
2023-11-10 11:45:43.306 INFO  [restartedMain] [c.u.j.EncryptablePropertySourceConverter] - Converting PropertySource systemEnvironment [org.springframework.boot.env.SystemEnvironmentPropertySourceEnvironmentPostProcessor$OriginAwareSystemEnvironmentPropertySource] to EncryptableSystemEnvironmentPropertySourceWrapper
2023-11-10 11:45:43.306 INFO  [restartedMain] [c.u.j.EncryptablePropertySourceConverter] - Converting PropertySource random [org.springframework.boot.env.RandomValuePropertySource] to EncryptablePropertySourceWrapper
2023-11-10 11:45:43.307 INFO  [restartedMain] [c.u.j.EncryptablePropertySourceConverter] - Converting PropertySource Config resource 'class path resource [application.yml]' via location 'optional:classpath:/' [org.springframework.boot.env.OriginTrackedMapPropertySource] to EncryptableMapPropertySourceWrapper
2023-11-10 11:45:43.307 INFO  [restartedMain] [c.u.j.EncryptablePropertySourceConverter] - Converting PropertySource devtools [org.springframework.core.env.MapPropertySource] to EncryptableMapPropertySourceWrapper
2023-11-10 11:45:44.986 INFO  [restartedMain] [c.u.j.filter.DefaultLazyPropertyFilter] - Property Filter custom Bean not found with name 'encryptablePropertyFilter'. Initializing Default Property Filter
2023-11-10 11:45:45.012 INFO  [restartedMain] [c.u.j.r.DefaultLazyPropertyResolver] - Property Resolver custom Bean not found with name 'encryptablePropertyResolver'. Initializing Default Property Resolver
2023-11-10 11:45:45.019 INFO  [restartedMain] [c.u.j.d.DefaultLazyPropertyDetector] - Property Detector custom Bean not found with name 'encryptablePropertyDetector'. Initializing Default Property Detector
2023-11-10 11:45:48.473 INFO  [restartedMain] [o.s.b.w.embedded.tomcat.TomcatWebServer] - Tomcat initialized with port(s): 8080 (http)
2023-11-10 11:45:48.512 INFO  [restartedMain] [o.apache.coyote.http11.Http11NioProtocol] - Initializing ProtocolHandler ["http-nio-127.0.0.1-8080"]
2023-11-10 11:45:48.519 INFO  [restartedMain] [org.apache.catalina.core.StandardService] - Starting service [Tomcat]
2023-11-10 11:45:48.521 INFO  [restartedMain] [org.apache.catalina.core.StandardEngine] - Starting Servlet engine: [Apache Tomcat/9.0.79]
2023-11-10 11:45:49.314 INFO  [restartedMain] [o.a.c.c.C.[Tomcat].[localhost].[/]] - Initializing Spring embedded WebApplicationContext
2023-11-10 11:45:49.314 INFO  [restartedMain] [o.s.b.w.s.c.ServletWebServerApplicationContext] - Root WebApplicationContext: initialization completed in 21731 ms
2023-11-10 11:45:50.785 INFO  [restartedMain] [o.hibernate.jpa.internal.util.LogHelper] - HHH000204: Processing PersistenceUnitInfo [name: default]
2023-11-10 11:45:51.036 INFO  [restartedMain] [org.hibernate.Version] - HHH000412: Hibernate ORM core version 5.6.15.Final
2023-11-10 11:45:51.934 INFO  [restartedMain] [org.hibernate.annotations.common.Version] - HCANN000001: Hibernate Commons Annotations {5.1.2.Final}
2023-11-10 11:45:52.415 INFO  [restartedMain] [com.zaxxer.hikari.HikariDataSource] - HikariPool-1 - Starting...
2023-11-10 11:45:53.550 INFO  [restartedMain] [com.zaxxer.hikari.HikariDataSource] - HikariPool-1 - Start completed.
2023-11-10 11:45:53.623 INFO  [restartedMain] [org.hibernate.dialect.Dialect] - HHH000400: Using dialect: org.hibernate.dialect.MySQL5InnoDBDialect
2023-11-10 11:45:57.806 INFO  [restartedMain] [o.h.e.t.j.p.i.JtaPlatformInitiator] - HHH000490: Using JtaPlatform implementation: [org.hibernate.engine.transaction.jta.platform.internal.NoJtaPlatform]
2023-11-10 11:45:57.837 INFO  [restartedMain] [o.s.o.j.LocalContainerEntityManagerFactoryBean] - Initialized JPA EntityManagerFactory for persistence unit 'default'
2023-11-10 11:46:07.750 INFO  [restartedMain] [o.s.b.a.e.web.EndpointLinksResolver] - Exposing 2 endpoint(s) beneath base path '/checking'
2023-11-10 11:46:08.797 INFO  [restartedMain] [o.s.b.d.a.OptionalLiveReloadServer] - LiveReload server is running on port 35729
2023-11-10 11:46:10.878 INFO  [restartedMain] [o.apache.coyote.http11.Http11NioProtocol] - Starting ProtocolHandler ["http-nio-127.0.0.1-8080"]
2023-11-10 11:46:10.915 INFO  [restartedMain] [o.s.b.w.embedded.tomcat.TomcatWebServer] - Tomcat started on port(s): 8080 (http) with context path ''
2023-11-10 11:46:10.917 INFO  [restartedMain] [c.u.j.c.RefreshScopeRefreshedEventListener] - Refreshing cached encryptable property sources on ServletWebServerInitializedEvent
2023-11-10 11:46:10.918 INFO  [restartedMain] [c.u.j.c.CachingDelegateEncryptablePropertySource] - Property Source systemProperties refreshed
2023-11-10 11:46:10.918 INFO  [restartedMain] [c.u.j.c.CachingDelegateEncryptablePropertySource] - Property Source systemEnvironment refreshed
2023-11-10 11:46:10.919 INFO  [restartedMain] [c.u.j.c.CachingDelegateEncryptablePropertySource] - Property Source random refreshed
2023-11-10 11:46:10.919 INFO  [restartedMain] [c.u.j.c.CachingDelegateEncryptablePropertySource] - Property Source Config resource 'class path resource [application.yml]' via location 'optional:classpath:/' refreshed
2023-11-10 11:46:10.919 INFO  [restartedMain] [c.u.j.c.CachingDelegateEncryptablePropertySource] - Property Source devtools refreshed
2023-11-10 11:46:10.919 INFO  [restartedMain] [c.u.j.EncryptablePropertySourceConverter] - Converting PropertySource server.ports [org.springframework.core.env.MapPropertySource] to EncryptableMapPropertySourceWrapper
2023-11-10 11:46:10.920 INFO  [restartedMain] [c.u.j.EncryptablePropertySourceConverter] - Skipping PropertySource configurationProperties [class org.springframework.boot.context.properties.source.ConfigurationPropertySourcesPropertySource
2023-11-10 11:46:10.920 INFO  [restartedMain] [c.u.j.EncryptablePropertySourceConverter] - Skipping PropertySource servletConfigInitParams [class org.springframework.core.env.PropertySource$StubPropertySource
2023-11-10 11:46:10.920 INFO  [restartedMain] [c.u.j.EncryptablePropertySourceConverter] - Converting PropertySource servletContextInitParams [org.springframework.web.context.support.ServletContextPropertySource] to EncryptableEnumerablePropertySourceWrapper
2023-11-10 11:46:10.921 INFO  [restartedMain] [c.u.j.EncryptablePropertySourceConverter] - Converting PropertySource Management Server [org.springframework.boot.actuate.autoconfigure.web.server.ManagementContextAutoConfiguration$SameManagementContextConfiguration$1] to EncryptablePropertySourceWrapper
2023-11-10 11:46:12.396 INFO  [http-nio-127.0.0.1-8080-exec-1] [o.a.c.c.C.[Tomcat].[localhost].[/]] - Initializing Spring DispatcherServlet 'dispatcherServlet'
2023-11-10 11:46:12.397 INFO  [http-nio-127.0.0.1-8080-exec-1] [o.s.web.servlet.DispatcherServlet] - Initializing Servlet 'dispatcherServlet'
2023-11-10 11:46:12.404 INFO  [http-nio-127.0.0.1-8080-exec-1] [o.s.web.servlet.DispatcherServlet] - Completed initialization in 7 ms
2023-11-10 11:46:12.491 INFO  [http-nio-127.0.0.1-8080-exec-1] [c.b.back_bipatv.interceptor.Interceptor] - 사용자: 비회원 호출 url: /video/detail/aee36157-018b-1000-ffff-ce5b556e0000
2023-11-10 11:46:12.627 WARN  [http-nio-127.0.0.1-8080-exec-1] [o.a.m.c.t.i.m.jdbc.AbstractJDBCDataModel] - You are not using ConnectionPoolDataSource. Make sure your DataSource pools connections to the database itself, or database performance will be severely reduced.
2023-11-10 11:46:12.893 INFO  [restartedMain] [c.b.back_bipatv.BackBipaTvApplication] - Started BackBipaTvApplication in 47.453 seconds (JVM running for 49.83)
2023-11-10 11:46:24.032 INFO  [http-nio-127.0.0.1-8080-exec-1] [c.b.back_bipatv.interceptor.Interceptor] - postHandle response status: 200
2023-11-10 11:46:24.034 INFO  [http-nio-127.0.0.1-8080-exec-1] [c.b.back_bipatv.interceptor.Interceptor] - afterCompletion Response status: 200
